# Blender 3.5.1
# www.blender.org
mtllib SM_eniac.mtl
o Cube
v 0.709731 2.843045 0.000000
v -0.709731 2.843045 0.000000
v -0.709731 1.020640 0.000000
v -0.709731 2.297050 0.000000
v 0.709731 2.843045 1.246483
v -0.709731 2.843045 1.246483
v -0.709731 1.020640 1.246483
v -0.709731 2.297050 1.246483
v -0.709731 2.843045 -1.246483
v -0.709731 1.020640 -1.246483
v -0.709731 2.297050 -1.246483
v 0.709731 2.843045 -1.246483
v 0.709731 2.843045 -0.623242
v -0.709731 1.020640 -0.623242
v -0.709731 2.297050 -0.623242
v -0.709731 1.020640 -1.156328
v -0.709731 2.297050 -1.156328
v -0.709731 2.843045 -0.075391
v -0.709731 1.020640 -0.075391
v -0.709731 2.297050 -0.075391
v 0.709731 3.861815 0.000000
v -0.709731 3.861815 0.000000
v -0.709731 3.861815 1.246483
v 0.709731 3.861815 1.246483
v 0.709731 3.861815 -1.246483
v -0.709731 3.861815 -1.246483
v -0.709731 3.861815 -0.075391
v 0.668447 2.949579 -0.642864
v -0.709731 2.843045 2.428930
v -0.709731 1.020640 2.428930
v -0.709731 2.297050 2.428930
v -0.709731 3.861815 2.428930
v -0.709731 2.843045 1.321189
v -0.709731 1.020640 1.321189
v -0.709731 2.297050 1.321189
v -0.709731 3.861815 1.321189
v -0.709731 2.843045 -2.408201
v -0.709731 1.020640 -2.408201
v -0.709731 2.297050 -2.408201
v 0.709731 2.843045 -2.408201
v 0.709731 3.861815 -2.408201
v -0.709731 3.861815 -2.408201
v 0.709731 2.843045 -1.318372
v 0.709731 3.861815 -1.318372
v -0.709731 2.843045 -1.318372
v -0.709731 1.020640 -1.318372
v -0.709731 2.297050 -1.318372
v -0.709731 3.861815 -1.318372
v 0.709731 3.975164 0.000000
v -0.709731 3.975164 0.000000
v -0.709731 3.975164 1.246483
v 0.709731 3.975164 1.246483
v 0.709731 3.975164 -1.246483
v -0.709731 3.975164 -1.246483
v -0.709731 3.975164 -0.623242
v 0.709731 3.975164 -0.623242
v 0.709731 3.975164 -1.156328
v -0.709731 3.975164 -1.156328
v -0.709731 3.975164 -0.075391
v 0.709731 3.975164 -0.075391
v -0.709731 3.975164 2.428930
v 0.709731 3.975164 2.428930
v 0.709731 3.975164 1.321189
v -0.709731 3.975164 1.321189
v -0.709731 3.975164 -2.408201
v -0.709731 3.975164 -1.318372
v 0.709731 4.984622 0.000000
v -0.709731 4.984622 0.000000
v -0.709731 4.984622 1.246483
v 0.709731 4.984622 1.246483
v 0.709731 4.984622 -1.246483
v -0.709731 4.984622 -1.246483
v -0.709731 4.984622 -0.623242
v 0.709731 4.984622 -0.623242
v 0.709731 4.984622 -1.156328
v -0.709731 4.984622 -1.156328
v -0.709731 4.984622 -0.075391
v 0.709731 4.984622 -0.075391
v -0.709731 4.984622 2.428930
v 0.709731 4.984622 2.428930
v 0.709731 4.984622 1.321189
v -0.709731 4.984622 1.321189
v -0.709731 4.984622 -2.408201
v -0.709731 4.984622 -1.318372
v 1.252673 2.061699 0.000000
v 1.160134 1.134854 0.000000
v 1.160134 1.134854 1.246484
v 1.252673 2.061699 1.246484
v 1.252673 2.061699 -1.246484
v 1.160134 1.134854 -1.246484
v 1.160134 1.134854 -0.623242
v 1.252673 2.061699 -0.623242
v 1.252673 2.061699 -1.156328
v 1.160134 1.134854 -1.156328
v 1.160134 1.134854 -0.075391
v 1.252673 2.061699 -0.075391
v 1.160134 1.134854 2.428930
v 1.252673 2.061699 2.428930
v 1.252673 2.061699 1.321190
v 1.160134 1.134854 1.321190
v 1.252673 2.061699 -2.408201
v 1.160134 1.134854 -2.408201
v 1.160134 1.134854 -1.318372
v 1.252673 2.061699 -1.318372
v 0.704731 5.214559 -2.492967
v 0.704731 5.219559 -2.487967
v 0.709731 5.214559 -2.487967
v 0.704731 -0.011615 -2.487967
v 0.704731 -0.006615 -2.492967
v 0.709731 -0.006615 -2.487967
v 0.704731 5.214559 2.492967
v 0.709731 5.214559 2.487967
v 0.704731 5.219559 2.487967
v 0.709731 -0.006615 2.487967
v 0.704731 -0.006615 2.492967
v 0.704731 -0.011615 2.487967
v -0.709731 5.214559 -2.487967
v -0.704731 5.219559 -2.487967
v -0.704731 5.214559 -2.492967
v -0.704731 -0.011615 -2.487967
v -0.709731 -0.006615 -2.487967
v -0.704731 -0.006615 -2.492967
v -0.709731 5.214559 2.487967
v -0.704731 5.214559 2.492967
v -0.704731 5.219559 2.487967
v -0.709731 -0.006615 2.487967
v -0.704731 -0.011615 2.487967
v -0.704731 -0.006615 2.492967
v 0.709731 2.843045 -2.487967
v 0.704731 2.843045 -2.492967
v -0.704731 2.843045 2.492967
v -0.709731 2.843045 2.487967
v 0.704731 2.843045 2.492967
v 0.709731 2.843045 2.487967
v -0.704731 2.843045 -2.492967
v -0.709731 2.843045 -2.487967
v 0.709731 1.015640 -2.487967
v 0.704731 1.024530 -2.492967
v 0.714578 1.021869 -2.487967
v 0.709731 1.015640 2.487967
v 0.714578 1.021869 2.487967
v 0.704731 1.024530 2.492967
v -0.709731 1.020640 -2.487967
v -0.704731 1.020640 -2.492967
v -0.704731 1.020640 2.492967
v -0.709731 1.020640 2.487967
v -0.709731 2.297050 2.487967
v -0.704731 2.297050 2.492967
v 0.709731 2.302050 -2.487967
v 0.714319 2.295062 -2.487967
v 0.704731 2.293768 -2.492967
v 0.709731 2.302050 2.487967
v 0.704731 2.293768 2.492967
v 0.714319 2.295062 2.487967
v -0.709731 2.297050 -2.487967
v -0.704731 2.297050 -2.492967
v 1.794088 1.821586 -2.487967
v 1.789470 1.823561 -2.492967
v 1.791027 1.828336 -2.487967
v 1.612063 1.253829 -2.487967
v 1.605690 1.247839 -2.487967
v 1.606621 1.253233 -2.492967
v 1.789470 1.823561 2.492967
v 1.794087 1.821586 2.487967
v 1.791026 1.828336 2.487967
v 1.606621 1.253233 2.492967
v 1.605690 1.247839 2.487967
v 1.612063 1.253829 2.487967
v -0.704731 -0.011615 0.000000
v -0.709731 -0.006615 0.000000
v 0.704731 5.219559 0.000000
v 0.709731 5.214559 0.000000
v -0.704731 5.219559 0.000000
v -0.709731 5.214559 0.000000
v 0.704731 -0.011615 0.000000
v 0.709731 -0.006615 0.000000
v 0.714578 1.021869 0.000000
v 0.709731 1.015640 0.000000
v 0.709731 2.302050 0.000000
v 0.714319 2.295062 0.000000
v 1.612063 1.253829 0.000000
v 1.605690 1.247839 0.000000
v 1.791026 1.828336 0.000000
v 1.794087 1.821586 0.000000
v -0.704731 -0.011615 1.246483
v -0.709731 -0.006615 1.246483
v 0.704731 5.219559 1.246483
v 0.709731 5.214559 1.246483
v 0.714578 1.021869 1.246483
v 0.709731 1.015640 1.246483
v 0.709731 2.302050 1.246483
v 0.714319 2.295062 1.246483
v 1.612063 1.253829 1.246484
v 1.605690 1.247839 1.246484
v 1.791026 1.828336 1.246484
v 1.794087 1.821586 1.246484
v -0.709731 5.214559 1.246483
v -0.704731 5.219559 1.246483
v 0.709731 -0.006615 1.246483
v 0.704731 -0.011615 1.246483
v -0.704731 5.219559 -1.246483
v -0.709731 5.214559 -1.246483
v 0.704731 -0.011615 -1.246483
v 0.709731 -0.006615 -1.246483
v -0.704731 -0.011615 -1.246483
v -0.709731 -0.006615 -1.246483
v 0.704731 5.219559 -1.246483
v 0.709731 5.214559 -1.246483
v 0.714578 1.021869 -1.246483
v 0.709731 1.015640 -1.246483
v 0.709731 2.302050 -1.246483
v 0.714319 2.295062 -1.246483
v 1.612063 1.253829 -1.246484
v 1.605690 1.247839 -1.246484
v 1.791026 1.828336 -1.246484
v 1.794087 1.821586 -1.246484
v -0.704731 -0.011615 -0.623242
v -0.709731 -0.006615 -0.623242
v 0.704731 5.219559 -0.623242
v 0.709731 5.214559 -0.623242
v 0.714578 1.021869 -0.623242
v 0.709731 1.015640 -0.623242
v 0.709731 2.302050 -0.623242
v 0.714319 2.295062 -0.623242
v 1.612063 1.253829 -0.623242
v 1.605690 1.247839 -0.623242
v 1.791026 1.828336 -0.623242
v 1.794087 1.821586 -0.623242
v -0.704731 5.219559 -0.623242
v -0.709731 5.214559 -0.623242
v 0.704731 -0.011615 -0.623242
v 0.709731 -0.006615 -0.623242
v -0.704830 2.855756 -0.624231
v -0.706361 2.846739 -0.628968
v -0.709731 2.838045 -0.618242
v -0.709731 5.214559 -1.156328
v -0.704731 5.219559 -1.156328
v 0.709731 -0.006615 -1.156328
v 0.704731 -0.011615 -1.156328
v -0.706361 2.846739 -1.149658
v -0.705144 2.855164 -1.154339
v -0.709731 2.838045 -1.161328
v -0.709731 -0.006615 -1.156328
v -0.704731 -0.011615 -1.156328
v 0.709731 5.214559 -1.156328
v 0.704731 5.219559 -1.156328
v 0.706233 2.862393 -1.152756
v 0.712271 2.829938 -1.158841
v 0.709731 1.015640 -1.156328
v 0.714578 1.021869 -1.156328
v 0.714319 2.295062 -1.156328
v 0.709731 2.302050 -1.156328
v 1.605690 1.247839 -1.156329
v 1.612063 1.253829 -1.156329
v 1.794087 1.821586 -1.156329
v 1.791026 1.828336 -1.156329
v -0.709731 -0.006615 -0.075391
v -0.704731 -0.011615 -0.075391
v 0.709731 5.214559 -0.075391
v 0.704731 5.219559 -0.075391
v 0.707190 2.857848 -0.079697
v 0.712003 2.831319 -0.071731
v 0.709731 1.015640 -0.075391
v 0.714578 1.021869 -0.075391
v 0.714319 2.295062 -0.075391
v 0.709731 2.302050 -0.075391
v 1.605690 1.247839 -0.075391
v 1.612063 1.253829 -0.075391
v 1.794087 1.821586 -0.075391
v 1.791026 1.828336 -0.075391
v -0.709731 5.214559 -0.075391
v -0.704731 5.219559 -0.075391
v 0.709731 -0.006615 -0.075391
v 0.704731 -0.011615 -0.075391
v -0.704731 3.861815 2.492967
v -0.709731 3.861815 2.487967
v 0.704731 3.861815 -2.492967
v 0.709731 3.861815 -2.487967
v 0.709731 3.861815 2.487967
v 0.704731 3.861815 2.492967
v -0.709731 3.861815 -2.487967
v -0.704731 3.861815 -2.492967
v -0.704830 3.849104 -0.624231
v -0.709731 3.866815 -0.618242
v -0.706361 3.858121 -0.628968
v 0.704800 3.860987 -0.625585
v 0.709731 3.866815 -0.623242
v 0.706233 3.856193 -1.152756
v 0.709731 3.866815 -1.161328
v 0.704800 3.860987 -1.144198
v -0.706361 3.858121 -1.149658
v -0.709731 3.866815 -1.161328
v -0.705144 3.849697 -1.154339
v 0.707190 3.856370 -0.079697
v 0.704800 3.860987 -0.093485
v 0.709731 3.866815 -0.070391
v 0.671945 2.950871 -1.117748
v 0.668447 2.949579 -1.109021
v -0.617431 3.753315 -0.641874
v -0.615900 3.758975 -0.647230
v -0.612530 3.750282 -0.647864
v -0.617431 2.951545 -0.641874
v -0.612530 2.954579 -0.647864
v -0.615900 2.945885 -0.647230
v 0.668447 3.849885 -0.642864
v 0.673378 3.855713 -0.640520
v -0.615900 2.945885 -1.110428
v -0.612530 2.954579 -1.109176
v -0.617117 2.951641 -1.116165
v 0.671945 3.850439 -1.117748
v 0.673378 3.855713 -1.112115
v 0.668447 3.849885 -1.109027
v -0.615900 3.758975 -1.110428
v -0.617117 3.753219 -1.116165
v -0.612530 3.750282 -1.109176
v 0.670988 2.951267 -0.141047
v 0.668447 2.949579 -0.150716
v 0.670988 3.850294 -0.141047
v 0.668447 3.849885 -0.150702
v 0.673378 3.855713 -0.146735
v -0.709731 -0.006615 2.428930
v -0.704731 -0.011615 2.428930
v 0.709731 5.214559 2.428930
v 0.704731 5.219559 2.428930
v 0.704731 2.843045 2.423930
v 0.704731 2.848046 2.428930
v 0.709731 2.838045 2.433930
v 0.709731 1.015640 2.428930
v 0.714578 1.021869 2.428930
v 0.714319 2.295062 2.428930
v 0.709731 2.302050 2.428930
v 1.605690 1.247839 2.428931
v 1.612063 1.253829 2.428931
v 1.794087 1.821586 2.428931
v 1.791026 1.828336 2.428931
v -0.704731 5.219559 2.428930
v -0.709731 5.214559 2.428930
v 0.704731 -0.011615 2.428930
v 0.709731 -0.006615 2.428930
v 0.704731 3.861815 2.423930
v 0.709731 3.866815 2.433930
v 0.704731 3.856815 2.428930
v -0.709731 5.214559 1.321189
v -0.704731 5.219559 1.321189
v 0.709731 -0.006615 1.321189
v 0.704731 -0.011615 1.321189
v -0.709731 -0.006615 1.321189
v -0.704731 -0.011615 1.321189
v 0.709731 5.214559 1.321189
v 0.704731 5.219559 1.321189
v 0.704731 2.843045 1.326189
v 0.709731 2.838045 1.316189
v 0.704731 2.848046 1.321189
v 0.709731 1.015640 1.321189
v 0.714578 1.021869 1.321189
v 0.714319 2.295062 1.321189
v 0.709731 2.302050 1.321189
v 1.605690 1.247839 1.321190
v 1.612063 1.253829 1.321190
v 1.794087 1.821586 1.321190
v 1.791026 1.828336 1.321190
v 0.704731 3.861815 1.326189
v 0.704731 3.856815 1.321189
v 0.709731 3.866815 1.316189
v 0.020496 2.843045 1.326189
v 0.020496 2.848046 1.321189
v 0.015496 2.848046 1.326189
v 0.020496 2.843045 2.423930
v 0.015496 2.848046 2.423930
v 0.020496 2.848046 2.428930
v 0.020496 3.861815 1.326189
v 0.015496 3.856815 1.326189
v 0.020496 3.856815 1.321189
v 0.020496 3.861815 2.423930
v 0.020496 3.856815 2.428930
v 0.015496 3.856815 2.423930
v -0.709731 5.214559 -2.408201
v -0.704731 5.219559 -2.408201
v 0.709731 -0.006615 -2.408201
v 0.704731 -0.011615 -2.408201
v -0.704731 -0.011615 -2.408201
v -0.709731 -0.006615 -2.408201
v 0.704731 5.219559 -2.408201
v 0.709731 5.214559 -2.408201
v 0.714578 1.021869 -2.408201
v 0.709731 1.015640 -2.408201
v 0.709731 2.302050 -2.408201
v 0.714319 2.295062 -2.408201
v 1.612063 1.253829 -2.408202
v 1.605690 1.247839 -2.408202
v 1.791026 1.828336 -2.408202
v 1.794087 1.821586 -2.408202
v -0.709731 -0.006615 -1.318372
v -0.704731 -0.011615 -1.318372
v 0.709731 5.214559 -1.318372
v 0.704731 5.219559 -1.318372
v 0.709731 1.015640 -1.318372
v 0.714578 1.021869 -1.318372
v 0.714319 2.295062 -1.318372
v 0.709731 2.302050 -1.318372
v 1.605690 1.247839 -1.318372
v 1.612063 1.253829 -1.318372
v 1.794087 1.821586 -1.318372
v 1.791026 1.828336 -1.318372
v -0.709731 5.214559 -1.318372
v -0.704731 5.219559 -1.318372
v 0.709731 -0.006615 -1.318372
v 0.704731 -0.011615 -1.318372
v -0.704731 3.975164 2.492967
v -0.709731 3.975164 2.487967
v 0.704731 3.975164 -2.492967
v 0.709731 3.975164 -2.487967
v 0.709731 3.975164 2.487967
v 0.704731 3.975164 2.492967
v -0.709731 3.975164 -2.487967
v -0.704731 3.975164 -2.492967
v 0.704731 3.980164 -2.408201
v 0.704731 3.975164 -2.403201
v 0.709731 3.970164 -2.413201
v 0.704731 3.980164 -1.318372
v 0.709731 3.970164 -1.313372
v 0.704731 3.975164 -1.323372
v -0.709731 4.984622 2.487967
v -0.704731 4.984622 2.492967
v 0.704731 4.984622 -2.492967
v 0.709731 4.984622 -2.487967
v 0.709731 4.984622 2.487967
v 0.704731 4.984622 2.492967
v -0.709731 4.984622 -2.487967
v -0.704731 4.984622 -2.492967
v 0.704731 4.979621 -2.408201
v 0.709731 4.989622 -2.413201
v 0.704731 4.984622 -2.403201
v 0.704731 4.979621 -1.318372
v 0.704731 4.984622 -1.323372
v 0.709731 4.989622 -1.313372
v -0.064497 4.979621 -2.408201
v -0.064497 4.984622 -2.403201
v -0.069497 4.979621 -2.403201
v -0.064497 3.980164 -2.408201
v -0.069497 3.980164 -2.403201
v -0.064497 3.975164 -2.403201
v -0.064497 4.979621 -1.318372
v -0.069497 4.979621 -1.323372
v -0.064497 4.984622 -1.323372
v -0.064497 3.980164 -1.318372
v -0.064497 3.975164 -1.323372
v -0.069497 3.980164 -1.323372
v 1.160134 1.134854 -2.487967
v 1.160662 1.140146 -2.492967
v 1.160134 1.134854 2.487967
v 1.160662 1.140146 2.492967
v 1.252151 2.056475 -2.492967
v 1.252673 2.061699 -2.487967
v 1.252673 2.061699 2.487967
v 1.252151 2.056475 2.492967
vn 1.0000 -0.0000 -0.0000
vn -0.0000 1.0000 -0.0000
vn -1.0000 -0.0000 -0.0000
vn -0.0000 -1.0000 -0.0000
vn -0.0000 -0.0000 -1.0000
vn -0.0000 -0.0000 1.0000
vn 0.2458 -0.9693 -0.0000
vn 0.3977 0.9175 -0.0000
vn 0.9523 -0.3053 -0.0000
vn 0.9999 -0.0024 -0.0145
vn 0.9358 0.3524 -0.0022
vn 1.0000 -0.0021 -0.0021
vn -0.7387 0.6740 -0.0000
vn 0.9999 0.0012 -0.0146
vn 0.7144 -0.0000 0.6997
vn -0.1979 -0.0000 -0.9802
vn -0.3979 -0.0000 0.9174
vn 0.8612 -0.0000 -0.5082
vn 0.9353 0.3538 0.0019
vn 0.9999 0.0011 0.0159
vn 0.1655 -0.9862 -0.0000
vn -0.7387 -0.6740 -0.0000
vn 1.0000 -0.0024 0.0024
vn 0.9999 -0.0022 0.0156
vn 0.5774 0.5774 -0.5774
vn 0.5774 -0.5774 -0.5773
vn 0.5774 0.5774 0.5774
vn 0.5774 -0.5774 0.5773
vn -0.5774 0.5774 -0.5774
vn -0.5774 -0.5774 -0.5773
vn -0.5774 0.5774 0.5774
vn -0.5774 -0.5773 0.5773
vn 0.3705 -0.2882 -0.8830
vn 0.3705 -0.2882 0.8830
vn 0.4157 0.2729 -0.8676
vn 0.4157 0.2729 0.8676
vn 0.7538 0.3418 -0.5611
vn 0.5720 -0.6086 -0.5500
vn 0.7539 0.3419 0.5611
vn 0.5720 -0.6086 0.5500
vn -0.9665 0.2270 -0.1197
vn -0.9700 0.2092 0.1242
vn -0.9665 -0.2270 -0.1197
vn 0.9638 -0.1290 0.2336
vn -0.9699 -0.2092 0.1242
vn 0.9791 -0.0670 -0.1921
vn -0.8076 -0.2750 -0.5216
vn -0.8076 0.2750 -0.5216
vn -0.8534 0.2662 0.4482
vn 0.8009 -0.5251 0.2880
vn -0.8534 -0.2663 0.4482
vn 0.8094 -0.5558 -0.1895
vn 0.9045 0.3015 -0.3015
vn 0.9045 -0.3015 -0.3015
vn 0.9045 0.3015 0.3015
vn 0.9045 -0.3015 0.3015
vn 0.5773 0.5773 0.5774
vn 0.5773 0.5773 -0.5774
vn 0.5773 -0.5773 0.5774
vn 0.5773 -0.5773 -0.5774
vn 0.5774 -0.5773 0.5773
vn 0.5774 -0.5773 -0.5774
vn 0.5774 0.5773 -0.5774
vn -0.7071 -0.7071 -0.0000
vn -0.0000 -0.7071 -0.7071
vn 0.7071 -0.0000 -0.7071
vn -0.7071 -0.0000 0.7071
vn 0.7071 -0.0000 0.7071
vn -0.7071 -0.0000 -0.7071
vn -0.0000 0.7071 0.7071
vn 0.7071 0.7071 -0.0000
vn -0.0000 -0.7071 0.7071
vn -0.7071 0.7071 -0.0000
vn -0.0000 0.7071 -0.7071
vn 0.7071 -0.7071 -0.0000
vn 0.7892 -0.6141 -0.0000
vn 0.8360 0.5487 -0.0000
vn 0.6734 -0.2159 -0.7071
vn 0.6734 -0.2159 0.7071
vn 0.6849 -0.7286 -0.0000
vn 0.9107 0.4130 -0.0000
vn 0.1738 -0.6854 -0.7071
vn 0.1738 -0.6854 0.7071
vn 0.2812 0.6488 -0.7071
vn 0.2812 0.6488 0.7071
vn 0.8360 0.5488 -0.0000
vn -0.7739 -0.0000 -0.6333
vn -0.7065 -0.4190 0.5703
vn -0.9324 0.3614 -0.0000
vn 0.8393 0.0017 0.5436
vn -0.8360 -0.0000 0.5487
vn 0.9205 0.0013 -0.3908
vn 0.7634 -0.6460 -0.0000
vn -0.9324 -0.3614 -0.0000
vn 0.7634 -0.6459 -0.0000
vn 0.9281 -0.0000 0.3722
vn 0.9671 -0.0000 -0.2543
vn -0.6186 -0.4452 -0.6474
vn -0.6186 0.4452 -0.6474
vn 0.8462 0.1046 0.5226
vn -0.7065 0.4190 0.5703
vn 0.9210 0.0969 -0.3772
vn 0.6792 -0.6524 -0.3362
vn 0.5884 -0.6595 0.4679
vt 0.507230 0.203965
vt 0.293576 0.238881
vt 0.164973 0.238881
vt 0.255046 0.238881
vt 0.507230 0.305559
vt 0.293576 0.119809
vt 0.164973 0.119809
vt 0.255046 0.119809
vt 0.293576 0.357953
vt 0.164973 0.357953
vt 0.255046 0.357953
vt 0.507230 0.102372
vt 0.507230 0.153168
vt 0.164973 0.298417
vt 0.255046 0.298417
vt 0.164973 0.349340
vt 0.255046 0.349340
vt 0.293576 0.246082
vt 0.164973 0.246082
vt 0.255046 0.246082
vt 0.590220 0.203948
vt 0.365467 0.238881
vt 0.365467 0.119809
vt 0.590220 0.305541
vt 0.590220 0.102354
vt 0.365467 0.357953
vt 0.365467 0.246082
vt 0.515797 0.151546
vt 0.293576 0.006854
vt 0.164973 0.006854
vt 0.255046 0.006854
vt 0.365467 0.006854
vt 0.293576 0.112672
vt 0.164973 0.112672
vt 0.255046 0.112672
vt 0.365467 0.112672
vt 0.293576 0.468927
vt 0.164973 0.468927
vt 0.255046 0.468927
vt 0.507230 0.007687
vt 0.590220 0.007669
vt 0.365467 0.468927
vt 0.507230 0.096512
vt 0.590220 0.096495
vt 0.293576 0.364820
vt 0.164973 0.364820
vt 0.255046 0.364820
vt 0.365467 0.364820
vt 0.599454 0.203946
vt 0.373466 0.238881
vt 0.373466 0.119809
vt 0.599454 0.305539
vt 0.599454 0.102352
vt 0.373466 0.357953
vt 0.373466 0.298417
vt 0.599454 0.153149
vt 0.599454 0.109700
vt 0.373466 0.349340
vt 0.373466 0.246082
vt 0.599454 0.197801
vt 0.373466 0.006854
vt 0.599454 0.401914
vt 0.599454 0.311628
vt 0.373466 0.112672
vt 0.373466 0.468927
vt 0.373466 0.364820
vt 0.681685 0.203928
vt 0.444701 0.238881
vt 0.444701 0.119809
vt 0.681685 0.305522
vt 0.681685 0.102334
vt 0.444701 0.357953
vt 0.444701 0.298417
vt 0.681685 0.153131
vt 0.681685 0.109682
vt 0.444701 0.349340
vt 0.444701 0.246082
vt 0.681685 0.197783
vt 0.444701 0.006854
vt 0.681685 0.401896
vt 0.681685 0.311611
vt 0.444701 0.112672
vt 0.444701 0.468927
vt 0.444701 0.364820
vt 0.163648 0.682500
vt 0.899278 0.703949
vt 0.899278 0.851606
vt 0.163648 0.784501
vt 0.163648 0.580499
vt 0.899278 0.556292
vt 0.899278 0.630121
vt 0.163648 0.631499
vt 0.163648 0.587876
vt 0.899278 0.566972
vt 0.899278 0.695019
vt 0.163648 0.676331
vt 0.899278 0.991677
vt 0.163648 0.881262
vt 0.163648 0.790614
vt 0.899278 0.860456
vt 0.163648 0.485434
vt 0.899278 0.418677
vt 0.899278 0.547777
vt 0.163648 0.574616
vt 0.756762 0.833880
vt 0.001137 0.478498
vt 0.700416 0.000737
vt 0.001137 0.478912
vt 0.000737 0.478912
vt 0.700416 0.001144
vt 0.001059 0.476547
vt 0.001059 0.477025
vt 0.756762 0.409042
vt 0.702703 0.001161
vt 0.756355 0.409042
vt 0.000737 0.476547
vt 0.001137 0.891040
vt 0.577805 0.833969
vt 0.700416 0.406704
vt 0.000737 0.890627
vt 0.578212 0.833969
vt 0.577805 0.834376
vt 0.001137 0.890627
vt 0.702703 0.406124
vt 0.578212 0.409042
vt 0.000737 0.001214
vt 0.577805 0.409042
vt 0.001059 0.000737
vt 0.577805 0.408635
vt 0.001059 0.001214
vt 0.114304 0.478912
vt 0.460927 0.476547
vt 0.113903 0.478912
vt 0.871432 0.833880
vt 0.113903 0.478498
vt 0.460927 0.477025
vt 0.091808 0.476547
vt 0.092130 0.476547
vt 0.092483 0.476547
vt 0.871432 0.409042
vt 0.091808 0.477025
vt 0.092483 0.477025
vt 0.460927 0.001214
vt 0.114304 0.890627
vt 0.463160 0.833969
vt 0.460927 0.000737
vt 0.113903 0.891040
vt 0.461280 0.001214
vt 0.113903 0.890627
vt 0.092130 0.001214
vt 0.092483 0.001214
vt 0.091808 0.001214
vt 0.463160 0.409042
vt 0.091808 0.000737
vt 0.092483 0.000737
vt 0.507230 0.001185
vt 0.756762 0.640914
vt 0.507230 0.000778
vt 0.463160 0.640963
vt 0.293576 0.000737
vt 0.293576 0.001214
vt 0.577805 0.640963
vt 0.507230 0.406745
vt 0.578212 0.640963
vt 0.871432 0.640914
vt 0.293576 0.477025
vt 0.293576 0.476547
vt 0.756355 0.492221
vt 0.785854 0.001144
vt 0.756762 0.492628
vt 0.756762 0.492945
vt 0.873591 0.409228
vt 0.756355 0.492628
vt 0.786261 0.001144
vt 0.755961 0.492728
vt 0.578212 0.492239
vt 0.785854 0.406107
vt 0.873591 0.998671
vt 0.786261 0.406107
vt 0.578606 0.492746
vt 0.786261 0.406513
vt 0.577805 0.492962
vt 0.164973 0.476547
vt 0.871432 0.492628
vt 0.164973 0.477025
vt 0.463160 0.492646
vt 0.164973 0.000737
vt 0.164973 0.001214
vt 0.255046 0.001214
vt 0.463160 0.596527
vt 0.255046 0.000737
vt 0.463160 0.001195
vt 0.211115 0.478907
vt 0.462753 0.001195
vt 0.755982 0.596326
vt 0.462753 0.000787
vt 0.756762 0.596220
vt 0.578212 0.596934
vt 0.463160 0.406755
vt 0.577805 0.596527
vt 0.577805 0.596260
vt 0.211115 0.886093
vt 0.578212 0.596527
vt 0.462753 0.406755
vt 0.578585 0.596365
vt 0.255046 0.476547
vt 0.871432 0.596487
vt 0.255046 0.477025
vt 0.668135 0.557800
vt 0.260969 0.479000
vt 0.668511 0.557960
vt 0.116181 0.478907
vt 0.668384 0.558349
vt 0.261368 0.479001
vt 0.213392 0.478914
vt 0.682944 0.511602
vt 0.925245 0.409228
vt 0.683463 0.511115
vt 0.924966 0.409228
vt 0.925090 0.408635
vt 0.683387 0.511554
vt 0.666038 0.557992
vt 0.666413 0.557831
vt 0.260969 0.891795
vt 0.116181 0.886093
vt 0.261368 0.891795
vt 0.666164 0.558380
vt 0.651165 0.511576
vt 0.924966 0.998671
vt 0.651089 0.511136
vt 0.213392 0.891708
vt 0.651608 0.511624
vt 0.925245 0.998671
vt 0.091808 0.238881
vt 0.092483 0.238881
vt 0.001137 0.684769
vt 0.700416 0.203924
vt 0.000737 0.684769
vt 0.113903 0.684769
vt 0.460927 0.238881
vt 0.114304 0.684769
vt 0.001059 0.238881
vt 0.702703 0.203643
vt 0.000737 0.238881
vt 0.873591 0.703949
vt 0.786261 0.203625
vt 0.785854 0.203625
vt 0.463160 0.203975
vt 0.211115 0.682500
vt 0.462753 0.203975
vt 0.213392 0.685311
vt 0.925245 0.703949
vt 0.924966 0.703949
vt 0.116181 0.682500
vt 0.261368 0.685398
vt 0.260969 0.685397
vt 0.091808 0.119809
vt 0.092483 0.119809
vt 0.001137 0.787905
vt 0.700416 0.305518
vt 0.000737 0.787905
vt 0.873591 0.851606
vt 0.786261 0.305069
vt 0.785854 0.305069
vt 0.463160 0.305568
vt 0.211115 0.784501
vt 0.462753 0.305568
vt 0.213392 0.788717
vt 0.925245 0.851606
vt 0.924966 0.851606
vt 0.116181 0.784501
vt 0.261368 0.788804
vt 0.260969 0.788803
vt 0.460927 0.119809
vt 0.114303 0.787905
vt 0.113903 0.787905
vt 0.702703 0.305087
vt 0.000737 0.119809
vt 0.001059 0.119809
vt 0.113903 0.581634
vt 0.460927 0.357953
vt 0.114304 0.581634
vt 0.001059 0.357953
vt 0.702703 0.102199
vt 0.000737 0.357953
vt 0.091808 0.357953
vt 0.092483 0.357953
vt 0.001137 0.581634
vt 0.700416 0.102330
vt 0.000737 0.581634
vt 0.873591 0.556292
vt 0.786261 0.102181
vt 0.785854 0.102181
vt 0.463160 0.102381
vt 0.211115 0.580499
vt 0.462753 0.102381
vt 0.213392 0.581905
vt 0.925245 0.556292
vt 0.924966 0.556292
vt 0.116181 0.580499
vt 0.261368 0.581992
vt 0.260969 0.581991
vt 0.091808 0.298417
vt 0.092483 0.298417
vt 0.001137 0.633201
vt 0.700416 0.153127
vt 0.000737 0.633201
vt 0.873591 0.630121
vt 0.786261 0.152903
vt 0.785854 0.152903
vt 0.463160 0.153178
vt 0.211115 0.631499
vt 0.462753 0.153178
vt 0.213392 0.633608
vt 0.925245 0.630121
vt 0.924966 0.630121
vt 0.116181 0.631499
vt 0.261368 0.633695
vt 0.260969 0.633694
vt 0.113903 0.633201
vt 0.460927 0.298417
vt 0.114304 0.633201
vt 0.001059 0.298417
vt 0.702703 0.152921
vt 0.000737 0.298417
vt 0.294472 0.298417
vt 0.459073 0.862614
vt 0.227301 0.956714
vt 0.293576 0.298964
vt 0.459161 0.861915
vt 0.459476 0.861571
vt 0.293223 0.297939
vt 0.460927 0.349340
vt 0.114304 0.589093
vt 0.113903 0.589093
vt 0.702703 0.109536
vt 0.000737 0.349340
vt 0.001059 0.349340
vt 0.293576 0.348703
vt 0.227301 0.894481
vt 0.941198 0.085657
vt 0.294431 0.349340
vt 0.226933 0.894090
vt 0.227578 0.893683
vt 0.293223 0.349818
vt 0.092483 0.349340
vt 0.091808 0.349340
vt 0.700416 0.109678
vt 0.000737 0.589093
vt 0.001137 0.589093
vt 0.508797 0.110009
vt 0.506245 0.109518
vt 0.785854 0.109518
vt 0.873591 0.566972
vt 0.786261 0.109518
vt 0.211115 0.587876
vt 0.462753 0.109729
vt 0.463160 0.109729
vt 0.924966 0.566972
vt 0.213392 0.589384
vt 0.925245 0.566972
vt 0.260969 0.589471
vt 0.116181 0.587876
vt 0.261368 0.589471
vt 0.092483 0.246082
vt 0.091808 0.246082
vt 0.700416 0.197779
vt 0.000737 0.678531
vt 0.001137 0.678531
vt 0.508429 0.197468
vt 0.506349 0.198121
vt 0.785854 0.197490
vt 0.873591 0.695019
vt 0.786261 0.197489
vt 0.211115 0.676331
vt 0.462753 0.197830
vt 0.463160 0.197830
vt 0.924966 0.695019
vt 0.213392 0.679056
vt 0.925245 0.695019
vt 0.260969 0.679143
vt 0.116181 0.676331
vt 0.261368 0.679144
vt 0.460927 0.246082
vt 0.114304 0.678531
vt 0.113903 0.678531
vt 0.702703 0.197507
vt 0.000737 0.246082
vt 0.001059 0.246082
vt 0.463160 0.723876
vt 0.365467 0.000737
vt 0.365467 0.001214
vt 0.756762 0.723809
vt 0.590220 0.000760
vt 0.590220 0.001168
vt 0.590220 0.406727
vt 0.578212 0.723876
vt 0.577805 0.723876
vt 0.365467 0.476547
vt 0.871432 0.723809
vt 0.365467 0.477025
vt 0.459073 0.944116
vt 0.364570 0.298417
vt 0.364264 0.298580
vt 0.365467 0.297939
vt 0.365820 0.297939
vt 0.365207 0.298417
vt 0.364990 0.298964
vt 0.993987 0.696623
vt 0.590220 0.153151
vt 0.590220 0.152960
vt 0.590627 0.153151
vt 0.589753 0.109991
vt 0.590220 0.109702
vt 0.590627 0.109294
vt 0.993987 0.639332
vt 0.590220 0.110691
vt 0.590082 0.110399
vt 0.364990 0.348703
vt 0.365467 0.349340
vt 0.365820 0.349818
vt 0.941198 0.001759
vt 0.364356 0.349016
vt 0.364612 0.349340
vt 0.589770 0.197451
vt 0.993987 0.755404
vt 0.590220 0.196328
vt 0.590070 0.196533
vt 0.590220 0.197803
vt 0.590627 0.198210
vt 0.515911 0.112843
vt 0.515797 0.113552
vt 0.451879 0.936257
vt 0.351552 0.300291
vt 0.351877 0.300266
vt 0.352169 0.300708
vt 0.351691 0.300769
vt 0.351338 0.300769
vt 0.294974 0.300291
vt 0.451879 0.870473
vt 0.295188 0.300769
vt 0.219867 0.954532
vt 0.294835 0.300708
vt 0.451715 0.870049
vt 0.589136 0.151530
vt 0.992078 0.694973
vt 0.589544 0.151721
vt 0.589544 0.151530
vt 0.294835 0.344956
vt 0.219867 0.899169
vt 0.295188 0.344836
vt 0.933669 0.077519
vt 0.294980 0.345314
vt 0.219700 0.898652
vt 0.589191 0.112827
vt 0.992078 0.642876
vt 0.589544 0.113284
vt 0.589567 0.112998
vt 0.589136 0.113116
vt 0.589136 0.113536
vt 0.352169 0.344956
vt 0.933669 0.009898
vt 0.351880 0.345369
vt 0.351546 0.345314
vt 0.351691 0.344836
vt 0.351338 0.344836
vt 0.515941 0.192447
vt 0.515797 0.191658
vt 0.589176 0.192432
vt 0.589136 0.192079
vt 0.589136 0.191643
vt 0.992078 0.749522
vt 0.589544 0.191967
vt 0.589555 0.192176
vt 0.092483 0.006854
vt 0.091808 0.006854
vt 0.700416 0.401892
vt 0.000737 0.885742
vt 0.001137 0.885742
vt 0.507230 0.401526
vt 0.934896 0.298313
vt 0.318915 0.972539
vt 0.507637 0.401933
vt 0.934896 0.297899
vt 0.935296 0.297899
vt 0.506823 0.402341
vt 0.785854 0.401302
vt 0.873591 0.991678
vt 0.786261 0.401302
vt 0.211115 0.881262
vt 0.462753 0.401943
vt 0.463160 0.401943
vt 0.924966 0.991678
vt 0.213392 0.886810
vt 0.925245 0.991678
vt 0.260969 0.886897
vt 0.116181 0.881262
vt 0.261368 0.886898
vt 0.113903 0.885742
vt 0.460927 0.006854
vt 0.114304 0.885742
vt 0.001059 0.006854
vt 0.702703 0.401320
vt 0.000737 0.006854
vt 0.590220 0.401508
vt 0.880087 0.110712
vt 0.590627 0.401916
vt 0.590627 0.402323
vt 0.318915 0.890458
vt 0.590220 0.401916
vt 0.589813 0.401916
vt 0.880087 0.110216
vt 0.460927 0.112672
vt 0.114303 0.794086
vt 0.113903 0.794086
vt 0.702703 0.311167
vt 0.000737 0.112672
vt 0.001059 0.112672
vt 0.092483 0.112672
vt 0.091808 0.112672
vt 0.700416 0.311607
vt 0.000737 0.794086
vt 0.001137 0.794086
vt 0.507230 0.312055
vt 0.934896 0.389141
vt 0.506823 0.311648
vt 0.506823 0.311240
vt 0.116184 0.970481
vt 0.507230 0.311648
vt 0.507638 0.311648
vt 0.934896 0.389555
vt 0.785854 0.311149
vt 0.873591 0.860456
vt 0.786261 0.311149
vt 0.211115 0.790614
vt 0.462753 0.311657
vt 0.463160 0.311657
vt 0.924966 0.860456
vt 0.213392 0.794914
vt 0.925245 0.860456
vt 0.260969 0.795001
vt 0.116181 0.790614
vt 0.261368 0.795002
vt 0.590220 0.312038
vt 0.880086 0.219502
vt 0.116184 0.888382
vt 0.589813 0.311630
vt 0.880087 0.219998
vt 0.879753 0.219998
vt 0.590627 0.311223
vt 0.880152 0.389141
vt 0.171839 0.970481
vt 0.668418 0.835778
vt 0.880153 0.389555
vt 0.879752 0.389141
vt 0.668418 0.836184
vt 0.880153 0.298313
vt 0.879752 0.298313
vt 0.668418 0.925523
vt 0.263248 0.972539
vt 0.668418 0.925930
vt 0.880153 0.297899
vt 0.750879 0.836167
vt 0.925792 0.219502
vt 0.750472 0.836167
vt 0.171839 0.888382
vt 0.750472 0.835760
vt 0.925792 0.219998
vt 0.750879 0.925506
vt 0.925792 0.110712
vt 0.263248 0.890458
vt 0.750472 0.925913
vt 0.925792 0.110216
vt 0.926126 0.110712
vt 0.750472 0.925506
vt 0.460927 0.468927
vt 0.114304 0.485512
vt 0.113903 0.485512
vt 0.702703 0.007653
vt 0.000737 0.468927
vt 0.001059 0.468927
vt 0.091808 0.468927
vt 0.092483 0.468927
vt 0.001137 0.485512
vt 0.700416 0.007645
vt 0.000737 0.485512
vt 0.873591 0.418677
vt 0.786261 0.007635
vt 0.785854 0.007635
vt 0.463160 0.007696
vt 0.211115 0.485435
vt 0.462753 0.007696
vt 0.213392 0.485531
vt 0.925245 0.418677
vt 0.924966 0.418677
vt 0.116181 0.485434
vt 0.261368 0.485618
vt 0.260969 0.485617
vt 0.092483 0.364820
vt 0.091808 0.364820
vt 0.700416 0.096471
vt 0.000737 0.575685
vt 0.001137 0.575685
vt 0.785854 0.096330
vt 0.873591 0.547777
vt 0.786261 0.096330
vt 0.211115 0.574616
vt 0.462753 0.096522
vt 0.463160 0.096522
vt 0.924966 0.547777
vt 0.213392 0.575941
vt 0.925245 0.547777
vt 0.260969 0.576028
vt 0.116181 0.574616
vt 0.261368 0.576028
vt 0.460927 0.364820
vt 0.114304 0.575685
vt 0.113903 0.575685
vt 0.702703 0.096348
vt 0.000737 0.364820
vt 0.001059 0.364820
vt 0.463160 0.733101
vt 0.373466 0.000737
vt 0.373466 0.001214
vt 0.756762 0.733033
vt 0.599454 0.000758
vt 0.599454 0.001166
vt 0.599453 0.406725
vt 0.578212 0.733101
vt 0.577805 0.733101
vt 0.373466 0.476547
vt 0.871432 0.733033
vt 0.373466 0.477025
vt 0.599861 0.007667
vt 0.526977 0.917597
vt 0.524697 0.925609
vt 0.599454 0.008075
vt 0.526977 0.918004
vt 0.526570 0.918004
vt 0.599046 0.007260
vt 0.599861 0.096493
vt 0.654415 0.917580
vt 0.599453 0.096900
vt 0.599046 0.096900
vt 0.524697 0.836263
vt 0.599453 0.096493
vt 0.599453 0.096085
vt 0.654415 0.917987
vt 0.444701 0.001214
vt 0.463160 0.815256
vt 0.444701 0.000737
vt 0.756762 0.815170
vt 0.681685 0.000741
vt 0.681685 0.001148
vt 0.681685 0.406708
vt 0.578212 0.815256
vt 0.577805 0.815256
vt 0.444701 0.476547
vt 0.871432 0.815170
vt 0.444701 0.477025
vt 0.681277 0.007650
vt 0.526977 0.836256
vt 0.681685 0.007242
vt 0.682092 0.007242
vt 0.880086 0.108248
vt 0.681685 0.007650
vt 0.681685 0.008057
vt 0.526977 0.835849
vt 0.681277 0.096475
vt 0.654415 0.836256
vt 0.880086 0.001232
vt 0.681685 0.096068
vt 0.654415 0.835849
vt 0.654822 0.835849
vt 0.682092 0.096883
vt 0.589546 0.836256
vt 0.931469 0.108248
vt 0.834462 0.836167
vt 0.589546 0.835849
vt 0.589952 0.836256
vt 0.834055 0.836167
vt 0.589546 0.917597
vt 0.589952 0.917597
vt 0.752759 0.836184
vt 0.463153 0.925610
vt 0.752352 0.836184
vt 0.589546 0.918004
vt 0.834055 0.924455
vt 0.591833 0.836256
vt 0.834055 0.924048
vt 0.931469 0.001232
vt 0.834462 0.924048
vt 0.591832 0.835849
vt 0.752759 0.924472
vt 0.591832 0.917580
vt 0.463153 0.836263
vt 0.752352 0.924066
vt 0.591833 0.917987
vt 0.591426 0.917580
vt 0.752759 0.924065
vt 0.899278 0.409228
vt 0.719712 0.501922
vt 0.719669 0.502352
vt 0.899279 0.998671
vt 0.614848 0.501941
vt 0.614891 0.502372
vt 0.712225 0.576912
vt 0.163648 0.478907
vt 0.712183 0.577337
vt 0.163648 0.886093
vt 0.622375 0.577373
vt 0.622332 0.576948
s 0
usemtl Material
f 80/80/1 323/477/1 112/119/1 427/655/1
f 324/479/2 336/499/2 125/149/2 113/123/2
f 382/583/3 38/38/3 143/183/3 121/139/3
f 83/83/3 377/576/3 117/132/3 429/658/3
f 339/503/1 328/487/1 140/177/1 114/124/1
f 120/137/4 108/111/4 380/581/4 381/582/4
f 149/192/1 129/156/1 40/40/1 387/590/1
f 37/37/3 42/42/3 281/399/3 136/167/3
f 138/171/5 151/197/5 453/707/5 450/703/5
f 133/162/6 280/398/6 275/390/6 131/159/6
f 322/476/4 338/502/4 116/130/4 127/152/4
f 423/649/3 123/143/3 337/500/3 79/79/3
f 115/127/6 142/182/6 145/186/6 128/153/6
f 110/114/1 137/169/1 386/589/1 379/579/1
f 141/178/7 329/488/7 97/97/7 451/704/7
f 146/188/3 147/189/3 31/31/3 30/30/3
f 456/712/6 452/706/6 166/228/6 163/222/6
f 385/587/7 139/172/7 449/701/7 102/102/7
f 98/98/8 455/710/8 165/225/8 335/497/8
f 454/708/8 101/101/8 391/596/8 159/212/8
f 451/704/7 97/97/7 332/493/7 167/229/7
f 333/494/9 334/496/9 164/224/9 168/231/9
f 85/85/8 88/88/8 195/271/8 183/254/8
f 181/251/9 184/256/9 196/273/9 193/268/9
f 268/379/9 269/381/9 184/256/9 181/251/9
f 7/7/3 8/8/3 4/4/3 3/3/3
f 177/245/7 264/373/7 95/95/7 86/86/7
f 258/366/4 274/389/4 175/242/4 169/234/4
f 8/8/3 6/6/3 2/2/3 4/4/3
f 179/248/1 1/1/1 5/5/1 191/265/1
f 69/69/3 197/274/3 174/240/3 68/68/3
f 260/369/2 272/386/2 173/239/2 171/236/2
f 68/68/3 174/240/3 271/384/3 77/77/3
f 171/236/2 173/239/2 198/276/2 187/259/2
f 207/288/2 201/280/2 237/335/2 246/350/2
f 35/35/3 33/33/3 6/6/3 8/8/3
f 185/257/4 200/279/4 346/518/4 348/520/4
f 34/34/3 35/35/3 8/8/3 7/7/3
f 193/268/9 196/273/9 360/541/9 359/539/9
f 347/519/3 34/34/3 7/7/3 186/258/3
f 96/96/8 85/85/8 183/254/8 270/382/8
f 273/387/1 263/372/1 178/247/1 176/243/1
f 180/249/8 192/266/8 88/88/8 85/85/8
f 78/78/1 259/367/1 172/237/1 67/67/1
f 186/258/3 7/7/3 3/3/3 170/235/3
f 67/67/1 172/237/1 188/260/1 70/70/1
f 72/72/3 202/281/3 405/616/3 84/84/3
f 204/284/1 210/293/1 249/353/1 238/336/1
f 71/71/1 208/289/1 245/348/1 75/75/1
f 211/294/10 12/12/10 248/352/10 252/358/10
f 206/287/3 10/10/3 46/46/3 393/599/3
f 213/297/9 216/302/9 255/362/9 254/360/9
f 89/89/8 93/93/8 256/363/8 215/300/8
f 402/611/9 403/613/9 216/302/9 213/297/9
f 16/16/3 17/17/3 11/11/3 10/10/3
f 436/675/1 395/601/1 208/289/1 71/71/1
f 13/13/11 248/352/11 298/432/11 28/28/11
f 205/286/4 203/283/4 239/338/4 244/347/4
f 73/73/3 230/321/3 236/333/3 76/76/3
f 15/15/3 235/332/3 242/345/3 17/17/3
f 244/347/4 239/338/4 231/323/4 217/303/4
f 19/19/3 20/20/3 15/15/3 14/14/3
f 254/360/9 255/362/9 228/319/9 225/314/9
f 219/305/2 229/320/2 272/386/2 260/369/2
f 75/75/1 245/348/1 220/306/1 74/74/1
f 246/350/2 237/335/2 229/320/2 219/305/2
f 223/311/12 13/13/12 262/371/12 266/377/12
f 232/324/1 222/310/1 263/372/1 273/387/1
f 93/93/8 92/92/8 227/317/8 256/363/8
f 92/92/8 96/96/8 270/382/8 227/317/8
f 218/304/3 14/14/3 16/16/3 243/346/3
f 104/104/8 89/89/8 215/300/8 404/614/8
f 407/619/1 397/604/1 210/293/1 204/284/1
f 212/295/8 251/356/8 93/93/8 89/89/8
f 209/291/7 398/605/7 103/103/7 90/90/7
f 394/600/4 408/621/4 203/283/4 205/286/4
f 396/603/2 406/618/2 201/280/2 207/288/2
f 18/18/3 27/27/3 284/406/3 235/332/3
f 240/340/13 234/328/13 304/442/13 307/450/13
f 217/303/4 231/323/4 274/389/4 258/366/4
f 14/14/3 15/15/3 17/17/3 16/16/3
f 225/314/9 228/319/9 269/381/9 268/379/9
f 87/87/7 86/86/7 182/253/7 194/270/7
f 3/3/3 4/4/3 20/20/3 19/19/3
f 169/234/4 175/242/4 200/279/4 185/257/4
f 4/4/3 2/2/3 18/18/3 20/20/3
f 176/243/1 178/247/1 190/264/1 199/277/1
f 74/74/1 220/306/1 259/367/1 78/78/1
f 257/365/3 19/19/3 14/14/3 218/304/3
f 221/308/7 250/354/7 94/94/7 91/91/7
f 224/312/8 265/375/8 96/96/8 92/92/8
f 264/373/7 221/308/7 91/91/7 95/95/7
f 95/95/7 91/91/7 226/316/7 267/378/7
f 77/77/3 271/384/3 230/321/3 73/73/3
f 12/12/14 25/25/14 289/415/14 248/352/14
f 2/2/3 22/22/3 27/27/3 18/18/3
f 20/20/3 18/18/3 235/332/3 15/15/3
f 247/351/15 288/413/15 310/455/15 297/431/15
f 289/415/1 57/57/1 56/56/1 287/412/1
f 233/327/16 283/402/16 299/433/16 302/440/16
f 293/422/17 241/341/17 309/452/17 314/462/17
f 43/43/1 44/44/1 25/25/1 12/12/1
f 1/1/1 21/21/1 24/24/1 5/5/1
f 33/33/3 36/36/3 23/23/3 6/6/3
f 6/6/3 23/23/3 22/22/3 2/2/3
f 294/425/18 261/370/18 316/467/18 318/469/18
f 156/207/5 135/165/5 130/157/5 151/197/5
f 331/492/1 327/486/1 134/163/1 152/199/1
f 39/39/3 37/37/3 136/167/3 155/206/3
f 132/161/3 276/392/3 32/32/3 29/29/3
f 321/475/3 30/30/3 34/34/3 347/519/3
f 28/28/1 305/445/1 319/471/1 317/468/1
f 303/441/3 301/438/3 315/466/3 308/451/3
f 242/345/3 292/421/3 26/26/3 9/9/3
f 17/17/3 242/345/3 9/9/3 11/11/3
f 280/398/6 414/630/6 409/622/6 275/390/6
f 262/371/19 13/13/19 28/28/19 317/468/19
f 262/371/20 296/430/20 21/21/20 1/1/20
f 25/25/1 53/53/1 57/57/1 289/415/1
f 287/412/1 56/56/1 60/60/1 296/430/1
f 329/488/7 355/533/7 100/100/7 97/97/7
f 327/486/1 341/508/1 279/396/1 134/163/1
f 170/235/3 3/3/3 19/19/3 257/365/3
f 150/193/8 388/591/8 101/101/8 454/708/8
f 129/156/1 278/395/1 41/41/1 40/40/1
f 153/201/6 133/162/6 131/159/6 148/190/6
f 126/151/3 146/188/3 30/30/3 321/475/3
f 79/79/3 337/500/3 343/513/3 82/82/3
f 99/99/8 98/98/8 335/497/8 361/542/8
f 356/535/8 330/490/8 98/98/8 99/99/8
f 342/509/5 326/482/5 370/560/5 375/571/5
f 357/537/1 352/527/1 327/486/1 331/492/1
f 350/523/2 344/515/2 336/499/2 324/479/2
f 81/81/1 349/521/1 323/477/1 80/80/1
f 70/70/1 188/260/1 349/521/1 81/81/1
f 187/259/2 198/276/2 344/515/2 350/523/2
f 199/277/1 190/264/1 354/532/1 345/516/1
f 192/266/8 356/535/8 99/99/8 88/88/8
f 355/533/7 189/262/7 87/87/7 100/100/7
f 88/88/8 99/99/8 361/542/8 195/271/8
f 82/82/3 343/513/3 197/274/3 69/69/3
f 353/528/6 363/546/6 373/566/6 366/552/6
f 29/29/3 32/32/3 36/36/3 33/33/3
f 359/539/9 360/541/9 334/496/9 333/494/9
f 30/30/3 31/31/3 35/35/3 34/34/3
f 348/520/4 346/518/4 338/502/4 322/476/4
f 31/31/3 29/29/3 33/33/3 35/35/3
f 364/550/1 63/63/1 62/62/1 341/508/1
f 383/584/2 378/578/2 406/618/2 396/603/2
f 5/5/1 24/24/1 364/550/1 352/527/1
f 24/24/1 52/52/1 63/63/1 364/550/1
f 325/481/2 351/525/2 365/551/2 368/557/2
f 45/45/3 48/48/3 42/42/3 37/37/3
f 135/165/5 282/400/5 277/393/5 130/157/5
f 102/102/7 449/701/7 161/219/7 390/595/7
f 450/703/5 453/707/5 158/211/5 162/221/5
f 428/657/6 111/118/6 124/145/6 424/650/6
f 147/189/3 132/161/3 29/29/3 31/31/3
f 430/659/5 119/134/5 105/105/5 425/652/5
f 122/140/5 144/184/5 138/171/5 109/113/5
f 426/654/1 107/110/1 384/585/1 432/664/1
f 101/101/8 104/104/8 404/614/8 391/596/8
f 46/46/3 47/47/3 39/39/3 38/38/3
f 432/664/1 384/585/1 395/601/1 436/675/1
f 47/47/3 45/45/3 37/37/3 39/39/3
f 381/582/4 380/581/4 408/621/4 394/600/4
f 76/76/3 236/333/3 202/281/3 72/72/3
f 11/11/3 9/9/3 45/45/3 47/47/3
f 243/346/3 16/16/3 10/10/3 206/287/3
f 10/10/3 11/11/3 47/47/3 46/46/3
f 94/94/7 90/90/7 214/299/7 253/359/7
f 9/9/3 26/26/3 48/48/3 45/45/3
f 40/40/1 41/41/1 44/44/1 43/43/1
f 410/624/3 423/649/3 79/79/3 61/61/3
f 103/103/7 102/102/7 390/595/7 401/610/7
f 393/599/3 46/46/3 38/38/3 382/583/3
f 388/591/8 399/607/8 104/104/8 101/101/8
f 398/605/7 385/587/7 102/102/7 103/103/7
f 379/579/1 386/589/1 397/604/1 407/619/1
f 84/84/3 405/616/3 377/576/3 83/83/3
f 422/645/2 418/636/2 442/685/2 447/696/2
f 26/26/3 54/54/3 66/66/3 48/48/3
f 48/48/3 66/66/3 65/65/3 42/42/3
f 341/508/1 62/62/1 413/628/1 279/396/1
f 32/32/3 61/61/3 64/64/3 36/36/3
f 367/556/1 372/565/1 376/575/1 369/559/1
f 362/545/4 340/506/4 374/570/4 371/564/4
f 282/400/5 416/632/5 411/625/5 277/393/5
f 286/409/21 295/426/21 320/472/21 306/446/21
f 22/22/3 50/50/3 59/59/3 27/27/3
f 285/408/22 291/419/22 313/461/22 300/436/22
f 292/421/3 58/58/3 54/54/3 26/26/3
f 290/416/21 286/409/21 306/446/21 311/456/21
f 284/406/3 55/55/3 58/58/3 292/421/3
f 296/430/1 60/60/1 49/49/1 21/21/1
f 434/670/5 420/642/5 446/695/5 443/689/5
f 21/21/1 49/49/1 52/52/1 24/24/1
f 36/36/3 64/64/3 51/51/3 23/23/3
f 23/23/3 51/51/3 50/50/3 22/22/3
f 298/432/1 312/460/1 305/445/1 28/28/1
f 278/395/1 412/627/1 419/640/1 41/41/1
f 42/42/3 65/65/3 415/631/3 281/399/3
f 27/27/3 59/59/3 55/55/3 284/406/3
f 276/392/3 410/624/3 61/61/3 32/32/3
f 44/44/1 421/644/1 53/53/1 25/25/1
f 54/54/3 72/72/3 84/84/3 66/66/3
f 66/66/3 84/84/3 83/83/3 65/65/3
f 62/62/1 80/80/1 427/655/1 413/628/1
f 61/61/3 79/79/3 82/82/3 64/64/3
f 52/52/1 70/70/1 81/81/1 63/63/1
f 63/63/1 81/81/1 80/80/1 62/62/1
f 414/630/6 428/657/6 424/650/6 409/622/6
f 56/56/1 74/74/1 78/78/1 60/60/1
f 50/50/3 68/68/3 77/77/3 59/59/3
f 55/55/3 73/73/3 76/76/3 58/58/3
f 53/53/1 71/71/1 75/75/1 57/57/1
f 57/57/1 75/75/1 74/74/1 56/56/1
f 59/59/3 77/77/3 73/73/3 55/55/3
f 58/58/3 76/76/3 72/72/3 54/54/3
f 433/665/4 435/671/4 445/691/4 438/677/4
f 49/49/1 67/67/1 70/70/1 52/52/1
f 64/64/3 82/82/3 69/69/3 51/51/3
f 51/51/3 69/69/3 68/68/3 50/50/3
f 60/60/1 78/78/1 67/67/1 49/49/1
f 412/627/1 426/654/1 432/664/1 419/640/1
f 65/65/3 83/83/3 429/658/3 415/631/3
f 41/41/1 419/640/1 421/644/1 44/44/1
f 416/632/5 430/659/5 425/652/5 411/625/5
f 421/644/1 436/675/1 71/71/1 53/53/1
f 441/684/1 439/681/1 444/690/1 448/700/1
f 417/635/6 431/662/6 437/676/6 440/682/6
f 389/593/9 392/598/9 403/613/9 402/611/9
f 250/354/7 209/291/7 90/90/7 94/94/7
f 387/590/1 40/40/1 43/43/1 400/609/1
f 330/490/8 154/202/8 455/710/8 98/98/8
f 345/516/1 354/532/1 328/487/1 339/503/1
f 100/100/7 87/87/7 194/270/7 358/538/7
f 97/97/7 100/100/7 358/538/7 332/493/7
f 38/38/3 39/39/3 155/206/3 143/183/3
f 91/91/7 94/94/7 253/359/7 226/316/7
f 189/262/7 177/245/7 86/86/7 87/87/7
f 238/336/1 249/353/1 222/310/1 232/324/1
f 90/90/7 103/103/7 401/610/7 214/299/7
f 252/358/23 248/352/23 13/13/23 223/311/23
f 251/356/8 224/312/8 92/92/8 93/93/8
f 399/607/8 212/295/8 89/89/8 104/104/8
f 400/609/1 43/43/1 12/12/1 211/294/1
f 86/86/7 95/95/7 267/378/7 182/253/7
f 191/265/1 5/5/1 352/527/1 357/537/1
f 265/375/8 180/249/8 85/85/8 96/96/8
f 266/377/24 262/371/24 1/1/24 179/248/24
f 142/182/6 153/201/6 148/190/6 145/186/6
f 160/215/9 157/210/9 392/598/9 389/593/9
f 144/184/5 156/207/5 151/197/5 138/171/5
f 153/201/6 142/182/6 452/706/6 456/712/6
f 105/106/25 106/108/25 107/109/25
f 108/111/26 109/112/26 110/116/26
f 111/118/27 112/121/27 113/122/27
f 114/125/28 115/127/28 116/129/28
f 117/131/29 118/133/29 119/135/29
f 120/137/30 121/138/30 122/141/30
f 123/143/31 124/146/31 125/148/31
f 126/150/32 127/152/32 128/154/32
f 137/168/33 138/170/33 139/173/33
f 140/177/34 141/179/34 142/181/34
f 149/192/35 150/194/35 151/196/35
f 152/198/36 153/200/36 154/203/36
f 157/209/37 158/211/37 159/213/37
f 160/217/38 161/219/38 162/220/38
f 163/222/39 164/223/39 165/227/39
f 166/228/40 167/230/40 168/232/40
f 233/327/41 234/330/41 235/331/41
f 240/340/42 241/343/42 242/344/42
f 283/403/43 284/405/43 285/407/43
f 288/413/44 289/414/44 290/418/44
f 291/419/45 292/420/45 293/423/45
f 294/425/46 295/428/46 296/429/46
f 299/435/47 300/436/47 301/437/47
f 302/439/48 303/441/48 304/443/48
f 307/449/49 308/451/49 309/453/49
f 310/455/50 311/458/50 312/459/50
f 313/461/51 314/463/51 315/465/51
f 318/469/52 319/470/52 320/474/52
f 325/481/53 326/484/53 327/485/53
f 340/505/54 341/507/54 342/510/54
f 351/524/55 352/526/55 353/529/55
f 362/545/56 363/548/56 364/549/56
f 365/551/57 366/554/57 367/555/57
f 368/557/58 369/558/58 370/562/58
f 371/563/59 372/565/59 373/567/59
f 374/570/60 375/573/60 376/574/60
f 417/635/55 418/638/55 419/639/55
f 420/641/53 421/643/53 422/646/53
f 431/661/56 432/663/56 433/666/56
f 434/670/54 435/673/54 436/674/54
f 437/676/61 438/679/61 439/680/61
f 440/682/57 441/683/57 442/687/57
f 443/688/62 444/690/62 445/692/62
f 446/695/63 447/698/63 448/699/63
f 322/476/64 127/152/64 126/151/64 321/475/64
f 108/111/65 120/137/65 122/141/65 109/112/65
f 137/168/66 110/115/66 109/113/66 138/171/66
f 424/651/67 124/146/67 123/143/67 423/649/67
f 142/182/68 115/127/68 114/125/68 140/176/68
f 144/185/69 122/142/69 121/139/69 143/183/69
f 113/123/70 125/149/70 124/147/70 111/117/70
f 324/479/71 113/123/71 112/120/71 323/478/71
f 127/152/72 116/130/72 115/128/72 128/154/72
f 378/578/73 118/133/73 117/131/73 377/577/73
f 118/133/74 106/108/74 105/106/74 119/135/74
f 380/581/75 108/111/75 110/116/75 379/580/75
f 278/395/66 129/156/66 130/158/66 277/394/66
f 148/191/67 131/160/67 132/161/67 147/189/67
f 280/398/68 133/162/68 134/164/68 279/397/68
f 282/401/69 135/166/69 136/167/69 281/399/69
f 156/208/69 144/185/69 143/183/69 155/206/69
f 128/155/67 145/187/67 146/188/67 126/151/67
f 329/489/76 141/179/76 140/177/76 328/487/76
f 145/187/67 148/191/67 147/189/67 146/188/67
f 129/156/66 149/192/66 151/196/66 130/158/66
f 133/162/68 153/201/68 152/198/68 134/164/68
f 135/166/69 156/208/69 155/206/69 136/167/69
f 331/492/77 152/199/77 154/204/77 330/491/77
f 157/209/78 160/216/78 162/221/78 158/211/78
f 163/222/79 166/228/79 168/232/79 164/223/79
f 333/495/80 168/233/80 167/229/80 332/493/80
f 335/498/81 165/226/81 164/224/81 334/496/81
f 450/703/82 162/221/82 161/218/82 449/702/82
f 452/706/83 142/182/83 141/180/83 451/705/83
f 454/709/84 159/213/84 158/211/84 453/707/84
f 456/712/85 163/222/85 165/227/85 455/711/85
f 258/366/64 169/234/64 170/235/64 257/365/64
f 260/369/71 171/236/71 172/238/71 259/368/71
f 198/276/73 173/239/73 174/241/73 197/275/73
f 200/279/75 175/242/75 176/244/75 199/278/75
f 264/374/76 177/246/76 178/247/76 263/372/76
f 266/377/86 179/248/86 180/250/86 265/376/86
f 268/380/80 181/252/80 182/253/80 267/378/80
f 270/383/81 183/255/81 184/256/81 269/381/81
f 169/234/64 185/257/64 186/258/64 170/235/64
f 171/236/71 187/259/71 188/261/71 172/238/71
f 177/246/76 189/263/76 190/264/76 178/247/76
f 179/248/77 191/265/77 192/267/77 180/250/77
f 181/252/80 193/269/80 194/270/80 182/253/80
f 183/255/81 195/272/81 196/273/81 184/256/81
f 344/515/73 198/276/73 197/275/73 343/514/73
f 346/518/75 200/279/75 199/278/75 345/517/75
f 237/335/73 201/280/73 202/282/73 236/334/73
f 239/338/75 203/283/75 204/285/75 238/337/75
f 394/600/64 205/286/64 206/287/64 393/599/64
f 396/603/71 207/288/71 208/290/71 395/602/71
f 398/606/76 209/292/76 210/293/76 397/604/76
f 400/609/77 211/294/77 212/296/77 399/608/77
f 402/612/80 213/298/80 214/299/80 401/610/80
f 404/615/81 215/301/81 216/302/81 403/613/81
f 244/347/64 217/303/64 218/304/64 243/346/64
f 246/350/71 219/305/71 220/307/71 245/349/71
f 250/355/76 221/309/76 222/310/76 249/353/76
f 252/358/77 223/311/77 224/313/77 251/357/77
f 254/361/80 225/315/80 226/316/80 253/359/80
f 256/364/81 227/318/81 228/319/81 255/362/81
f 272/386/73 229/320/73 230/322/73 271/385/73
f 274/389/75 231/323/75 232/325/75 273/388/75
f 283/403/87 233/326/87 235/332/87 284/406/87
f 293/423/88 314/463/88 313/461/88 291/419/88
f 229/320/73 237/335/73 236/334/73 230/322/73
f 231/323/75 239/338/75 238/337/75 232/325/75
f 234/329/89 240/339/89 242/345/89 235/332/89
f 205/286/64 244/347/64 243/346/64 206/287/64
f 207/288/71 246/350/71 245/349/71 208/290/71
f 209/292/76 250/355/76 249/353/76 210/293/76
f 211/294/86 252/358/86 251/357/86 212/296/86
f 213/298/80 254/361/80 253/359/80 214/299/80
f 215/301/81 256/364/81 255/362/81 216/302/81
f 288/413/90 247/351/90 248/352/90 289/415/90
f 292/421/91 242/345/91 241/342/91 293/424/91
f 217/303/64 258/366/64 257/365/64 218/304/64
f 219/305/71 260/369/71 259/368/71 220/307/71
f 221/309/76 264/374/76 263/372/76 222/310/76
f 223/311/86 266/377/86 265/376/86 224/313/86
f 225/315/80 268/380/80 267/378/80 226/316/80
f 227/318/81 270/383/81 269/381/81 228/319/81
f 173/239/73 272/386/73 271/385/73 174/241/73
f 175/242/75 274/389/75 273/388/75 176/244/75
f 296/430/92 262/371/92 261/370/92 294/425/92
f 131/160/67 275/391/67 276/392/67 132/161/67
f 412/627/66 278/395/66 277/394/66 411/626/66
f 414/630/68 280/398/68 279/397/68 413/629/68
f 416/633/69 282/401/69 281/399/69 415/631/69
f 287/412/93 296/430/93 295/427/93 286/410/93
f 284/406/94 292/421/94 291/419/94 285/408/94
f 289/415/95 287/412/95 286/411/95 290/417/95
f 301/438/87 303/441/87 302/439/87 299/434/87
f 303/441/89 308/451/89 307/449/89 304/443/89
f 312/460/96 298/432/96 297/431/96 310/455/96
f 314/464/91 309/453/91 308/451/91 315/466/91
f 318/469/97 316/467/97 317/468/97 319/471/97
f 306/447/95 320/473/95 319/471/95 305/445/95
f 300/436/94 313/461/94 315/466/94 301/438/94
f 311/457/95 306/448/95 305/445/95 312/460/95
f 299/435/98 283/404/98 285/408/98 300/436/98
f 304/444/99 234/330/99 233/327/99 302/440/99
f 247/351/100 297/431/100 298/432/100 248/352/100
f 309/454/101 241/343/101 240/340/101 307/450/101
f 316/467/102 261/370/102 262/371/102 317/468/102
f 320/474/103 295/428/103 294/425/103 318/469/103
f 290/418/104 311/458/104 310/455/104 288/413/104
f 348/520/64 322/476/64 321/475/64 347/519/64
f 350/523/71 324/479/71 323/478/71 349/522/71
f 351/524/71 325/480/71 327/486/71 352/527/71
f 355/534/76 329/489/76 328/487/76 354/532/76
f 357/537/86 331/492/86 330/491/86 356/536/86
f 359/540/80 333/495/80 332/493/80 358/538/80
f 361/543/81 335/498/81 334/496/81 360/541/81
f 125/149/73 336/499/73 337/501/73 123/144/73
f 116/130/75 338/502/75 339/504/75 114/126/75
f 364/550/75 341/508/75 340/505/75 362/544/75
f 341/508/66 327/486/66 326/483/66 342/511/66
f 336/499/73 344/515/73 343/514/73 337/501/73
f 338/502/75 346/518/75 345/517/75 339/504/75
f 185/257/64 348/520/64 347/519/64 186/258/64
f 187/259/71 350/523/71 349/522/71 188/261/71
f 189/263/76 355/534/76 354/532/76 190/264/76
f 191/265/86 357/537/86 356/536/86 192/267/86
f 193/269/80 359/540/80 358/538/80 194/270/80
f 195/272/81 361/543/81 360/541/81 196/273/81
f 363/547/68 353/530/68 352/527/68 364/550/68
f 367/555/71 369/558/71 368/557/71 365/551/71
f 371/563/75 374/569/75 376/575/75 372/565/75
f 375/572/66 370/561/66 369/559/66 376/575/66
f 372/565/68 367/556/68 366/553/68 373/567/68
f 353/531/70 366/554/70 365/551/70 351/525/70
f 370/562/74 326/484/74 325/481/74 368/557/74
f 342/512/65 375/573/65 374/570/65 340/506/65
f 373/568/72 363/548/72 362/545/72 371/564/72
f 406/618/73 378/578/73 377/577/73 405/617/73
f 408/621/75 380/581/75 379/580/75 407/620/75
f 120/137/64 381/582/64 382/583/64 121/139/64
f 106/108/71 383/584/71 384/586/71 107/109/71
f 139/174/76 385/588/76 386/589/76 137/169/76
f 149/192/86 387/590/86 388/592/86 150/194/86
f 160/217/80 389/594/80 390/595/80 161/219/80
f 159/214/81 391/597/81 392/598/81 157/210/81
f 381/582/64 394/600/64 393/599/64 382/583/64
f 383/584/71 396/603/71 395/602/71 384/586/71
f 385/588/76 398/606/76 397/604/76 386/589/76
f 387/590/86 400/609/86 399/608/86 388/592/86
f 389/594/80 402/612/80 401/610/80 390/595/80
f 391/597/81 404/615/81 403/613/81 392/598/81
f 201/280/73 406/618/73 405/617/73 202/282/73
f 203/283/75 408/621/75 407/620/75 204/285/75
f 275/391/67 409/623/67 410/624/67 276/392/67
f 426/654/66 412/627/66 411/626/66 425/653/66
f 428/657/68 414/630/68 413/629/68 427/656/68
f 430/660/69 416/633/69 415/631/69 429/658/69
f 431/661/68 417/634/68 419/640/68 432/664/68
f 436/675/66 421/644/66 420/641/66 434/669/66
f 418/637/71 422/647/71 421/644/71 419/640/71
f 409/623/67 424/651/67 423/649/67 410/624/67
f 107/110/66 426/654/66 425/653/66 105/107/66
f 111/118/68 428/657/68 427/656/68 112/121/68
f 119/136/69 430/660/69 429/658/69 117/132/69
f 432/664/75 436/675/75 435/672/75 433/667/75
f 439/680/68 441/683/68 440/682/68 437/676/68
f 443/688/66 446/694/66 448/700/66 444/690/66
f 441/684/71 448/700/71 447/697/71 442/686/71
f 438/678/75 445/692/75 444/690/75 439/681/75
f 433/668/72 438/679/72 437/676/72 431/662/72
f 442/687/70 418/638/70 417/635/70 440/682/70
f 422/648/74 447/698/74 446/695/74 420/642/74
f 445/693/65 435/673/65 434/670/65 443/689/65
f 138/171/82 450/703/82 449/702/82 139/175/82
f 166/228/83 452/706/83 451/705/83 167/230/83
f 150/195/84 454/709/84 453/707/84 151/197/84
f 153/201/85 456/712/85 455/711/85 154/205/85
f 106/108/2 118/133/2 378/578/2 383/584/2
o Kostka
v 0.774449 3.036541 -1.856673
v 0.711469 3.036541 -1.856673
v 0.711469 2.502342 -1.288497
v 0.742959 2.470852 -1.288497
v 0.742959 2.502342 -1.257007
v 0.711469 3.570739 -1.288497
v 0.742959 3.570739 -1.257007
v 0.742959 3.602229 -1.288497
v 0.711469 2.502342 -2.424849
v 0.742959 2.502342 -2.456339
v 0.742959 2.470852 -2.424849
v 0.711469 3.570739 -2.424849
v 0.742959 3.602229 -2.424849
v 0.742959 3.570739 -2.456339
v 0.774449 2.502342 -1.288497
v 0.742959 2.502342 -1.257007
v 0.742959 2.470852 -1.288497
v 0.774449 3.570739 -1.288497
v 0.742959 3.602229 -1.288497
v 0.742959 3.570739 -1.257007
v 0.742959 2.470852 -2.424849
v 0.742959 2.502342 -2.456339
v 0.774449 2.502342 -2.424849
v 0.742959 3.570739 -2.456339
v 0.742959 3.602229 -2.424849
v 0.774449 3.570739 -2.424849
v 0.711469 2.502342 -1.856673
v 0.742959 2.470852 -1.856673
v 0.711469 3.570739 -1.856673
v 0.742959 3.602229 -1.856673
v 0.774449 2.502342 -1.856673
v 0.742959 2.470852 -1.856673
v 0.774449 3.570739 -1.856673
v 0.742959 3.602229 -1.856673
v 0.711469 3.036541 -1.288497
v 0.742959 3.036541 -1.257007
v 0.711469 3.036541 -2.424849
v 0.742959 3.036541 -2.456339
v 0.742959 3.036541 -2.456339
v 0.774449 3.036541 -2.424849
v 0.774449 3.036541 -1.288497
v 0.742959 3.036541 -1.257007
vn 1.0000 -0.0000 -0.0000
vn -1.0000 -0.0000 -0.0000
vn -0.0000 1.0000 -0.0000
vn -0.5774 -0.5774 0.5773
vn -0.5774 0.5773 0.5773
vn -0.5774 -0.5774 -0.5773
vn -0.5774 0.5773 -0.5773
vn 0.5774 -0.5774 0.5774
vn 0.5774 0.5773 0.5773
vn 0.5774 -0.5774 -0.5774
vn 0.5774 0.5773 -0.5773
vn -0.7071 -0.7071 -0.0000
vn -0.7071 -0.0000 0.7071
vn -0.7071 0.7071 -0.0000
vn -0.7071 -0.0000 -0.7071
vn 0.7071 -0.0000 -0.7071
vn 0.7071 -0.7071 -0.0000
vn 0.7071 0.7071 -0.0000
vn 0.7071 -0.0000 0.7071
vt 0.308867 0.740733
vt 0.308867 0.641679
vt 0.986786 0.533023
vt 0.114304 0.982004
vt 0.265403 0.595451
vt 0.984224 0.533023
vt 0.984224 0.530461
vt 0.111741 0.982004
vt 0.352331 0.595451
vt 0.114304 0.895076
vt 0.980805 0.411198
vt 0.111741 0.895076
vt 0.983367 0.408635
vt 0.983367 0.411198
vt 0.265403 0.687907
vt 0.098371 0.982003
vt 0.986786 0.625480
vt 0.100933 0.982003
vt 0.984224 0.628042
vt 0.984224 0.625480
vt 0.352331 0.687907
vt 0.980805 0.503654
vt 0.098371 0.895076
vt 0.983367 0.503654
vt 0.983367 0.506216
vt 0.100933 0.895076
vt 0.265403 0.786961
vt 0.981662 0.533023
vt 0.111741 0.982004
vt 0.265403 0.789523
vt 0.984224 0.530461
vt 0.984224 0.533023
vt 0.985929 0.411198
vt 0.352331 0.786961
vt 0.983367 0.411198
vt 0.111741 0.895076
vt 0.983367 0.408635
vt 0.352331 0.789523
vt 0.984224 0.625480
vt 0.100933 0.982003
vt 0.984224 0.628042
vt 0.265403 0.691943
vt 0.265403 0.694505
vt 0.981662 0.625480
vt 0.100933 0.895076
vt 0.983367 0.506216
vt 0.352331 0.691943
vt 0.983367 0.503654
vt 0.985929 0.503654
vt 0.352331 0.694505
vt 0.986786 0.579251
vt 0.265403 0.641679
vt 0.984224 0.579251
vt 0.352331 0.641679
vt 0.980805 0.457426
vt 0.983367 0.457426
vt 0.265403 0.740733
vt 0.981662 0.579251
vt 0.984224 0.579251
vt 0.352331 0.740733
vt 0.985929 0.457426
vt 0.983367 0.457426
vt 0.114304 0.938540
vt 0.308867 0.595451
vt 0.111741 0.938540
vt 0.308867 0.687907
vt 0.098371 0.938540
vt 0.100933 0.938540
vt 0.100933 0.938540
vt 0.308867 0.691943
vt 0.308867 0.694505
vt 0.308867 0.786961
vt 0.111741 0.938540
vt 0.308867 0.789523
s 0
f 487/769/105 457/713/105 497/784/105 471/739/105
f 458/714/106 485/766/106 468/733/106 493/778/106
f 479/755/105 496/783/105 457/713/105 487/769/105
f 490/774/107 486/768/107 464/726/107 475/747/107
f 472/741/107 498/785/107 492/777/107 461/720/107
f 483/764/106 458/714/106 493/778/106 465/727/106
f 494/780/107 470/738/107 480/757/107 495/781/107
f 481/760/107 469/736/107 486/768/107 490/774/107
f 498/785/107 476/748/107 463/724/107 492/777/107
f 484/765/107 488/771/107 473/744/107 460/718/107
f 496/783/105 482/762/105 489/772/105 457/713/105
f 491/776/106 462/721/106 485/766/106 458/714/106
f 457/713/105 489/772/105 474/746/105 497/784/105
f 467/732/107 477/751/107 488/771/107 484/765/107
f 466/730/107 494/780/107 495/781/107 478/752/107
f 459/715/108 460/718/108 461/719/108
f 462/723/109 463/725/109 464/726/109
f 465/729/110 466/731/110 467/732/110
f 468/734/111 469/736/111 470/737/111
f 471/740/112 472/743/112 473/744/112
f 474/745/113 475/747/113 476/749/113
f 477/751/114 478/753/114 479/756/114
f 480/758/115 481/760/115 482/761/115
f 484/765/116 460/718/116 459/715/116 483/763/116
f 492/777/117 463/724/117 462/722/117 491/775/117
f 486/768/118 469/736/118 468/734/118 485/767/118
f 494/780/119 466/730/119 465/728/119 493/779/119
f 477/751/107 467/732/107 466/731/107 478/753/107
f 469/736/107 481/760/107 480/758/107 470/737/107
f 496/783/120 479/755/120 478/754/120 495/782/120
f 488/771/121 477/751/121 479/756/121 487/770/121
f 490/774/122 475/747/122 474/745/122 489/773/122
f 498/786/123 472/742/123 471/739/123 497/784/123
f 460/718/107 473/744/107 472/743/107 461/719/107
f 475/747/107 464/726/107 463/725/107 476/749/107
f 467/732/116 484/765/116 483/763/116 465/729/116
f 464/726/118 486/768/118 485/767/118 462/723/118
f 473/744/121 488/771/121 487/770/121 471/740/121
f 481/760/122 490/774/122 489/773/122 482/761/122
f 461/720/117 492/777/117 491/775/117 459/716/117
f 470/738/119 494/780/119 493/779/119 468/735/119
f 482/762/120 496/783/120 495/782/120 480/759/120
f 476/750/123 498/786/123 497/784/123 474/746/123
f 459/717/106 491/776/106 458/714/106 483/764/106
o Kostka.001
v 0.774449 4.520845 1.874205
v 0.711469 4.520845 1.874205
v 0.711469 4.014738 2.442381
v 0.742959 3.983248 2.442381
v 0.742959 4.014738 2.473871
v 0.711469 5.026953 2.442381
v 0.742959 5.026953 2.473871
v 0.742959 5.058443 2.442381
v 0.711469 4.014738 1.306029
v 0.742959 4.014738 1.274539
v 0.742959 3.983248 1.306029
v 0.711469 5.026953 1.306029
v 0.742959 5.058443 1.306029
v 0.742959 5.026953 1.274539
v 0.774449 4.014738 2.442381
v 0.742959 4.014738 2.473871
v 0.742959 3.983248 2.442381
v 0.774449 5.026953 2.442381
v 0.742959 5.058443 2.442381
v 0.742959 5.026953 2.473871
v 0.742959 3.983248 1.306029
v 0.742959 4.014738 1.274539
v 0.774449 4.014738 1.306029
v 0.742959 5.026953 1.274539
v 0.742959 5.058443 1.306029
v 0.774449 5.026953 1.306029
v 0.711469 4.014738 1.874205
v 0.742959 3.983248 1.874205
v 0.711469 5.026953 1.874205
v 0.742959 5.058443 1.874205
v 0.774449 4.014738 1.874205
v 0.742959 3.983248 1.874205
v 0.774449 5.026953 1.874205
v 0.742959 5.058443 1.874205
v 0.711469 4.520845 2.442381
v 0.742959 4.520845 2.473871
v 0.711469 4.520845 1.306029
v 0.742959 4.520845 1.274539
v 0.742959 4.520845 1.274539
v 0.774449 4.520845 1.306029
v 0.774449 4.520845 2.442381
v 0.742959 4.520845 2.473871
vn 1.0000 -0.0000 -0.0000
vn -1.0000 -0.0000 -0.0000
vn -0.0000 1.0000 -0.0000
vn -0.5773 -0.5774 0.5773
vn -0.5774 0.5773 0.5773
vn -0.5773 -0.5774 -0.5773
vn -0.5774 0.5773 -0.5773
vn 0.5773 -0.5774 0.5774
vn 0.5774 0.5773 0.5773
vn 0.5773 -0.5774 -0.5774
vn 0.5774 0.5773 -0.5773
vn -0.7071 -0.7071 -0.0000
vn -0.7071 -0.0000 0.7071
vn -0.7071 0.7071 -0.0000
vn -0.7071 -0.0000 -0.7071
vn 0.7071 -0.0000 -0.7071
vn 0.7071 -0.7071 -0.0000
vn 0.7071 0.7071 -0.0000
vn 0.7071 -0.0000 0.7071
vt 0.400107 0.839787
vt 0.306582 0.839787
vt 0.057313 0.895076
vt 0.974147 0.981279
vt 0.265403 0.793559
vt 0.054750 0.895076
vt 0.054750 0.892514
vt 0.971585 0.981279
vt 0.347760 0.793559
vt 0.974147 0.898923
vt 0.442285 0.892613
vt 0.971585 0.898923
vt 0.444847 0.890051
vt 0.444847 0.892613
vt 0.265403 0.886015
vt 0.236451 0.978602
vt 0.057313 0.987532
vt 0.239013 0.978602
vt 0.054750 0.990095
vt 0.054750 0.987533
vt 0.347760 0.886015
vt 0.442285 0.985070
vt 0.236451 0.896245
vt 0.444847 0.985070
vt 0.444847 0.987632
vt 0.239013 0.896246
vt 0.358928 0.886015
vt 0.052188 0.895076
vt 0.971585 0.981279
vt 0.358928 0.888578
vt 0.054750 0.892514
vt 0.054750 0.895076
vt 0.447409 0.892613
vt 0.441285 0.886015
vt 0.444847 0.892613
vt 0.971585 0.898923
vt 0.444847 0.890051
vt 0.441285 0.888578
vt 0.054750 0.987533
vt 0.239013 0.978602
vt 0.054750 0.990095
vt 0.358928 0.790997
vt 0.358928 0.793559
vt 0.052188 0.987532
vt 0.239013 0.896246
vt 0.444847 0.987632
vt 0.441285 0.790997
vt 0.444847 0.985070
vt 0.447409 0.985070
vt 0.441285 0.793559
vt 0.057313 0.941304
vt 0.265403 0.839787
vt 0.054750 0.941304
vt 0.347760 0.839787
vt 0.442285 0.938841
vt 0.444847 0.938841
vt 0.358928 0.839787
vt 0.052188 0.941304
vt 0.054750 0.941304
vt 0.441285 0.839787
vt 0.447409 0.938841
vt 0.444847 0.938841
vt 0.974147 0.940101
vt 0.306582 0.793559
vt 0.971585 0.940101
vt 0.306582 0.886015
vt 0.236451 0.937424
vt 0.239013 0.937424
vt 0.239013 0.937424
vt 0.400107 0.790997
vt 0.400107 0.793559
vt 0.400107 0.886015
vt 0.971585 0.940101
vt 0.400107 0.888578
s 0
f 529/843/124 499/787/124 539/858/124 513/813/124
f 500/788/125 527/840/125 510/807/125 535/852/125
f 521/829/124 538/857/124 499/787/124 529/843/124
f 532/848/126 528/842/126 506/800/126 517/821/126
f 514/815/126 540/859/126 534/851/126 503/794/126
f 525/838/125 500/788/125 535/852/125 507/801/125
f 536/854/126 512/812/126 522/831/126 537/855/126
f 523/834/126 511/810/126 528/842/126 532/848/126
f 540/859/126 518/822/126 505/798/126 534/851/126
f 526/839/126 530/845/126 515/818/126 502/792/126
f 538/857/124 524/836/124 531/846/124 499/787/124
f 533/850/125 504/795/125 527/840/125 500/788/125
f 499/787/124 531/846/124 516/820/124 539/858/124
f 509/806/126 519/825/126 530/845/126 526/839/126
f 508/804/126 536/854/126 537/855/126 520/826/126
f 501/789/127 502/792/127 503/793/127
f 504/797/128 505/799/128 506/800/128
f 507/803/129 508/805/129 509/806/129
f 510/808/130 511/810/130 512/811/130
f 513/814/131 514/817/131 515/818/131
f 516/819/132 517/821/132 518/823/132
f 519/825/133 520/827/133 521/830/133
f 522/832/134 523/834/134 524/835/134
f 526/839/135 502/792/135 501/789/135 525/837/135
f 534/851/136 505/798/136 504/796/136 533/849/136
f 528/842/137 511/810/137 510/808/137 527/841/137
f 536/854/138 508/804/138 507/802/138 535/853/138
f 519/825/126 509/806/126 508/805/126 520/827/126
f 511/810/126 523/834/126 522/832/126 512/811/126
f 538/857/139 521/829/139 520/828/139 537/856/139
f 530/845/140 519/825/140 521/830/140 529/844/140
f 532/848/141 517/821/141 516/819/141 531/847/141
f 540/860/142 514/816/142 513/813/142 539/858/142
f 502/792/126 515/818/126 514/817/126 503/793/126
f 517/821/126 506/800/126 505/799/126 518/823/126
f 509/806/135 526/839/135 525/837/135 507/803/135
f 506/800/137 528/842/137 527/841/137 504/797/137
f 515/818/140 530/845/140 529/844/140 513/814/140
f 523/834/141 532/848/141 531/847/141 524/835/141
f 503/794/136 534/851/136 533/849/136 501/790/136
f 512/812/138 536/854/138 535/853/138 510/809/138
f 524/836/139 538/857/139 537/856/139 522/833/139
f 518/824/142 540/860/142 539/858/142 516/820/142
f 501/791/125 533/850/125 500/788/125 525/838/125
o Kostka.002
v 0.774449 3.047903 0.622255
v 0.711469 3.047903 0.622255
v 0.711469 3.582101 0.054079
v 0.742959 3.613591 0.054079
v 0.742959 3.582101 0.022589
v 0.711469 2.513705 0.054079
v 0.742959 2.513705 0.022589
v 0.742959 2.482214 0.054079
v 0.711469 3.582101 1.190431
v 0.742959 3.582101 1.221921
v 0.742959 3.613591 1.190431
v 0.711469 2.513705 1.190431
v 0.742959 2.482214 1.190431
v 0.742959 2.513705 1.221921
v 0.774449 3.582101 0.054079
v 0.742959 3.582101 0.022589
v 0.742959 3.613591 0.054079
v 0.774449 2.513705 0.054079
v 0.742959 2.482214 0.054079
v 0.742959 2.513705 0.022589
v 0.742959 3.613591 1.190431
v 0.742959 3.582101 1.221921
v 0.774449 3.582101 1.190431
v 0.742959 2.513705 1.221921
v 0.742959 2.482214 1.190431
v 0.774449 2.513705 1.190431
v 0.711469 3.582101 0.622255
v 0.742959 3.613591 0.622255
v 0.711469 2.513705 0.622255
v 0.742959 2.482214 0.622255
v 0.774449 3.582101 0.622255
v 0.742959 3.613591 0.622255
v 0.774449 2.513705 0.622255
v 0.742959 2.482214 0.622255
v 0.711469 3.047903 0.054079
v 0.742959 3.047903 0.022589
v 0.711469 3.047903 1.190431
v 0.742959 3.047903 1.221921
v 0.742959 3.047903 1.221921
v 0.774449 3.047903 1.190431
v 0.774449 3.047903 0.054079
v 0.742959 3.047903 0.022589
vn 1.0000 -0.0000 -0.0000
vn -1.0000 -0.0000 -0.0000
vn -0.0000 1.0000 -0.0000
vn -0.5773 0.5774 -0.5774
vn -0.5773 -0.5774 -0.5774
vn -0.5773 0.5774 0.5774
vn -0.5774 -0.5774 0.5773
vn 0.5773 0.5774 -0.5774
vn 0.5773 -0.5774 -0.5774
vn 0.5773 0.5774 0.5774
vn 0.5774 -0.5774 0.5774
vn -0.7071 0.7071 -0.0000
vn -0.7071 -0.0000 -0.7071
vn -0.7071 -0.7071 -0.0000
vn -0.7071 -0.0000 0.7071
vn 0.7071 -0.0000 0.7071
vn 0.7071 0.7071 -0.0000
vn 0.7071 -0.7071 -0.0000
vn 0.7071 -0.0000 -0.7071
vt 0.402392 0.641679
vt 0.402392 0.740733
vt 0.065383 0.987532
vt 0.212993 0.896246
vt 0.445856 0.786961
vt 0.067945 0.987532
vt 0.067945 0.990095
vt 0.215555 0.896246
vt 0.358929 0.786961
vt 0.212993 0.983173
vt 0.985507 0.322671
vt 0.215555 0.983173
vt 0.982944 0.325233
vt 0.982944 0.322671
vt 0.445856 0.694505
vt 0.065383 0.895076
vt 0.094336 0.895076
vt 0.445856 0.691943
vt 0.067946 0.892514
vt 0.067946 0.895076
vt 0.985507 0.230214
vt 0.358929 0.694505
vt 0.982945 0.230214
vt 0.094336 0.982004
vt 0.982944 0.227652
vt 0.358929 0.691943
vt 0.358929 0.687907
vt 0.070508 0.987532
vt 0.215555 0.896246
vt 0.358929 0.690469
vt 0.067945 0.990095
vt 0.067945 0.987532
vt 0.980382 0.322671
vt 0.445856 0.687907
vt 0.982944 0.322671
vt 0.215555 0.983173
vt 0.982944 0.325233
vt 0.445856 0.690469
vt 0.067946 0.895076
vt 0.094336 0.895076
vt 0.067946 0.892514
vt 0.358929 0.592888
vt 0.358929 0.595451
vt 0.070508 0.895076
vt 0.094336 0.982004
vt 0.982944 0.227652
vt 0.445856 0.592889
vt 0.982945 0.230214
vt 0.980382 0.230214
vt 0.445856 0.595451
vt 0.065383 0.941304
vt 0.445856 0.740733
vt 0.067946 0.941304
vt 0.358929 0.740733
vt 0.985507 0.276443
vt 0.982945 0.276443
vt 0.358929 0.641679
vt 0.070508 0.941304
vt 0.067946 0.941304
vt 0.445856 0.641679
vt 0.980382 0.276443
vt 0.982945 0.276443
vt 0.212993 0.939709
vt 0.402392 0.786961
vt 0.215555 0.939709
vt 0.402392 0.694505
vt 0.094336 0.938540
vt 0.402392 0.691943
vt 0.094336 0.938540
vt 0.402392 0.592889
vt 0.402392 0.595451
vt 0.402392 0.687907
vt 0.215555 0.939709
vt 0.402392 0.690469
s 0
f 571/917/143 541/861/143 581/932/143 555/887/143
f 542/862/144 569/914/144 552/882/144 577/926/144
f 563/903/143 580/931/143 541/861/143 571/917/143
f 574/922/144 570/916/144 548/874/144 559/895/144
f 556/889/145 582/933/145 576/925/145 545/868/145
f 567/912/144 542/862/144 577/926/144 549/875/144
f 578/927/145 554/884/145 564/905/145 579/929/145
f 565/908/145 553/883/145 570/916/145 574/922/145
f 582/933/145 560/896/145 547/872/145 576/925/145
f 568/913/144 572/919/144 557/892/144 544/866/144
f 580/931/143 566/910/143 573/920/143 541/861/143
f 575/924/144 546/869/144 569/914/144 542/862/144
f 541/861/143 573/920/143 558/894/143 581/932/143
f 551/880/145 561/899/145 572/919/145 568/913/145
f 550/877/145 578/927/145 579/929/145 562/900/145
f 543/863/146 544/866/146 545/867/146
f 546/871/147 547/873/147 548/874/147
f 549/876/148 550/879/148 551/880/148
f 552/881/149 553/883/149 554/885/149
f 555/888/150 556/891/150 557/892/150
f 558/893/151 559/895/151 560/897/151
f 561/899/152 562/901/152 563/904/152
f 564/906/153 565/908/153 566/909/153
f 568/913/154 544/866/154 543/863/154 567/911/154
f 576/925/155 547/872/155 546/870/155 575/923/155
f 570/916/156 553/883/156 552/881/156 569/915/156
f 578/928/157 550/878/157 549/875/157 577/926/157
f 561/899/145 551/880/145 550/879/145 562/901/145
f 553/883/145 565/908/145 564/906/145 554/885/145
f 580/931/158 563/903/158 562/902/158 579/930/158
f 572/919/159 561/899/159 563/904/159 571/918/159
f 574/922/160 559/895/160 558/893/160 573/921/160
f 582/934/161 556/890/161 555/887/161 581/932/161
f 544/866/145 557/892/145 556/891/145 545/867/145
f 559/895/145 548/874/145 547/873/145 560/897/145
f 551/880/154 568/913/154 567/911/154 549/876/154
f 548/874/156 570/916/156 569/915/156 546/871/156
f 557/892/159 572/919/159 571/918/159 555/888/159
f 565/908/160 574/922/160 573/921/160 566/909/160
f 545/868/155 576/925/155 575/923/155 543/864/155
f 554/886/157 578/928/157 577/926/157 552/882/157
f 566/910/158 580/931/158 579/930/158 564/907/158
f 560/898/161 582/934/161 581/932/161 558/894/161
f 543/865/144 575/924/144 542/862/144 567/912/144
o Kostka.004
v 0.774449 4.487430 -0.622875
v 0.711469 4.487430 -0.622875
v 0.711469 5.012370 -1.191051
v 0.742959 5.043859 -1.191051
v 0.742959 5.012370 -1.222541
v 0.711469 3.962491 -1.191051
v 0.742959 3.962491 -1.222541
v 0.742959 3.931001 -1.191051
v 0.711469 5.012369 -0.054699
v 0.742959 5.012369 -0.023209
v 0.742959 5.043859 -0.054699
v 0.711469 3.962491 -0.054699
v 0.742959 3.931001 -0.054699
v 0.742959 3.962491 -0.023209
v 0.774449 5.012370 -1.191051
v 0.742959 5.012370 -1.222541
v 0.742959 5.043859 -1.191051
v 0.774449 3.962491 -1.191051
v 0.742959 3.931001 -1.191051
v 0.742959 3.962491 -1.222541
v 0.742959 5.043859 -0.054699
v 0.742959 5.012369 -0.023209
v 0.774449 5.012369 -0.054699
v 0.742959 3.962491 -0.023209
v 0.742959 3.931001 -0.054699
v 0.774449 3.962491 -0.054699
v 0.711469 5.012369 -0.622875
v 0.742959 5.043859 -0.622875
v 0.711469 3.962491 -0.622875
v 0.742959 3.931001 -0.622875
v 0.774449 5.012369 -0.622875
v 0.742959 5.043859 -0.622875
v 0.774449 3.962491 -0.622875
v 0.742959 3.931001 -0.622875
v 0.711469 4.487430 -1.191051
v 0.742959 4.487430 -1.222541
v 0.711469 4.487430 -0.054699
v 0.742959 4.487430 -0.023209
v 0.742959 4.487430 -0.023209
v 0.774449 4.487430 -0.054699
v 0.774449 4.487430 -1.191051
v 0.742959 4.487430 -1.222541
vn 1.0000 -0.0000 -0.0000
vn -1.0000 -0.0000 -0.0000
vn -0.0000 1.0000 -0.0000
vn -0.5773 0.5774 -0.5773
vn -0.5773 -0.5774 -0.5774
vn -0.5774 0.5773 0.5773
vn -0.5774 -0.5774 0.5773
vn 0.5773 0.5774 -0.5774
vn 0.5773 -0.5774 -0.5774
vn 0.5773 0.5774 0.5774
vn 0.5774 -0.5773 0.5774
vn -0.7071 0.7071 -0.0000
vn -0.7071 -0.0000 -0.7071
vn -0.7071 -0.7071 -0.0000
vn -0.7071 -0.0000 0.7071
vn 0.7071 -0.0000 0.7071
vn 0.7071 0.7071 -0.0000
vn 0.7071 -0.7071 -0.0000
vn 0.7071 -0.0000 -0.7071
vt 0.833007 0.346689
vt 0.833007 0.247635
vt 0.058786 0.987532
vt 0.229051 0.896246
vt 0.875717 0.293864
vt 0.061348 0.987532
vt 0.061348 0.990095
vt 0.231613 0.896246
vt 0.790296 0.293864
vt 0.229051 0.981667
vt 0.050715 0.987532
vt 0.231613 0.981667
vt 0.048153 0.990095
vt 0.048153 0.987532
vt 0.875717 0.201407
vt 0.058786 0.895076
vt 0.245611 0.896246
vt 0.875717 0.198845
vt 0.061348 0.892514
vt 0.061348 0.895076
vt 0.050715 0.895076
vt 0.790296 0.201407
vt 0.048153 0.895076
vt 0.245611 0.981666
vt 0.048153 0.892514
vt 0.790296 0.198845
vt 0.790296 0.392918
vt 0.063910 0.987532
vt 0.231613 0.896246
vt 0.790296 0.395480
vt 0.061348 0.990095
vt 0.061348 0.987532
vt 0.045591 0.987532
vt 0.875717 0.392918
vt 0.048153 0.987532
vt 0.231613 0.981667
vt 0.048153 0.990095
vt 0.875717 0.395480
vt 0.061348 0.895076
vt 0.245611 0.896246
vt 0.061348 0.892514
vt 0.790296 0.297899
vt 0.790296 0.300461
vt 0.063910 0.895076
vt 0.245611 0.981666
vt 0.048153 0.892514
vt 0.875717 0.297899
vt 0.048153 0.895076
vt 0.045591 0.895076
vt 0.875717 0.300461
vt 0.058786 0.941304
vt 0.875717 0.247635
vt 0.061348 0.941304
vt 0.790296 0.247635
vt 0.050715 0.941304
vt 0.048153 0.941304
vt 0.790296 0.346689
vt 0.063910 0.941304
vt 0.061348 0.941304
vt 0.875717 0.346689
vt 0.045591 0.941304
vt 0.048153 0.941304
vt 0.229051 0.938956
vt 0.833007 0.293864
vt 0.231613 0.938956
vt 0.833007 0.201407
vt 0.245611 0.938956
vt 0.833007 0.198845
vt 0.245611 0.938956
vt 0.833007 0.297899
vt 0.833007 0.300461
vt 0.833007 0.392918
vt 0.231613 0.938956
vt 0.833007 0.395480
s 0
f 613/991/162 583/935/162 623/1006/162 597/961/162
f 584/936/163 611/988/163 594/956/163 619/1000/163
f 605/977/162 622/1005/162 583/935/162 613/991/162
f 616/996/164 612/990/164 590/948/164 601/969/164
f 598/963/164 624/1007/164 618/999/164 587/942/164
f 609/986/163 584/936/163 619/1000/163 591/949/163
f 620/1001/164 596/958/164 606/979/164 621/1003/164
f 607/982/164 595/957/164 612/990/164 616/996/164
f 624/1007/164 602/970/164 589/946/164 618/999/164
f 610/987/164 614/993/164 599/966/164 586/940/164
f 622/1005/162 608/984/162 615/994/162 583/935/162
f 617/998/163 588/943/163 611/988/163 584/936/163
f 583/935/162 615/994/162 600/968/162 623/1006/162
f 593/954/164 603/973/164 614/993/164 610/987/164
f 592/951/164 620/1001/164 621/1003/164 604/974/164
f 585/937/165 586/940/165 587/941/165
f 588/945/166 589/947/166 590/948/166
f 591/950/167 592/953/167 593/954/167
f 594/955/168 595/957/168 596/959/168
f 597/962/169 598/965/169 599/966/169
f 600/967/170 601/969/170 602/971/170
f 603/973/171 604/975/171 605/978/171
f 606/980/172 607/982/172 608/983/172
f 610/987/173 586/940/173 585/937/173 609/985/173
f 618/999/174 589/946/174 588/944/174 617/997/174
f 612/990/175 595/957/175 594/955/175 611/989/175
f 620/1002/176 592/952/176 591/949/176 619/1000/176
f 603/973/164 593/954/164 592/953/164 604/975/164
f 595/957/164 607/982/164 606/980/164 596/959/164
f 622/1005/177 605/977/177 604/976/177 621/1004/177
f 614/993/178 603/973/178 605/978/178 613/992/178
f 616/996/179 601/969/179 600/967/179 615/995/179
f 624/1008/180 598/964/180 597/961/180 623/1006/180
f 586/940/164 599/966/164 598/965/164 587/941/164
f 601/969/164 590/948/164 589/947/164 602/971/164
f 593/954/173 610/987/173 609/985/173 591/950/173
f 590/948/175 612/990/175 611/989/175 588/945/175
f 599/966/178 614/993/178 613/992/178 597/962/178
f 607/982/179 616/996/179 615/995/179 608/983/179
f 587/942/174 618/999/174 617/997/174 585/938/174
f 596/960/176 620/1002/176 619/1000/176 594/956/176
f 608/984/177 622/1005/177 621/1004/177 606/981/177
f 602/972/180 624/1008/180 623/1006/180 600/968/180
f 585/939/163 617/998/163 584/936/163 609/986/163
o Cube.001
v 0.739915 3.383264 -0.631088
v 0.739915 3.383264 -0.414500
v 0.739915 3.383264 -0.859914
v 0.731157 3.203201 -0.631088
v 0.731157 3.203201 -0.414500
v 0.731157 3.203201 -0.859914
v 0.727376 3.563102 -0.631088
v 0.727376 3.563102 -0.414500
v 0.727376 3.563102 -0.859914
v 0.713164 3.652152 -0.631088
v 0.713164 3.652152 -0.414500
v 0.713164 3.652152 -0.859914
v 0.718818 3.113873 -0.631088
v 0.718818 3.113873 -0.414500
v 0.718818 3.113873 -0.859914
v 0.653986 3.382352 -0.631030
v 0.653986 3.382352 -0.412363
v 0.653986 3.382352 -0.849697
v 0.644636 3.202721 -0.631030
v 0.644636 3.202721 -0.412363
v 0.644636 3.202721 -0.849697
v 0.640868 3.561748 -0.631030
v 0.640868 3.561748 -0.412363
v 0.640868 3.561748 -0.849697
v 0.625933 3.650481 -0.631030
v 0.625933 3.650481 -0.412363
v 0.625933 3.650481 -0.849697
v 0.631568 3.113694 -0.631030
v 0.631568 3.113694 -0.412363
v 0.631568 3.113694 -0.849697
v 0.675242 3.739837 -0.410576
v 0.689568 3.669581 -0.259333
v 0.704036 3.691319 -0.407632
v 0.677378 3.732958 -0.379254
v 0.679840 3.723216 -0.347571
v 0.682468 3.711226 -0.317643
v 0.680525 3.737436 -0.407381
v 0.682601 3.729159 -0.377460
v 0.684626 3.720805 -0.348454
v 0.686702 3.711220 -0.322551
v 0.686108 3.732235 -0.405092
v 0.687643 3.724948 -0.376373
v 0.688991 3.718053 -0.350103
v 0.690354 3.710815 -0.328474
v 0.692760 3.710052 -0.334814
v 0.693143 3.676598 -0.269909
v 0.696531 3.682747 -0.287844
v 0.699528 3.687657 -0.312112
v 0.687498 3.683328 -0.272412
v 0.691059 3.688405 -0.285756
v 0.694434 3.692835 -0.300078
v 0.697202 3.696522 -0.319153
v 0.685079 3.697525 -0.292263
v 0.688892 3.700114 -0.302621
v 0.692298 3.702305 -0.313216
v 0.694830 3.704456 -0.327126
v 0.700856 3.703172 -0.405304
v 0.696633 3.714498 -0.404017
v 0.691630 3.724547 -0.403868
v 0.703342 3.691924 -0.374425
v 0.699934 3.701523 -0.374373
v 0.696395 3.711113 -0.374705
v 0.692338 3.719344 -0.375495
v 0.701809 3.690680 -0.341930
v 0.698850 3.699352 -0.345001
v 0.695914 3.707617 -0.348399
v 0.692741 3.714277 -0.351081
v 0.696227 3.098619 -0.258044
v 0.682834 3.025855 -0.408152
v 0.710787 3.076414 -0.407566
v 0.694302 3.084777 -0.271331
v 0.692046 3.070326 -0.291235
v 0.689607 3.056231 -0.316504
v 0.699911 3.091603 -0.268864
v 0.697966 3.079752 -0.284897
v 0.695975 3.067763 -0.301246
v 0.693933 3.056395 -0.321425
v 0.703374 3.085422 -0.287048
v 0.701404 3.075301 -0.299842
v 0.699432 3.065581 -0.312397
v 0.697610 3.056834 -0.327481
v 0.700014 3.057611 -0.333834
v 0.688108 3.028563 -0.404815
v 0.693620 3.034115 -0.402611
v 0.699014 3.042175 -0.401697
v 0.684840 3.033369 -0.377382
v 0.690073 3.037414 -0.375529
v 0.695069 3.041699 -0.374451
v 0.699671 3.047724 -0.374018
v 0.687148 3.043714 -0.346134
v 0.691984 3.046511 -0.347121
v 0.696338 3.049244 -0.348775
v 0.700047 3.053166 -0.349954
v 0.710173 3.075951 -0.374242
v 0.708685 3.077321 -0.341580
v 0.706410 3.080446 -0.311546
v 0.707843 3.064265 -0.404404
v 0.706952 3.066041 -0.373581
v 0.705961 3.068332 -0.344203
v 0.704254 3.071442 -0.318585
v 0.703835 3.052597 -0.402399
v 0.703532 3.056347 -0.373554
v 0.703114 3.060029 -0.347441
v 0.702008 3.063373 -0.326323
v 0.682785 3.025630 -0.865108
v 0.696171 3.098310 -1.017361
v 0.710770 3.076447 -0.866734
v 0.684789 3.033189 -0.895899
v 0.687095 3.043558 -0.927326
v 0.689552 3.056075 -0.957277
v 0.688069 3.028390 -0.868638
v 0.690018 3.037286 -0.897892
v 0.691924 3.046188 -0.926484
v 0.693869 3.056207 -0.952248
v 0.693590 3.033994 -0.871044
v 0.695039 3.041797 -0.899073
v 0.696303 3.049133 -0.924869
v 0.697570 3.056699 -0.946274
v 0.699981 3.057488 -0.939964
v 0.699850 3.091283 -1.006152
v 0.703314 3.085119 -0.987633
v 0.706355 3.080190 -0.962876
v 0.694246 3.084540 -1.003471
v 0.697921 3.079416 -0.989737
v 0.701381 3.074983 -0.975019
v 0.704202 3.071270 -0.955669
v 0.691990 3.070141 -0.983012
v 0.695908 3.067570 -0.972415
v 0.699391 3.065405 -0.961610
v 0.701970 3.063228 -0.947616
v 0.707826 3.064275 -0.869783
v 0.703817 3.052571 -0.871636
v 0.698991 3.042105 -0.872158
v 0.710141 3.075872 -0.899988
v 0.706932 3.066050 -0.900486
v 0.703581 3.056213 -0.900482
v 0.699667 3.047703 -0.899902
v 0.708640 3.077143 -0.932692
v 0.705861 3.068344 -0.929748
v 0.703084 3.059925 -0.926459
v 0.700021 3.053083 -0.923869
v 0.675192 3.740045 -0.862638
v 0.704023 3.691292 -0.866665
v 0.689509 3.669869 -1.015994
v 0.680485 3.737600 -0.866027
v 0.686077 3.732353 -0.868523
v 0.691607 3.724619 -0.869953
v 0.677325 3.733125 -0.893990
v 0.682572 3.729310 -0.895990
v 0.687605 3.725265 -0.897298
v 0.692291 3.719486 -0.898106
v 0.679786 3.723361 -0.925855
v 0.684603 3.720736 -0.925012
v 0.688958 3.718162 -0.923520
v 0.692709 3.714395 -0.922574
v 0.692726 3.710168 -0.938959
v 0.703313 3.691998 -0.899801
v 0.701766 3.690843 -0.932333
v 0.699473 3.687891 -0.962291
v 0.700843 3.703169 -0.868868
v 0.699901 3.701668 -0.899766
v 0.698876 3.699632 -0.929205
v 0.697167 3.696718 -0.954877
v 0.696616 3.714529 -0.869993
v 0.696301 3.711117 -0.899134
v 0.695883 3.707731 -0.925490
v 0.694795 3.704593 -0.946770
v 0.687440 3.683548 -1.002329
v 0.685022 3.697697 -0.981938
v 0.682412 3.711371 -0.956101
v 0.693081 3.676894 -1.005051
v 0.691001 3.688538 -0.988674
v 0.688862 3.700276 -0.971914
v 0.686678 3.711305 -0.951256
v 0.696470 3.683025 -0.986800
v 0.694360 3.692947 -0.973667
v 0.692255 3.702449 -0.960746
v 0.690321 3.710929 -0.945264
v 0.681402 3.019922 -0.631076
v 0.709696 3.068460 -0.631088
v 0.686531 3.021564 -0.631079
v 0.691976 3.026405 -0.631082
v 0.697366 3.034116 -0.631084
v 0.702332 3.044171 -0.631086
v 0.706538 3.055885 -0.631087
v 0.702740 3.698933 -0.631088
v 0.673793 3.745292 -0.631076
v 0.699410 3.711032 -0.631087
v 0.695044 3.722276 -0.631086
v 0.689942 3.731899 -0.631084
v 0.684449 3.739244 -0.631082
v 0.678941 3.743813 -0.631079
v 0.710934 3.074242 -0.414500
v 0.682696 3.025476 -0.411996
v 0.707790 3.061610 -0.414414
v 0.703597 3.049841 -0.414164
v 0.698641 3.039740 -0.413766
v 0.693261 3.031992 -0.413248
v 0.687822 3.027127 -0.412644
v 0.675204 3.739767 -0.411997
v 0.704099 3.693197 -0.414500
v 0.680349 3.738279 -0.412645
v 0.685851 3.733688 -0.413249
v 0.691335 3.726309 -0.413767
v 0.696427 3.716643 -0.414165
v 0.700781 3.705349 -0.414415
v 0.710935 3.074248 -0.859914
v 0.682694 3.025476 -0.862393
v 0.707790 3.061614 -0.859998
v 0.703597 3.049845 -0.860246
v 0.698641 3.039742 -0.860640
v 0.693260 3.031993 -0.861153
v 0.687821 3.027128 -0.861751
v 0.675203 3.739767 -0.862392
v 0.704100 3.693191 -0.859914
v 0.680348 3.738278 -0.861750
v 0.685851 3.733688 -0.861153
v 0.691335 3.726307 -0.860640
v 0.696428 3.716640 -0.860246
v 0.700782 3.705345 -0.859998
v 0.720363 3.383056 -0.223788
v 0.739915 3.383264 -0.358437
v 0.725423 3.383110 -0.229601
v 0.730139 3.383160 -0.243823
v 0.734188 3.383203 -0.265484
v 0.737296 3.383236 -0.293108
v 0.739249 3.383256 -0.324812
v 0.739915 3.383264 -0.908591
v 0.720364 3.383056 -1.043257
v 0.739249 3.383256 -0.942225
v 0.737296 3.383236 -0.973938
v 0.734189 3.383203 -1.001566
v 0.730140 3.383160 -1.023229
v 0.725424 3.383110 -1.037448
v 0.711592 3.203093 -0.226797
v 0.731157 3.203201 -0.361434
v 0.716655 3.203121 -0.232594
v 0.721374 3.203147 -0.246804
v 0.725426 3.203169 -0.268460
v 0.728535 3.203187 -0.296085
v 0.730490 3.203197 -0.327797
v 0.731157 3.203201 -0.905590
v 0.711593 3.203093 -1.040248
v 0.730490 3.203197 -0.939239
v 0.728536 3.203187 -0.970959
v 0.725427 3.203169 -0.998590
v 0.721375 3.203147 -1.020247
v 0.716657 3.203121 -1.034456
v 0.727376 3.563102 -0.361408
v 0.707764 3.562795 -0.226783
v 0.726708 3.563092 -0.327777
v 0.724749 3.563061 -0.296070
v 0.721632 3.563012 -0.268448
v 0.717570 3.562948 -0.246794
v 0.712840 3.562874 -0.232583
v 0.707766 3.562795 -1.040261
v 0.727376 3.563102 -0.905619
v 0.712841 3.562874 -1.034467
v 0.717571 3.562948 -1.020258
v 0.721633 3.563012 -0.998602
v 0.724749 3.563061 -0.970976
v 0.726708 3.563092 -0.939261
v 0.713164 3.652152 -0.381591
v 0.693451 3.651774 -0.247099
v 0.712492 3.652139 -0.347939
v 0.710523 3.652101 -0.316229
v 0.707390 3.652041 -0.288623
v 0.703308 3.651963 -0.267002
v 0.698553 3.651872 -0.252838
v 0.693456 3.651774 -1.029398
v 0.713164 3.652152 -0.894720
v 0.698556 3.651872 -1.023624
v 0.703310 3.651963 -1.009424
v 0.707392 3.652041 -0.987767
v 0.710524 3.652101 -0.960129
v 0.712492 3.652139 -0.928392
v 0.718818 3.113873 -0.381645
v 0.699190 3.113832 -0.247122
v 0.718149 3.113871 -0.347980
v 0.716188 3.113867 -0.316259
v 0.713069 3.113861 -0.288646
v 0.709004 3.113853 -0.267021
v 0.704270 3.113843 -0.252858
v 0.699195 3.113832 -1.029374
v 0.718818 3.113873 -0.894660
v 0.704274 3.113843 -1.023604
v 0.709006 3.113853 -1.009404
v 0.713070 3.113861 -0.987743
v 0.716189 3.113867 -0.960095
v 0.718149 3.113871 -0.928347
v 0.624213 3.737489 -0.400025
v 0.616591 3.688543 -0.385937
v 0.641826 3.668757 -0.246336
v 0.620227 3.733979 -0.388678
v 0.617130 3.728075 -0.380434
v 0.615069 3.720143 -0.375670
v 0.626830 3.730937 -0.368456
v 0.622775 3.726333 -0.360659
v 0.619323 3.721573 -0.354626
v 0.617090 3.715111 -0.350716
v 0.629852 3.721521 -0.336425
v 0.625367 3.718143 -0.333043
v 0.621671 3.714736 -0.330793
v 0.619387 3.709912 -0.328863
v 0.621649 3.705379 -0.314041
v 0.618632 3.683724 -0.349296
v 0.621841 3.679136 -0.315221
v 0.626027 3.675061 -0.285816
v 0.614884 3.699663 -0.378803
v 0.617491 3.695269 -0.348546
v 0.620257 3.691157 -0.319634
v 0.623781 3.687662 -0.295545
v 0.614376 3.710373 -0.375347
v 0.616781 3.705947 -0.348867
v 0.619270 3.701702 -0.324541
v 0.622234 3.698320 -0.305339
v 0.639273 3.682381 -0.259881
v 0.636293 3.696385 -0.280219
v 0.633081 3.709835 -0.306075
v 0.636427 3.669776 -0.250886
v 0.633639 3.683734 -0.268858
v 0.630839 3.696850 -0.286466
v 0.628079 3.708679 -0.307417
v 0.631053 3.671918 -0.264294
v 0.628404 3.685260 -0.279731
v 0.626076 3.697201 -0.294162
v 0.624015 3.707156 -0.310163
v 0.648287 3.098405 -0.244936
v 0.623381 3.077612 -0.385649
v 0.631814 3.027207 -0.397858
v 0.642833 3.096780 -0.249888
v 0.637449 3.094171 -0.263640
v 0.632460 3.090732 -0.285416
v 0.645910 3.084684 -0.258722
v 0.640254 3.082954 -0.267720
v 0.635073 3.081052 -0.278347
v 0.630570 3.078515 -0.294719
v 0.643128 3.070428 -0.279163
v 0.637708 3.069687 -0.286008
v 0.633018 3.069081 -0.293352
v 0.629242 3.067865 -0.304452
v 0.628790 3.060714 -0.313077
v 0.621914 3.066330 -0.377679
v 0.621617 3.055397 -0.373543
v 0.622485 3.045357 -0.373387
v 0.625271 3.082120 -0.349088
v 0.624401 3.070555 -0.347705
v 0.623846 3.059862 -0.347247
v 0.624432 3.050701 -0.348908
v 0.628359 3.086584 -0.314978
v 0.627163 3.074700 -0.319281
v 0.626342 3.064253 -0.323575
v 0.626634 3.056072 -0.327585
v 0.634271 3.034380 -0.366765
v 0.637103 3.044387 -0.335093
v 0.640126 3.056591 -0.304970
v 0.627829 3.030968 -0.386240
v 0.630280 3.039120 -0.359081
v 0.632647 3.047600 -0.331677
v 0.635127 3.057604 -0.306522
v 0.624667 3.037143 -0.377954
v 0.626824 3.044218 -0.353088
v 0.628978 3.051218 -0.329506
v 0.631127 3.059052 -0.309240
v 0.631776 3.027051 -0.875440
v 0.623621 3.078893 -0.890036
v 0.648211 3.098048 -1.030797
v 0.627820 3.030937 -0.887462
v 0.624697 3.037298 -0.896185
v 0.622561 3.045753 -0.901201
v 0.634226 3.034250 -0.906583
v 0.630211 3.039110 -0.914896
v 0.626768 3.044158 -0.921278
v 0.624479 3.050928 -0.925400
v 0.637052 3.044260 -0.938475
v 0.632639 3.047761 -0.942125
v 0.628978 3.051296 -0.944594
v 0.626658 3.056240 -0.946709
v 0.628803 3.060829 -0.961302
v 0.625434 3.082996 -0.926585
v 0.628448 3.087077 -0.960688
v 0.632484 3.090885 -0.990255
v 0.622099 3.067310 -0.897700
v 0.624534 3.071295 -0.927509
v 0.627149 3.075112 -0.956149
v 0.630551 3.078471 -0.980149
v 0.621746 3.056073 -0.901465
v 0.624026 3.060386 -0.927280
v 0.626393 3.064548 -0.951136
v 0.629248 3.067901 -0.970093
v 0.645838 3.084414 -1.016352
v 0.643063 3.070228 -0.995299
v 0.640067 3.056441 -0.968970
v 0.642772 3.096500 -1.025815
v 0.640254 3.082703 -1.007129
v 0.637696 3.069571 -0.988930
v 0.635158 3.057576 -0.967656
v 0.637422 3.094065 -1.012041
v 0.635080 3.080934 -0.996052
v 0.633011 3.069073 -0.981192
v 0.631155 3.059075 -0.965011
v 0.624175 3.737632 -0.873242
v 0.641747 3.669091 -1.029315
v 0.616809 3.687510 -0.889511
v 0.626785 3.731057 -0.904866
v 0.629800 3.721638 -0.937116
v 0.633021 3.709973 -0.967831
v 0.620214 3.734022 -0.884951
v 0.622816 3.726375 -0.912778
v 0.625326 3.718376 -0.940755
v 0.627973 3.708772 -0.966467
v 0.617152 3.727969 -0.893587
v 0.619416 3.721315 -0.919073
v 0.621679 3.714692 -0.943181
v 0.623965 3.707135 -0.963937
v 0.621656 3.705308 -0.960261
v 0.636359 3.670060 -1.024743
v 0.631014 3.672067 -1.011307
v 0.626035 3.674998 -0.989754
v 0.639200 3.682632 -1.015130
v 0.633539 3.683813 -1.006372
v 0.628355 3.685247 -0.995971
v 0.623839 3.687385 -0.979729
v 0.636226 3.696571 -0.994196
v 0.630765 3.696940 -0.987537
v 0.626052 3.697219 -0.980368
v 0.622258 3.698139 -0.969349
v 0.615050 3.698879 -0.896356
v 0.614489 3.709840 -0.899467
v 0.615133 3.719840 -0.898758
v 0.618774 3.683045 -0.926195
v 0.617587 3.694829 -0.926550
v 0.616762 3.705639 -0.926112
v 0.617139 3.714838 -0.923724
v 0.621912 3.678787 -0.960308
v 0.620394 3.690913 -0.955122
v 0.619309 3.701504 -0.950066
v 0.619417 3.709759 -0.945467
v 0.621640 3.067165 -0.631030
v 0.630135 3.020072 -0.631042
v 0.619674 3.054988 -0.631030
v 0.619105 3.043638 -0.631032
v 0.619971 3.033888 -0.631034
v 0.622214 3.026402 -0.631036
v 0.625681 3.021689 -0.631039
v 0.622522 3.744055 -0.631042
v 0.614688 3.698249 -0.631030
v 0.618095 3.742393 -0.631039
v 0.614696 3.737754 -0.631036
v 0.612559 3.730453 -0.631034
v 0.611829 3.720988 -0.631032
v 0.612554 3.710004 -0.631030
v 0.631492 3.025609 -0.405077
v 0.622925 3.072788 -0.407814
v 0.627036 3.027227 -0.404607
v 0.623563 3.031947 -0.404527
v 0.621309 3.039447 -0.404842
v 0.620427 3.049216 -0.405529
v 0.620978 3.060588 -0.406543
v 0.616090 3.692667 -0.407650
v 0.623994 3.738548 -0.405075
v 0.613976 3.704443 -0.406421
v 0.613267 3.715446 -0.405447
v 0.614013 3.724927 -0.404793
v 0.616161 3.732240 -0.404504
v 0.619565 3.736886 -0.404600
v 0.631494 3.025609 -0.869245
v 0.622882 3.072585 -0.859983
v 0.627036 3.027220 -0.869487
v 0.623558 3.031920 -0.868912
v 0.621297 3.039388 -0.867559
v 0.620406 3.049115 -0.865521
v 0.620947 3.060438 -0.862937
v 0.616045 3.692858 -0.860350
v 0.623995 3.738548 -0.869247
v 0.613943 3.704585 -0.863209
v 0.613245 3.715542 -0.865705
v 0.614000 3.724983 -0.867667
v 0.616155 3.732266 -0.868962
v 0.619564 3.736892 -0.869501
v 0.653986 3.382352 -0.334585
v 0.673670 3.382561 -0.210766
v 0.654657 3.382359 -0.301304
v 0.656623 3.382380 -0.270666
v 0.659751 3.382413 -0.244758
v 0.663828 3.382457 -0.225345
v 0.668575 3.382507 -0.213751
v 0.673668 3.382561 -1.056216
v 0.653986 3.382352 -0.932319
v 0.668574 3.382507 -1.053222
v 0.663827 3.382457 -1.041617
v 0.659751 3.382413 -1.022190
v 0.656623 3.382380 -0.996267
v 0.654656 3.382359 -0.965614
v 0.644636 3.202721 -0.337756
v 0.664336 3.202830 -0.213800
v 0.645308 3.202725 -0.304456
v 0.647276 3.202735 -0.273795
v 0.650406 3.202753 -0.247862
v 0.654486 3.202775 -0.228424
v 0.659237 3.202802 -0.216806
v 0.664334 3.202830 -1.053182
v 0.644636 3.202721 -0.929144
v 0.659236 3.202802 -1.050167
v 0.654485 3.202775 -1.038538
v 0.650406 3.202753 -1.019085
v 0.647275 3.202735 -0.993136
v 0.645308 3.202725 -0.962459
v 0.660616 3.562057 -0.213814
v 0.640868 3.561748 -0.337727
v 0.655504 3.561977 -0.216815
v 0.650742 3.561902 -0.228427
v 0.646652 3.561838 -0.247857
v 0.643513 3.561789 -0.273782
v 0.641540 3.561758 -0.304435
v 0.640868 3.561748 -0.929176
v 0.660614 3.562057 -1.053168
v 0.641540 3.561758 -0.962482
v 0.643513 3.561789 -0.993150
v 0.646651 3.561838 -1.019091
v 0.650741 3.561902 -1.038535
v 0.655503 3.561977 -1.050158
v 0.645792 3.650861 -0.234650
v 0.625933 3.650481 -0.358933
v 0.640652 3.650763 -0.237719
v 0.635863 3.650671 -0.249402
v 0.631750 3.650592 -0.268903
v 0.628594 3.650532 -0.294893
v 0.626610 3.650494 -0.325600
v 0.625933 3.650481 -0.917927
v 0.645787 3.650861 -1.042154
v 0.626610 3.650494 -0.951273
v 0.628593 3.650532 -0.981985
v 0.631748 3.650592 -1.007969
v 0.635860 3.650671 -1.027455
v 0.640648 3.650763 -1.039115
v 0.651338 3.113734 -0.234626
v 0.631568 3.113694 -0.358992
v 0.646221 3.113724 -0.237703
v 0.641453 3.113714 -0.249398
v 0.637359 3.113706 -0.268914
v 0.634217 3.113699 -0.294919
v 0.632242 3.113695 -0.325644
v 0.631568 3.113694 -0.917861
v 0.651333 3.113734 -1.042179
v 0.632242 3.113695 -0.951225
v 0.634216 3.113699 -0.981955
v 0.637357 3.113706 -1.007957
v 0.641451 3.113714 -1.027459
v 0.646217 3.113724 -1.039131
v 0.713164 3.652152 -0.664005
v 0.713164 3.652152 -0.675325
v 0.734873 3.279599 -0.360162
v 0.736188 3.306642 -0.359712
v 0.718161 3.620841 -0.631088
v 0.726251 3.496862 -0.267358
v 0.725476 3.507966 -0.267541
v 0.699821 3.709326 -0.699759
v 0.699773 3.709528 -0.691613
v 0.705141 3.094343 -0.280763
v 0.705757 3.097455 -0.278571
v 0.730434 3.509667 -0.326896
v 0.729813 3.518572 -0.327043
v 0.737180 3.327044 -0.414500
v 0.736523 3.313529 -0.414500
v 0.722815 3.161807 -0.305431
v 0.725225 3.179237 -0.301494
v 0.729991 3.525595 -0.414500
v 0.730827 3.513613 -0.414500
v 0.695446 3.720639 -0.697626
v 0.695414 3.720769 -0.692338
v 0.699293 3.087840 -0.273955
v 0.699382 3.088383 -0.273220
v 0.729552 3.203192 -0.312575
v 0.711704 3.506590 -0.225846
v 0.711830 3.504788 -0.225816
v 0.721890 3.501159 -0.245773
v 0.721457 3.507349 -0.245875
v 0.690336 3.730317 -0.696042
v 0.690318 3.730386 -0.693166
v 0.711502 3.105996 -0.294036
v 0.664777 3.504833 -0.212842
v 0.732023 3.234705 -0.327274
v 0.728137 3.514496 -0.295270
v 0.727348 3.525810 -0.295456
v 0.684839 3.737698 -0.695116
v 0.684833 3.737724 -0.694040
v 0.714724 3.113864 -0.303300
v 0.701161 3.089371 -0.275430
v 0.700896 3.089845 -0.274036
v 0.731965 3.497290 -0.360320
v 0.731020 3.510840 -0.360544
v 0.727376 3.563102 -0.561180
v 0.727376 3.563102 -0.574829
v 0.739915 3.383264 -0.456113
v 0.739915 3.383264 -0.473290
v 0.716971 3.503863 -0.231604
v 0.716760 3.506879 -0.231654
v 0.679330 3.742281 -0.694898
v 0.703096 3.697429 -0.691038
v 0.703163 3.697146 -0.702291
v 0.737845 3.340704 -0.451182
v 0.736730 3.317791 -0.465221
v 0.738849 3.361353 -0.487282
v 0.718856 3.616490 -0.590730
v 0.717070 3.627679 -0.578351
v 0.717686 3.623820 -0.658551
v 0.716306 3.632467 -0.652395
v 0.729444 3.533446 -0.391078
v 0.730486 3.518499 -0.393668
v 0.731174 3.508633 -0.446176
v 0.736544 3.431618 -0.497842
v 0.738034 3.410247 -0.459350
v 0.738201 3.407853 -0.488065
v 0.735486 3.446786 -0.551142
v 0.732027 3.496404 -0.530840
v 0.730422 3.519427 -0.549866
v 0.728824 3.542335 -0.568798
v 0.731512 3.503790 -0.504705
v 0.731082 3.509954 -0.461120
v 0.672567 3.083623 -0.272892
v 0.708755 3.202044 -0.329358
v 0.691335 3.112707 -0.290207
v 0.691429 3.650998 -0.665566
v 0.691429 3.650998 -0.676886
v 0.713138 3.278445 -0.361723
v 0.714454 3.305488 -0.361273
v 0.696427 3.619687 -0.632649
v 0.704517 3.495709 -0.268919
v 0.703742 3.506812 -0.269102
v 0.678087 3.708172 -0.701321
v 0.678038 3.708375 -0.693174
v 0.683406 3.093189 -0.282325
v 0.684022 3.096301 -0.280132
v 0.708699 3.508513 -0.328457
v 0.708078 3.517418 -0.328604
v 0.715446 3.325890 -0.416061
v 0.714789 3.312376 -0.416061
v 0.701081 3.160653 -0.306992
v 0.703490 3.178084 -0.303055
v 0.708257 3.524442 -0.416061
v 0.709092 3.512459 -0.416061
v 0.673712 3.719486 -0.699187
v 0.673680 3.719616 -0.693899
v 0.677559 3.086686 -0.275516
v 0.677648 3.087230 -0.274781
v 0.707817 3.202039 -0.314136
v 0.689969 3.505436 -0.227407
v 0.690096 3.503634 -0.227377
v 0.700155 3.500005 -0.247334
v 0.699723 3.506195 -0.247436
v 0.668601 3.729163 -0.697603
v 0.668584 3.729233 -0.694727
v 0.689767 3.104842 -0.295597
v 0.643043 3.503679 -0.214403
v 0.710288 3.233551 -0.328835
v 0.706403 3.513342 -0.296831
v 0.705613 3.524656 -0.297017
v 0.663105 3.736544 -0.696678
v 0.663098 3.736570 -0.695601
v 0.692990 3.112710 -0.304861
v 0.679427 3.088217 -0.276991
v 0.679161 3.088691 -0.275597
v 0.710230 3.496136 -0.361881
v 0.709286 3.509686 -0.362105
v 0.705642 3.561948 -0.562741
v 0.705642 3.561948 -0.576390
v 0.718180 3.382110 -0.457674
v 0.718180 3.382110 -0.474851
v 0.695236 3.502709 -0.233165
v 0.695025 3.505725 -0.233215
v 0.657596 3.741128 -0.696459
v 0.681362 3.696275 -0.692599
v 0.681429 3.695992 -0.703852
v 0.716110 3.339550 -0.452743
v 0.714996 3.316637 -0.466782
v 0.717115 3.360199 -0.488843
v 0.697121 3.615336 -0.592291
v 0.695335 3.626525 -0.579912
v 0.695951 3.622667 -0.660112
v 0.694571 3.631313 -0.653956
v 0.707710 3.532292 -0.392639
v 0.708752 3.517345 -0.395229
v 0.709440 3.507480 -0.447737
v 0.714809 3.430464 -0.499403
v 0.716299 3.409093 -0.460911
v 0.716466 3.406699 -0.489626
v 0.713752 3.445632 -0.552703
v 0.710292 3.495251 -0.532401
v 0.708687 3.518273 -0.551428
v 0.707090 3.541181 -0.570359
v 0.709777 3.502637 -0.506266
v 0.709347 3.508800 -0.462681
vn 0.2005 0.6023 -0.7727
vn -0.0224 0.9995 -0.0236
vn 0.2010 0.5754 0.7928
vn 0.2669 0.0353 0.9631
vn 0.9988 -0.0486 -0.0000
vn 0.2670 -0.0296 0.9632
vn 0.2658 -0.0296 -0.9636
vn 0.2586 -0.1538 -0.9537
vn 0.9906 -0.1368 -0.0000
vn 0.2515 -0.2515 0.9346
vn 0.9976 0.0696 -0.0000
vn 0.9875 0.1576 -0.0000
vn 0.2553 0.1592 -0.9537
vn -0.9722 -0.2342 -0.0064
vn -0.0012 -0.9997 -0.0236
vn 0.0152 -0.9844 0.1753
vn 0.9806 -0.1961 0.0002
vn 0.2109 -0.6126 -0.7617
vn -0.9782 0.2078 0.0002
vn -0.9736 -0.2283 -0.0002
vn -0.9764 0.2157 -0.0079
vn -0.9973 -0.0729 -0.0000
vn -0.9986 0.0520 -0.0000
vn -0.9894 0.1452 -0.0000
vn -0.9861 -0.1660 -0.0000
vn -0.9736 -0.2283 0.0002
vn -0.9765 0.2155 0.0065
vn -0.9782 0.2078 -0.0002
vn -0.9722 -0.2340 0.0052
vn -0.0011 -0.9997 0.0249
vn 0.9806 -0.1961 -0.0002
vn 0.9763 0.2166 -0.0002
vn 0.2461 0.2567 0.9346
vn 0.0146 -0.9843 -0.1758
vn 0.2651 0.0351 -0.9636
vn 0.9782 -0.2070 0.0149
vn 0.9743 0.2249 0.0122
vn 0.9781 -0.2076 -0.0149
vn -0.0097 0.9888 -0.1490
vn -0.0223 0.9994 0.0249
vn 0.2111 -0.5856 0.7826
vn 0.9742 0.2254 -0.0121
vn 0.9761 0.2173 0.0002
vn 0.4311 0.8824 0.1887
vn 0.5011 0.8388 0.2130
vn 0.4199 0.8579 0.2961
vn 0.6243 0.7637 0.1643
vn 0.5921 0.7854 0.1805
vn 0.5462 0.8013 0.2441
vn 0.7805 0.6164 0.1042
vn 0.7375 0.6626 0.1309
vn 0.7129 0.6781 0.1791
vn 0.5625 0.6580 0.5005
vn 0.7351 0.5833 0.3454
vn 0.8896 0.4108 0.1998
vn 0.6014 0.6863 0.4091
vn 0.6797 0.6416 0.3554
vn 0.8442 0.4879 0.2220
vn 0.4737 0.7927 0.3838
vn 0.5996 0.7269 0.3348
vn 0.7725 0.5923 0.2290
vn 0.9564 0.2905 0.0288
vn 0.9372 0.3456 0.0469
vn 0.8936 0.4450 0.0590
vn 0.9397 0.3371 0.0584
vn 0.9341 0.3517 0.0621
vn 0.8897 0.4500 0.0774
vn 0.9348 0.3404 0.1018
vn 0.9223 0.3730 0.1009
vn 0.8731 0.4732 0.1178
vn 0.5406 -0.6411 0.5448
vn 0.6190 -0.6673 0.4141
vn 0.4810 -0.7842 0.3919
vn 0.7417 -0.5792 0.3382
vn 0.7308 -0.5901 0.3430
vn 0.6291 -0.7029 0.3320
vn 0.8918 -0.4039 0.2039
vn 0.8562 -0.4635 0.2283
vn 0.7872 -0.5707 0.2336
vn 0.4550 -0.8663 0.2060
vn 0.6432 -0.7455 0.1750
vn 0.8060 -0.5822 0.1065
vn 0.5337 -0.8144 0.2277
vn 0.5957 -0.7769 0.2040
vn 0.7651 -0.6288 0.1389
vn 0.4633 -0.8336 0.3006
vn 0.5573 -0.7900 0.2556
vn 0.7327 -0.6546 0.1863
vn 0.9639 -0.2646 0.0280
vn 0.9507 -0.3049 0.0560
vn 0.9448 -0.3113 0.1025
vn 0.9448 -0.3238 0.0489
vn 0.9393 -0.3378 0.0602
vn 0.9273 -0.3592 0.1054
vn 0.9084 -0.4134 0.0623
vn 0.9045 -0.4195 0.0770
vn 0.8843 -0.4508 0.1213
vn 0.4557 -0.8657 -0.2072
vn 0.5233 -0.8214 -0.2270
vn 0.4490 -0.8401 -0.3043
vn 0.6494 -0.7396 -0.1771
vn 0.6152 -0.7645 -0.1924
vn 0.5699 -0.7819 -0.2527
vn 0.8009 -0.5884 -0.1109
vn 0.7570 -0.6385 -0.1385
vn 0.7302 -0.6574 -0.1860
vn 0.5646 -0.6642 -0.4900
vn 0.7428 -0.5775 -0.3389
vn 0.8964 -0.3970 -0.1969
vn 0.6078 -0.6827 -0.4056
vn 0.6900 -0.6328 -0.3513
vn 0.8520 -0.4743 -0.2218
vn 0.4963 -0.7790 -0.3832
vn 0.6173 -0.7118 -0.3352
vn 0.7838 -0.5760 -0.2320
vn 0.9638 -0.2651 -0.0279
vn 0.9465 -0.3194 -0.0470
vn 0.9065 -0.4177 -0.0612
vn 0.9482 -0.3125 -0.0573
vn 0.9427 -0.3277 -0.0624
vn 0.9011 -0.4261 -0.0801
vn 0.9422 -0.3197 -0.1003
vn 0.9301 -0.3530 -0.1015
vn 0.8831 -0.4533 -0.1211
vn 0.4278 0.8837 -0.1898
vn 0.6155 0.7709 -0.1639
vn 0.7855 0.6106 -0.1006
vn 0.5091 0.8338 -0.2136
vn 0.5680 0.8003 -0.1923
vn 0.7437 0.6555 -0.1317
vn 0.4333 0.8541 -0.2878
vn 0.5285 0.8130 -0.2444
vn 0.7109 0.6802 -0.1787
vn 0.9567 0.2898 -0.0283
vn 0.9419 0.3312 -0.0561
vn 0.9357 0.3376 -0.1029
vn 0.9353 0.3506 -0.0483
vn 0.9295 0.3639 -0.0594
vn 0.9170 0.3851 -0.1043
vn 0.8955 0.4410 -0.0600
vn 0.8921 0.4458 -0.0744
vn 0.8712 0.4766 -0.1179
vn 0.5562 0.6717 -0.4894
vn 0.5980 0.6901 -0.4075
vn 0.4508 0.8067 -0.3821
vn 0.7231 0.6026 -0.3377
vn 0.7121 0.6152 -0.3384
vn 0.6043 0.7279 -0.3241
vn 0.8793 0.4305 -0.2038
vn 0.8419 0.4901 -0.2258
vn 0.7689 0.5972 -0.2282
vn -0.3334 0.9102 0.2458
vn -0.6423 0.7255 0.2473
vn -0.9154 0.3694 0.1599
vn -0.4194 0.8592 0.2931
vn -0.5626 0.7775 0.2811
vn -0.8663 0.4542 0.2077
vn -0.3368 0.8684 0.3639
vn -0.5190 0.7821 0.3449
vn -0.8221 0.4975 0.2768
vn -0.9887 -0.1413 0.0492
vn -0.9915 -0.1022 0.0799
vn -0.9882 -0.0783 0.1314
vn -0.9947 -0.0680 0.0773
vn -0.9944 -0.0576 0.0891
vn -0.9892 -0.0173 0.1455
vn -0.9932 0.0638 0.0972
vn -0.9911 0.0656 0.1161
vn -0.9763 0.1222 0.1784
vn -0.5968 0.5510 0.5833
vn -0.6144 0.5946 0.5185
vn -0.3966 0.7856 0.4749
vn -0.8396 0.3456 0.4191
vn -0.7756 0.4309 0.4612
vn -0.6235 0.6352 0.4558
vn -0.9633 0.0698 0.2593
vn -0.9320 0.1784 0.3155
vn -0.8674 0.3615 0.3419
vn -0.5670 -0.5750 0.5898
vn -0.8289 -0.3623 0.4263
vn -0.9647 -0.0764 0.2520
vn -0.6020 -0.6094 0.5159
vn -0.7344 -0.4882 0.4715
vn -0.9310 -0.1970 0.3074
vn -0.4093 -0.7743 0.4826
vn -0.6032 -0.6467 0.4669
vn -0.8634 -0.3707 0.3423
vn -0.9914 0.1216 0.0493
vn -0.9957 0.0552 0.0749
vn -0.9918 -0.0828 0.0976
vn -0.9936 0.0773 0.0823
vn -0.9946 0.0480 0.0925
vn -0.9883 -0.0903 0.1228
vn -0.9901 0.0537 0.1295
vn -0.9899 0.0066 0.1418
vn -0.9738 -0.1385 0.1804
vn -0.3237 -0.9080 0.2662
vn -0.4087 -0.8601 0.3051
vn -0.3138 -0.8698 0.3807
vn -0.6447 -0.7164 0.2668
vn -0.5971 -0.7514 0.2811
vn -0.5326 -0.7679 0.3559
vn -0.9068 -0.3847 0.1722
vn -0.8555 -0.4720 0.2130
vn -0.8166 -0.5038 0.2818
vn -0.3211 -0.9092 -0.2651
vn -0.6471 -0.7167 -0.2601
vn -0.9168 -0.3644 -0.1632
vn -0.4140 -0.8569 -0.3072
vn -0.5663 -0.7705 -0.2926
vn -0.8658 -0.4533 -0.2116
vn -0.3367 -0.8647 -0.3727
vn -0.5196 -0.7788 -0.3513
vn -0.8175 -0.5039 -0.2789
vn -0.9914 0.1211 -0.0487
vn -0.9936 0.0802 -0.0790
vn -0.9900 0.0529 -0.1304
vn -0.9957 0.0510 -0.0768
vn -0.9954 0.0369 -0.0889
vn -0.9894 -0.0071 -0.1452
vn -0.9925 -0.0742 -0.0974
vn -0.9898 -0.0814 -0.1167
vn -0.9736 -0.1422 -0.1788
vn -0.5646 -0.5928 -0.5742
vn -0.5950 -0.6195 -0.5120
vn -0.3906 -0.7897 -0.4731
vn -0.8248 -0.3847 -0.4144
vn -0.7622 -0.4606 -0.4549
vn -0.6145 -0.6467 -0.4518
vn -0.9612 -0.1013 -0.2566
vn -0.9269 -0.2079 -0.3126
vn -0.8596 -0.3815 -0.3400
vn -0.3386 0.9080 -0.2469
vn -0.4176 0.8619 -0.2876
vn -0.3230 0.8740 -0.3630
vn -0.6508 0.7163 -0.2516
vn -0.6032 0.7518 -0.2663
vn -0.5396 0.7696 -0.3415
vn -0.9108 0.3786 -0.1645
vn -0.8606 0.4665 -0.2043
vn -0.8220 0.4996 -0.2733
vn -0.5836 0.5723 -0.5761
vn -0.8348 0.3559 -0.4201
vn -0.9656 0.0660 -0.2514
vn -0.6127 0.6094 -0.5033
vn -0.7397 0.4872 -0.4641
vn -0.9330 0.1901 -0.3057
vn -0.4183 0.7789 -0.4672
vn -0.6082 0.6498 -0.4559
vn -0.8668 0.3673 -0.3373
vn -0.9888 -0.1409 -0.0486
vn -0.9947 -0.0724 -0.0737
vn -0.9932 0.0681 -0.0945
vn -0.9921 -0.0957 -0.0816
vn -0.9937 -0.0653 -0.0913
vn -0.9899 0.0755 -0.1198
vn -0.9892 -0.0698 -0.1290
vn -0.9898 -0.0218 -0.1408
vn -0.9760 0.1263 -0.1775
vn 0.6376 -0.5280 0.5609
vn 0.8758 -0.3824 0.2945
vn 0.9348 -0.3088 0.1756
vn -0.0866 0.7601 0.6440
vn 0.9689 -0.2409 0.0570
vn 0.9756 -0.2190 0.0172
vn 0.3578 -0.9256 -0.1239
vn 0.6756 -0.7277 -0.1183
vn 0.8222 -0.5623 -0.0885
vn 0.9020 -0.4257 -0.0721
vn 0.9436 -0.3234 -0.0709
vn 0.9706 -0.2288 -0.0746
vn 0.9753 -0.2203 -0.0170
vn 0.9681 -0.2439 -0.0568
vn 0.9570 -0.2709 -0.1037
vn 0.9319 -0.3170 -0.1762
vn 0.8707 -0.3954 -0.2925
vn 0.6283 -0.5492 -0.5510
vn 0.9647 0.2545 -0.0674
vn 0.9344 0.3498 -0.0680
vn 0.8888 0.4532 -0.0689
vn 0.8030 0.5902 -0.0830
vn 0.6488 0.7530 -0.1100
vn 0.3346 0.9395 -0.0739
vn 0.3069 -0.9515 0.0224
vn 0.6660 -0.7458 0.0151
vn 0.8206 -0.5714 0.0099
vn 0.8972 -0.4415 0.0062
vn 0.9416 -0.3367 0.0034
vn 0.9701 -0.2425 0.0009
vn 0.9644 0.2644 0.0009
vn 0.9327 0.3608 0.0035
vn 0.8841 0.4672 0.0064
vn 0.8019 0.5974 0.0101
vn 0.6399 0.7683 0.0154
vn 0.2782 0.9603 0.0225
vn 0.3542 -0.9259 0.1311
vn 0.6755 -0.7280 0.1167
vn 0.8222 -0.5626 0.0865
vn 0.9020 -0.4260 0.0696
vn 0.9437 -0.3237 0.0678
vn 0.9708 -0.2293 0.0707
vn 0.9649 0.2547 0.0639
vn 0.9345 0.3499 0.0649
vn 0.8889 0.4533 0.0662
vn 0.8031 0.5904 0.0806
vn 0.6488 0.7532 0.1080
vn 0.3266 0.9400 0.0983
vn 0.3068 -0.9515 -0.0212
vn 0.6660 -0.7459 -0.0143
vn 0.8206 -0.5714 -0.0094
vn 0.8972 -0.4415 -0.0059
vn 0.9416 -0.3367 -0.0032
vn 0.9701 -0.2426 -0.0008
vn 0.9642 0.2651 -0.0009
vn 0.9323 0.3616 -0.0033
vn 0.8836 0.4681 -0.0061
vn 0.8011 0.5984 -0.0096
vn 0.6387 0.7693 -0.0146
vn 0.2782 0.9603 -0.0213
vn 0.7508 0.0635 0.6574
vn 0.9464 0.0714 0.3152
vn 0.9803 0.0715 0.1840
vn 0.9912 0.0710 0.1119
vn 0.9956 0.0705 0.0616
vn 0.9974 0.0699 0.0198
vn 0.9974 0.0699 -0.0198
vn 0.9956 0.0705 -0.0615
vn 0.9912 0.0710 -0.1117
vn 0.9804 0.0715 -0.1837
vn 0.9465 0.0714 -0.3148
vn 0.7512 0.0635 -0.6570
vn 0.7530 -0.0476 0.6563
vn 0.9479 -0.0514 0.3144
vn 0.9817 -0.0508 0.1835
vn 0.9925 -0.0501 0.1116
vn 0.9969 -0.0495 0.0614
vn 0.9986 -0.0489 0.0198
vn 0.9986 -0.0489 -0.0198
vn 0.9969 -0.0495 -0.0614
vn 0.9925 -0.0501 -0.1116
vn 0.9817 -0.0508 -0.1835
vn 0.9479 -0.0514 -0.3144
vn 0.7527 -0.0476 -0.6566
vn 0.7218 0.2620 0.6406
vn 0.9250 0.2189 0.3105
vn 0.9637 0.1956 0.1820
vn 0.9771 0.1813 0.1109
vn 0.9834 0.1709 0.0611
vn 0.9866 0.1619 0.0197
vn 0.9869 0.1599 -0.0197
vn 0.9845 0.1647 -0.0611
vn 0.9792 0.1701 -0.1110
vn 0.9672 0.1770 -0.1824
vn 0.9314 0.1874 -0.3120
vn 0.7346 0.1972 -0.6492
vn 0.6321 0.5285 0.5666
vn 0.8698 0.3939 0.2972
vn 0.9290 0.3240 0.1786
vn 0.9534 0.2827 0.1051
vn 0.9643 0.2583 0.0578
vn 0.9714 0.2367 0.0177
vn 0.9711 0.2379 -0.0176
vn 0.9636 0.2612 -0.0576
vn 0.9520 0.2876 -0.1047
vn 0.9264 0.3321 -0.1777
vn 0.8647 0.4065 -0.2949
vn 0.6228 0.5493 -0.5571
vn 0.7281 -0.2465 0.6396
vn 0.9298 -0.1991 0.3095
vn 0.9677 -0.1750 0.1814
vn 0.9808 -0.1606 0.1104
vn 0.9868 -0.1501 0.0608
vn 0.9898 -0.1412 0.0196
vn 0.9901 -0.1392 -0.0196
vn 0.9877 -0.1439 -0.0609
vn 0.9826 -0.1493 -0.1106
vn 0.9708 -0.1565 -0.1818
vn 0.9355 -0.1675 -0.3110
vn 0.7396 -0.1815 -0.6482
vn -0.9790 0.2024 0.0229
vn -0.9839 0.1666 0.0653
vn -0.9850 0.1246 0.1191
vn -0.9762 0.0523 0.2104
vn -0.9223 -0.0861 0.3768
vn -0.5056 -0.4232 0.7519
vn -0.9896 0.1440 0.0004
vn -0.9986 0.0469 -0.0260
vn -0.9954 -0.0800 -0.0526
vn -0.9541 -0.2848 -0.0926
vn -0.7956 -0.5865 -0.1517
vn -0.2992 -0.9304 -0.2118
vn -0.4952 -0.4561 -0.7394
vn -0.9204 -0.1066 -0.3762
vn -0.9767 0.0406 -0.2105
vn -0.9858 0.1182 -0.1192
vn -0.9844 0.1636 -0.0654
vn -0.9791 0.2022 -0.0230
vn -0.3073 0.9315 -0.1945
vn -0.7973 0.5876 -0.1378
vn -0.9563 0.2802 -0.0840
vn -0.9965 0.0686 -0.0480
vn -0.9977 -0.0634 -0.0242
vn -0.9863 -0.1650 -0.0003
vn -0.9873 0.1586 0.0017
vn -0.9988 0.0495 0.0046
vn -0.9960 -0.0889 0.0081
vn -0.9578 -0.2872 0.0127
vn -0.8052 -0.5927 0.0193
vn -0.3401 -0.9401 0.0251
vn -0.3500 0.9364 0.0251
vn -0.8064 0.5910 0.0196
vn -0.9596 0.2811 0.0130
vn -0.9970 0.0774 0.0083
vn -0.9979 -0.0653 0.0047
vn -0.9841 -0.1777 0.0018
vn -0.9897 0.1428 -0.0026
vn -0.9987 0.0440 0.0263
vn -0.9949 -0.0856 0.0534
vn -0.9512 -0.2939 0.0936
vn -0.7881 -0.5965 0.1519
vn -0.2970 -0.9321 0.2074
vn -0.3074 0.9326 0.1892
vn -0.7909 0.5963 0.1377
vn -0.9538 0.2882 0.0848
vn -0.9961 0.0736 0.0487
vn -0.9978 -0.0609 0.0245
vn -0.9864 -0.1641 -0.0014
vn -0.9873 0.1586 -0.0016
vn -0.9988 0.0494 -0.0044
vn -0.9960 -0.0890 -0.0076
vn -0.9577 -0.2874 -0.0121
vn -0.8051 -0.5929 -0.0183
vn -0.3400 -0.9401 -0.0238
vn -0.3500 0.9365 -0.0238
vn -0.8063 0.5913 -0.0186
vn -0.9595 0.2813 -0.0124
vn -0.9970 0.0775 -0.0078
vn -0.9979 -0.0652 -0.0045
vn -0.9841 -0.1777 -0.0017
vn -0.9972 -0.0726 0.0201
vn -0.9954 -0.0716 0.0640
vn -0.9903 -0.0703 0.1198
vn -0.9763 -0.0677 0.2055
vn -0.9235 -0.0608 0.3788
vn -0.5056 -0.0221 0.8625
vn -0.5068 -0.0222 -0.8618
vn -0.9236 -0.0608 -0.3784
vn -0.9764 -0.0677 -0.2053
vn -0.9903 -0.0703 -0.1198
vn -0.9954 -0.0716 -0.0640
vn -0.9972 -0.0726 -0.0201
vn -0.9985 0.0516 0.0201
vn -0.9967 0.0507 0.0639
vn -0.9916 0.0495 0.1197
vn -0.9776 0.0473 0.2052
vn -0.9248 0.0416 0.3783
vn -0.5068 0.0117 0.8620
vn -0.5079 0.0118 -0.8613
vn -0.9249 0.0416 -0.3779
vn -0.9776 0.0473 -0.2050
vn -0.9916 0.0495 -0.1196
vn -0.9967 0.0507 -0.0639
vn -0.9985 0.0516 -0.0201
vn -0.9867 -0.1613 0.0200
vn -0.9865 -0.1507 0.0638
vn -0.9834 -0.1368 0.1195
vn -0.9720 -0.1145 0.2052
vn -0.9231 -0.0652 0.3790
vn -0.5076 0.1158 0.8538
vn -0.5085 0.0219 -0.8608
vn -0.9196 -0.1069 -0.3780
vn -0.9692 -0.1370 -0.2047
vn -0.9815 -0.1499 -0.1193
vn -0.9854 -0.1577 -0.0637
vn -0.9863 -0.1634 -0.0200
vn -0.9751 -0.2207 0.0227
vn -0.9802 -0.1869 0.0655
vn -0.9819 -0.1470 0.1195
vn -0.9743 -0.0775 0.2113
vn -0.9237 0.0567 0.3788
vn -0.5146 0.3974 0.7598
vn -0.5053 0.4303 -0.7480
vn -0.9225 0.0767 -0.3783
vn -0.9752 -0.0662 -0.2114
vn -0.9828 -0.1407 -0.1196
vn -0.9808 -0.1838 -0.0655
vn -0.9752 -0.2202 -0.0228
vn -0.9899 0.1405 0.0200
vn -0.9895 0.1301 0.0635
vn -0.9860 0.1164 0.1190
vn -0.9743 0.0944 0.2044
vn -0.9248 0.0465 0.3776
vn -0.5072 -0.1256 0.8526
vn -0.5101 -0.0318 -0.8595
vn -0.9222 0.0881 -0.3765
vn -0.9720 0.1169 -0.2038
vn -0.9844 0.1294 -0.1188
vn -0.9885 0.1370 -0.0634
vn -0.9896 0.1427 -0.0199
vn 0.0012 0.9778 -0.2095
vn 0.0265 0.9583 -0.2845
vn 0.0533 0.9327 -0.3568
vn 0.0874 0.8882 -0.4510
vn 0.1238 0.8281 -0.5467
vn 0.1707 0.7186 -0.6741
vn 0.1855 -0.7032 0.6864
vn 0.1425 -0.8148 0.5620
vn 0.1082 -0.8770 0.4681
vn 0.0755 -0.9238 0.3753
vn 0.0495 -0.9515 0.3037
vn 0.0246 -0.9731 0.2293
vn 0.1710 0.7017 0.6917
vn 0.1239 0.8200 0.5588
vn 0.0875 0.8843 0.4587
vn 0.0535 0.9312 0.3606
vn 0.0270 0.9579 0.2857
vn 0.0018 0.9780 0.2087
vn 0.1855 -0.7202 -0.6685
vn 0.1424 -0.8232 -0.5496
vn 0.1081 -0.8812 -0.4602
vn 0.0753 -0.9255 -0.3713
vn 0.0490 -0.9519 -0.3024
vn 0.0238 -0.9729 -0.2301
vn -0.0086 0.9884 0.1514
vn 0.9581 -0.2651 0.1082
vn -0.0461 -0.3810 0.9234
vn -0.0861 0.7740 0.6273
vn 0.0889 -0.5512 -0.8296
vn -0.0827 0.8464 0.5260
vn -0.0414 0.9872 -0.1537
vn 0.9956 0.0705 0.0615
vn 0.9584 -0.2658 0.1038
vn -0.0374 0.9786 -0.2024
vn 0.6403 0.7680 -0.0146
vn -0.0885 0.5085 0.8565
vn 0.7416 -0.5782 0.3402
vn 0.0354 -0.9735 0.2258
vn 0.0543 -0.9984 -0.0184
vn 0.0772 -0.1134 -0.9905
vn 0.9868 -0.1501 0.0609
vn -0.0321 -0.5368 0.8431
vn 0.9763 0.2164 0.0002
vn 0.0740 -0.0465 -0.9962
vn 0.8022 0.5970 -0.0096
vn 0.0811 -0.8701 -0.4862
vn 0.9912 0.0710 0.1117
vn -0.0878 0.4534 0.8869
vn 0.9344 -0.3087 0.1779
vn -0.0602 -0.1921 0.9795
vn 0.9808 -0.1606 0.1108
vn 0.0299 0.5583 -0.8291
vn 0.8843 0.4668 -0.0061
vn -0.0588 0.9948 0.0833
vn 0.9804 0.0715 0.1836
vn -0.0745 0.0568 0.9956
vn 0.8751 -0.3823 0.2967
vn -0.0384 0.9809 -0.1908
vn 0.0746 -0.9350 -0.3468
vn 0.0810 -0.2067 -0.9750
vn 0.9328 0.3604 -0.0033
vn 0.0533 -0.9986 -0.0034
vn 0.9466 0.0714 0.3145
vn 0.2651 0.0351 0.9636
vn 0.0774 -0.1185 -0.9899
vn -0.0863 0.7688 0.6336
vn 0.6242 -0.6625 0.4140
vn 0.0731 -0.0273 -0.9970
vn 0.9645 0.2641 -0.0008
vn 0.7518 0.0636 0.6563
vn 0.0888 -0.5497 -0.8306
vn -0.0584 -0.2185 0.9741
vn 0.6393 0.7689 -0.0147
vn 0.7418 -0.5792 0.3381
vn 0.9761 0.2171 0.0002
vn 0.8014 0.5981 -0.0097
vn 0.9347 -0.3082 0.1770
vn 0.9808 -0.1606 0.1107
vn 0.8838 0.4678 -0.0061
vn 0.9803 0.0715 0.1839
vn 0.8751 -0.3823 0.2966
vn 0.9325 0.3613 -0.0033
vn 0.9464 0.0714 0.3149
vn 0.2656 0.0347 0.9634
vn 0.6242 -0.6624 0.4141
vn 0.9643 0.2648 -0.0009
vn 0.7512 0.0635 0.6570
vn -0.0645 -0.1247 0.9901
vn -0.0889 0.6308 0.7708
vn -0.0605 0.9922 0.1087
vn 0.0763 -0.0948 -0.9926
vn -0.0833 0.2725 0.9585
vn -0.0884 0.4970 0.8632
vn 0.0889 -0.5542 -0.8276
vn 0.0824 -0.2445 -0.9661
vn 0.0884 -0.4955 -0.8641
vn -0.0871 0.7442 0.6623
vn -0.0888 0.6308 0.7708
vn 0.0810 -0.8720 -0.4828
vn -0.0833 0.2722 0.9586
vn 0.0735 -0.9419 -0.3279
vn 0.0275 -0.9476 0.3183
vn -0.0604 0.9923 0.1080
vn 0.0424 -0.9892 0.1403
vn 0.0852 -0.7987 -0.5957
vn 0.0433 -0.9907 0.1294
vn 0.0274 -0.9475 0.3185
vn -0.0831 0.8392 0.5374
vn 0.0823 -0.2438 -0.9663
vn -0.0412 0.9870 -0.1556
vn -0.0352 0.9728 -0.2288
vn 0.0873 -0.4267 -0.9002
vn -0.0592 -0.2071 0.9765
vn 0.0874 -0.4312 -0.8980
vn 0.0735 -0.0359 -0.9967
vn -0.0882 0.4861 0.8694
vn 0.0541 -0.9984 -0.0151
vn -0.0884 0.4975 0.8629
vn -0.0376 0.9791 -0.1999
vn 0.0884 -0.4961 -0.8638
vn 0.0354 -0.9735 0.2260
vn 0.0498 -0.9978 0.0447
vn -0.0617 -0.1692 0.9836
vn -0.0247 0.9371 -0.3482
vn -0.0414 0.9873 -0.1535
vn 0.0748 -0.0626 -0.9952
vn 0.0871 -0.4137 -0.9062
vn 0.0889 -0.5575 -0.8254
vn 0.0830 -0.8422 -0.5328
vn -0.0866 0.3928 0.9155
vn -0.0875 0.7265 0.6815
vn -0.0828 0.8450 0.5283
vn 0.0745 -0.9350 -0.3468
vt 0.350133 0.924009
vt 0.007654 0.903671
vt 0.350587 0.905198
vt 0.335329 0.923662
vt 0.334899 0.941467
vt 0.335784 0.904851
vt 0.364919 0.924381
vt 0.029957 0.916021
vt 0.365373 0.905570
vt 0.036888 0.897882
vt 0.037347 0.915850
vt 0.372695 0.905765
vt 0.327986 0.923500
vt 0.327555 0.941305
vt 0.328440 0.904689
vt 0.909240 0.262246
vt 0.909539 0.280160
vt 0.908940 0.244331
vt 0.923958 0.262003
vt 0.924258 0.279917
vt 0.923659 0.244088
vt 0.894546 0.262497
vt 0.894846 0.280411
vt 0.894247 0.244582
vt 0.887281 0.262624
vt 0.887580 0.280538
vt 0.886981 0.244710
vt 0.931255 0.261886
vt 0.931555 0.279800
vt 0.930956 0.243971
vt 0.955859 0.012608
vt 0.957281 0.000885
vt 0.039124 0.928715
vt 0.942824 0.353530
vt 0.040612 0.916348
vt 0.956071 0.010076
vt 0.956316 0.007552
vt 0.956577 0.005206
vt 0.956313 0.012375
vt 0.956522 0.009979
vt 0.956725 0.007661
vt 0.956933 0.005620
vt 0.044014 0.916495
vt 0.956797 0.012256
vt 0.956957 0.009947
vt 0.043470 0.918891
vt 0.957099 0.007838
vt 0.042954 0.921083
vt 0.957240 0.006123
vt 0.042399 0.922891
vt 0.042322 0.922364
vt 0.957567 0.001678
vt 0.039683 0.927819
vt 0.040155 0.926314
vt 0.040511 0.924286
vt 0.943063 0.352254
vt 0.957076 0.001794
vt 0.957362 0.002846
vt 0.040630 0.926482
vt 0.040967 0.925280
vt 0.041232 0.923686
vt 0.956836 0.003265
vt 0.041566 0.925061
vt 0.957149 0.004100
vt 0.957428 0.004960
vt 0.041725 0.924173
vt 0.041874 0.923011
vt 0.041601 0.916520
vt 0.042544 0.916608
vt 0.043378 0.916606
vt 0.040733 0.919103
vt 0.041530 0.919091
vt 0.042325 0.919048
vt 0.043007 0.918970
vt 0.040698 0.921803
vt 0.041412 0.921534
vt 0.042091 0.921238
vt 0.042638 0.921005
vt 0.942791 0.402097
vt 0.020957 0.926886
vt 0.962714 0.771963
vt 0.961494 0.759497
vt 0.324462 0.941811
vt 0.962533 0.770880
vt 0.352942 0.868321
vt 0.928672 0.221622
vt 0.962323 0.769241
vt 0.962100 0.767148
vt 0.963016 0.771070
vt 0.020071 0.927478
vt 0.324494 0.951917
vt 0.962836 0.769750
vt 0.323541 0.950552
vt 0.962653 0.768404
vt 0.962466 0.766733
vt 0.324964 0.951745
vt 0.324157 0.950676
vt 0.962943 0.767469
vt 0.323383 0.949627
vt 0.962778 0.766221
vt 0.322694 0.948372
vt 0.322770 0.947848
vt 0.961943 0.759771
vt 0.962417 0.759942
vt 0.320976 0.942155
vt 0.321636 0.942240
vt 0.961671 0.762073
vt 0.962119 0.762219
vt 0.962547 0.762298
vt 0.321543 0.944484
vt 0.322037 0.944525
vt 0.961877 0.764682
vt 0.962290 0.764592
vt 0.962662 0.764445
vt 0.322112 0.946608
vt 0.322437 0.946514
vt 0.324358 0.944550
vt 0.324406 0.947240
vt 0.324603 0.949718
vt 0.323457 0.942050
vt 0.323542 0.944589
vt 0.323672 0.947009
vt 0.323877 0.949124
vt 0.322494 0.942197
vt 0.322745 0.944576
vt 0.322996 0.946730
vt 0.323229 0.948474
vt 0.961544 0.720916
vt 0.951128 0.354366
vt 0.325377 0.904064
vt 0.961728 0.718294
vt 0.961941 0.715612
vt 0.962171 0.713047
vt 0.961995 0.720611
vt 0.962176 0.718115
vt 0.962353 0.715676
vt 0.962535 0.713472
vt 0.962470 0.720392
vt 0.321896 0.903647
vt 0.962607 0.718003
vt 0.322593 0.901357
vt 0.962727 0.715804
vt 0.323247 0.899249
vt 0.962848 0.713975
vt 0.323912 0.897503
vt 0.323964 0.898020
vt 0.326874 0.892646
vt 0.950712 0.353555
vt 0.326330 0.894152
vt 0.325876 0.896174
vt 0.951163 0.352935
vt 0.962614 0.709065
vt 0.950720 0.352227
vt 0.962916 0.710240
vt 0.325866 0.893975
vt 0.325472 0.895171
vt 0.325128 0.896751
vt 0.962400 0.710834
vt 0.324858 0.895378
vt 0.962726 0.711737
vt 0.963016 0.712656
vt 0.324658 0.896257
vt 0.324451 0.897400
vt 0.324382 0.903793
vt 0.323424 0.903623
vt 0.322565 0.903565
vt 0.325396 0.901330
vt 0.324589 0.901274
vt 0.323781 0.901259
vt 0.323080 0.901295
vt 0.325565 0.898646
vt 0.324836 0.898874
vt 0.324137 0.899131
vt 0.323570 0.899335
vt 0.955556 0.050515
vt 0.375927 0.905299
vt 0.956777 0.064335
vt 0.956007 0.050835
vt 0.379307 0.905250
vt 0.956488 0.051118
vt 0.378674 0.905110
vt 0.955727 0.053239
vt 0.956177 0.053461
vt 0.956610 0.053628
vt 0.378781 0.902869
vt 0.378308 0.902785
vt 0.955930 0.056045
vt 0.956343 0.056012
vt 0.378249 0.900697
vt 0.956718 0.055924
vt 0.957043 0.055897
vt 0.377938 0.900763
vt 0.957040 0.057329
vt 0.377623 0.899407
vt 0.376051 0.902577
vt 0.376020 0.899903
vt 0.375837 0.897437
vt 0.376908 0.905145
vt 0.376846 0.902604
vt 0.376737 0.900181
vt 0.376548 0.898067
vt 0.377844 0.905081
vt 0.377622 0.902679
vt 0.377396 0.900506
vt 0.377180 0.898752
vt 0.956589 0.063002
vt 0.956376 0.061099
vt 0.956151 0.058746
vt 0.375018 0.893908
vt 0.957077 0.063323
vt 0.956893 0.061791
vt 0.375943 0.895280
vt 0.376875 0.896684
vt 0.956705 0.060225
vt 0.956517 0.058342
vt 0.375486 0.895416
vt 0.376276 0.896518
vt 0.956997 0.059260
vt 0.377032 0.897602
vt 0.956830 0.057846
vt 0.377698 0.898894
vt 0.961391 0.740692
vt 0.324252 0.923421
vt 0.961827 0.740688
vt 0.962294 0.740674
vt 0.320796 0.923361
vt 0.321429 0.923369
vt 0.322256 0.923382
vt 0.323219 0.923400
vt 0.040771 0.897796
vt 0.955582 0.031024
vt 0.041775 0.897774
vt 0.042709 0.897756
vt 0.043508 0.897742
vt 0.044118 0.897734
vt 0.956496 0.031111
vt 0.956021 0.031047
vt 0.324297 0.941236
vt 0.961483 0.759173
vt 0.323259 0.941222
vt 0.322291 0.941224
vt 0.321460 0.941243
vt 0.962385 0.759050
vt 0.320822 0.941277
vt 0.961918 0.759115
vt 0.955855 0.012728
vt 0.040753 0.915775
vt 0.956294 0.012805
vt 0.044118 0.915815
vt 0.956767 0.012920
vt 0.043504 0.915781
vt 0.042700 0.915762
vt 0.041762 0.915760
vt 0.325183 0.904620
vt 0.961536 0.721145
vt 0.324144 0.904592
vt 0.323177 0.904554
vt 0.322348 0.904508
vt 0.962438 0.721233
vt 0.321712 0.904457
vt 0.961971 0.721196
vt 0.955557 0.050498
vt 0.376070 0.905858
vt 0.955997 0.050467
vt 0.956472 0.050481
vt 0.379402 0.905859
vt 0.378794 0.905880
vt 0.377998 0.905886
vt 0.377069 0.905879
vt 0.940268 0.378197
vt 0.023371 0.903436
vt 0.012267 0.903597
vt 0.022887 0.903440
vt 0.021710 0.903455
vt 0.019923 0.903480
vt 0.017646 0.903514
vt 0.015035 0.903554
vt 0.350684 0.901196
vt 0.949106 0.378323
vt 0.350935 0.890150
vt 0.350750 0.898432
vt 0.350811 0.895827
vt 0.350864 0.893560
vt 0.350903 0.891784
vt 0.350928 0.890621
vt 0.941203 0.393472
vt 0.023371 0.918249
vt 0.334794 0.945829
vt 0.022888 0.918255
vt 0.021713 0.918272
vt 0.019926 0.918299
vt 0.017649 0.918334
vt 0.334727 0.948595
vt 0.927722 0.210765
vt 0.335874 0.901096
vt 0.336134 0.890051
vt 0.949969 0.363479
vt 0.335941 0.898331
vt 0.336003 0.895726
vt 0.336057 0.893458
vt 0.336098 0.891683
vt 0.336124 0.890521
vt 0.949484 0.363366
vt 0.030069 0.920425
vt 0.030331 0.931619
vt 0.941188 0.362883
vt 0.030140 0.923216
vt 0.030205 0.925849
vt 0.030259 0.928145
vt 0.030300 0.929946
vt 0.030325 0.931132
vt 0.949982 0.392984
vt 0.365707 0.890768
vt 0.365464 0.901813
vt 0.365702 0.891239
vt 0.365679 0.892401
vt 0.365642 0.894176
vt 0.365591 0.896443
vt 0.365530 0.899048
vt 0.037417 0.918580
vt 0.942440 0.355145
vt 0.037672 0.929763
vt 0.037487 0.921373
vt 0.037551 0.924006
vt 0.037605 0.926300
vt 0.037645 0.928099
vt 0.037668 0.929281
vt 0.951002 0.400026
vt 0.373002 0.891856
vt 0.957130 0.065707
vt 0.372764 0.902904
vt 0.372998 0.892325
vt 0.957567 0.065223
vt 0.372977 0.893486
vt 0.372940 0.895261
vt 0.372890 0.897530
vt 0.372830 0.900136
vt 0.327490 0.944006
vt 0.942462 0.400893
vt 0.021832 0.925620
vt 0.327423 0.946774
vt 0.327360 0.949384
vt 0.018397 0.925674
vt 0.351945 0.871187
vt 0.020182 0.925646
vt 0.021353 0.925627
vt 0.950980 0.355902
vt 0.328509 0.901833
vt 0.328763 0.891251
vt 0.950495 0.355788
vt 0.328736 0.892412
vt 0.328693 0.894188
vt 0.328639 0.896457
vt 0.328576 0.899064
vt 0.951535 0.011734
vt 0.884500 0.282759
vt 0.946819 0.353687
vt 0.951209 0.010829
vt 0.880773 0.282595
vt 0.950960 0.010216
vt 0.881269 0.283264
vt 0.881926 0.283644
vt 0.951788 0.009177
vt 0.951455 0.008584
vt 0.951173 0.008141
vt 0.881837 0.285368
vt 0.882372 0.285680
vt 0.952080 0.006620
vt 0.951706 0.006380
vt 0.951399 0.006236
vt 0.882429 0.287310
vt 0.882827 0.287463
vt 0.883218 0.288670
vt 0.884945 0.285753
vt 0.885367 0.288537
vt 0.885740 0.290939
vt 0.883600 0.283359
vt 0.884000 0.285831
vt 0.884376 0.288193
vt 0.884695 0.290160
vt 0.882727 0.283657
vt 0.883125 0.285820
vt 0.883506 0.287806
vt 0.883808 0.289373
vt 0.885172 0.293069
vt 0.947102 0.352417
vt 0.952990 0.000737
vt 0.883998 0.291423
vt 0.952702 0.002251
vt 0.952392 0.004235
vt 0.886218 0.293790
vt 0.947305 0.353561
vt 0.947632 0.352227
vt 0.885050 0.292338
vt 0.952234 0.002766
vt 0.883952 0.290914
vt 0.951968 0.004361
vt 0.882955 0.289215
vt 0.886025 0.292696
vt 0.884912 0.291451
vt 0.883914 0.290286
vt 0.951623 0.004610
vt 0.883077 0.288989
vt 0.946802 0.402202
vt 0.958663 0.773062
vt 0.934550 0.281942
vt 0.957185 0.760353
vt 0.933160 0.293083
vt 0.947297 0.402298
vt 0.933357 0.291955
vt 0.933610 0.290168
vt 0.947097 0.403256
vt 0.934138 0.292342
vt 0.958443 0.771937
vt 0.947632 0.403328
vt 0.934269 0.291604
vt 0.934412 0.290733
vt 0.934598 0.289390
vt 0.935279 0.290649
vt 0.958190 0.770252
vt 0.935332 0.290089
vt 0.957732 0.769675
vt 0.957336 0.769056
vt 0.935373 0.289488
vt 0.935458 0.288579
vt 0.936032 0.287862
vt 0.935485 0.282580
vt 0.936387 0.282904
vt 0.937209 0.282903
vt 0.934230 0.284943
vt 0.935180 0.285040
vt 0.936056 0.285064
vt 0.936804 0.284915
vt 0.933910 0.287742
vt 0.934878 0.287374
vt 0.935728 0.287008
vt 0.936393 0.286668
vt 0.957400 0.762958
vt 0.957650 0.765604
vt 0.957919 0.768112
vt 0.938369 0.281828
vt 0.956853 0.761323
vt 0.957069 0.763593
vt 0.957278 0.765882
vt 0.957499 0.767978
vt 0.956594 0.762004
vt 0.937875 0.282516
vt 0.956783 0.764083
vt 0.937329 0.284563
vt 0.956973 0.766055
vt 0.936787 0.286503
vt 0.957163 0.767743
vt 0.936173 0.288173
vt 0.957239 0.720031
vt 0.933754 0.240622
vt 0.955302 0.354550
vt 0.937685 0.240765
vt 0.956912 0.719004
vt 0.956658 0.718248
vt 0.937153 0.240061
vt 0.936454 0.239662
vt 0.957460 0.717381
vt 0.957129 0.716664
vt 0.956846 0.716110
vt 0.936556 0.238014
vt 0.935996 0.237686
vt 0.957717 0.714660
vt 0.957350 0.714341
vt 0.957046 0.714121
vt 0.935938 0.236112
vt 0.935531 0.235947
vt 0.935134 0.234757
vt 0.933367 0.237633
vt 0.932985 0.234843
vt 0.932631 0.232425
vt 0.934692 0.239979
vt 0.934325 0.237541
vt 0.933972 0.235199
vt 0.933663 0.233236
vt 0.935608 0.239655
vt 0.935219 0.237545
vt 0.934844 0.235596
vt 0.934543 0.234046
vt 0.955369 0.353118
vt 0.958527 0.707970
vt 0.958269 0.709788
vt 0.957993 0.712050
vt 0.955711 0.354307
vt 0.932120 0.229515
vt 0.955748 0.352770
vt 0.958052 0.708753
vt 0.933277 0.231028
vt 0.934378 0.232502
vt 0.957814 0.710327
vt 0.957580 0.712157
vt 0.932340 0.230642
vt 0.933438 0.231935
vt 0.957417 0.710981
vt 0.934431 0.233137
vt 0.957244 0.712375
vt 0.935273 0.234450
vt 0.951219 0.051416
vt 0.955341 0.401356
vt 0.952712 0.065443
vt 0.883895 0.241502
vt 0.951430 0.054159
vt 0.951679 0.056992
vt 0.951950 0.059728
vt 0.950881 0.052446
vt 0.880090 0.241938
vt 0.951095 0.054884
vt 0.951302 0.057340
vt 0.951524 0.059628
vt 0.950624 0.053251
vt 0.880575 0.241224
vt 0.950809 0.055479
vt 0.881084 0.239126
vt 0.950996 0.057592
vt 0.881593 0.237141
vt 0.951188 0.059436
vt 0.882183 0.235429
vt 0.882339 0.235729
vt 0.952256 0.065044
vt 0.955748 0.401328
vt 0.885134 0.230392
vt 0.884990 0.231498
vt 0.884780 0.233269
vt 0.952485 0.064069
vt 0.952008 0.063316
vt 0.884034 0.231917
vt 0.883932 0.232773
vt 0.883780 0.234108
vt 0.952225 0.062122
vt 0.882985 0.233479
vt 0.951765 0.061557
vt 0.951369 0.060950
vt 0.882973 0.234069
vt 0.882913 0.234974
vt 0.882955 0.240958
vt 0.882053 0.240718
vt 0.881234 0.240790
vt 0.884210 0.238490
vt 0.883244 0.238477
vt 0.882360 0.238528
vt 0.881609 0.238737
vt 0.884511 0.235688
vt 0.883525 0.236130
vt 0.882665 0.236559
vt 0.881995 0.236948
vt 0.935070 0.261826
vt 0.957061 0.740686
vt 0.936068 0.261810
vt 0.936998 0.261794
vt 0.937796 0.261780
vt 0.938409 0.261769
vt 0.938794 0.261761
vt 0.956687 0.740680
vt 0.951229 0.031017
vt 0.883370 0.262694
vt 0.950855 0.031038
vt 0.879752 0.262752
vt 0.880133 0.262747
vt 0.880732 0.262738
vt 0.881508 0.262726
vt 0.882407 0.262711
vt 0.957157 0.759748
vt 0.934915 0.280120
vt 0.938650 0.280318
vt 0.956783 0.759783
vt 0.938265 0.280333
vt 0.937651 0.280318
vt 0.936850 0.280276
vt 0.935916 0.280208
vt 0.884133 0.280986
vt 0.951511 0.012143
vt 0.883170 0.281103
vt 0.882270 0.281199
vt 0.881494 0.281265
vt 0.880895 0.281298
vt 0.951138 0.012124
vt 0.880514 0.281295
vt 0.957212 0.720558
vt 0.934312 0.243076
vt 0.938014 0.242233
vt 0.956838 0.720532
vt 0.937631 0.242288
vt 0.937021 0.242410
vt 0.936228 0.242591
vt 0.935303 0.242818
vt 0.883497 0.243899
vt 0.951205 0.051069
vt 0.882533 0.243681
vt 0.881632 0.243492
vt 0.880856 0.243344
vt 0.880257 0.243247
vt 0.950831 0.051111
vt 0.879876 0.243208
vt 0.909646 0.286532
vt 0.944173 0.378326
vt 0.909691 0.289258
vt 0.909730 0.291767
vt 0.909762 0.293889
vt 0.909784 0.295478
vt 0.909795 0.296426
vt 0.944624 0.378304
vt 0.953168 0.378481
vt 0.908827 0.237563
vt 0.953567 0.378403
vt 0.908645 0.227652
vt 0.908666 0.228605
vt 0.908697 0.230198
vt 0.908736 0.232323
vt 0.908780 0.234835
vt 0.924360 0.286029
vt 0.945156 0.393581
vt 0.924405 0.288757
vt 0.924446 0.291268
vt 0.924479 0.293392
vt 0.924503 0.294983
vt 0.924515 0.295933
vt 0.945608 0.393557
vt 0.954078 0.363654
vt 0.923550 0.237580
vt 0.954477 0.363578
vt 0.923374 0.227660
vt 0.923393 0.228614
vt 0.923423 0.230209
vt 0.923460 0.232336
vt 0.923504 0.234850
vt 0.945132 0.363032
vt 0.894948 0.286525
vt 0.895091 0.296426
vt 0.945585 0.363012
vt 0.895082 0.295476
vt 0.895062 0.293886
vt 0.895031 0.291763
vt 0.894993 0.289252
vt 0.894138 0.238071
vt 0.954083 0.393119
vt 0.894091 0.235342
vt 0.894046 0.232829
vt 0.894005 0.230703
vt 0.893973 0.229108
vt 0.954483 0.393039
vt 0.893949 0.228154
vt 0.946431 0.355305
vt 0.887653 0.284915
vt 0.887792 0.294841
vt 0.946887 0.355286
vt 0.887785 0.293885
vt 0.887766 0.292289
vt 0.887736 0.290161
vt 0.887698 0.287646
vt 0.886887 0.239120
vt 0.953074 0.066769
vt 0.955145 0.400143
vt 0.886840 0.236388
vt 0.886795 0.233871
vt 0.886753 0.231741
vt 0.886719 0.230143
vt 0.955547 0.400061
vt 0.886694 0.229186
vt 0.946468 0.400983
vt 0.931628 0.284172
vt 0.931788 0.294103
vt 0.946922 0.400957
vt 0.931774 0.293147
vt 0.931749 0.291550
vt 0.931715 0.289420
vt 0.931673 0.286904
vt 0.930862 0.238387
vt 0.955139 0.356087
vt 0.930816 0.235654
vt 0.930773 0.233135
vt 0.930736 0.231004
vt 0.930708 0.229405
vt 0.955540 0.356012
vt 0.930690 0.228447
vt 0.036819 0.895151
vt 0.933726 0.089979
vt 0.372329 0.920939
vt 0.932357 0.212827
vt 0.341072 0.946081
vt 0.935994 0.215362
vt 0.928672 0.204070
vt 0.012267 0.909904
vt 0.352942 0.888031
vt 0.938590 0.305724
vt 0.369666 0.924507
vt 0.034290 0.897942
vt 0.897272 0.394504
vt 0.902401 0.392108
vt 0.890896 0.392091
vt 0.884292 0.395387
vt 0.019629 0.894128
vt 0.633835 0.939973
vt 0.025694 0.928332
vt 0.641293 0.925167
vt 0.377078 0.919061
vt 0.931963 0.207688
vt 0.041522 0.892756
vt 0.933276 0.095266
vt 0.325685 0.952277
vt 0.927965 0.220594
vt 0.019257 0.927010
vt 0.352240 0.869607
vt 0.014708 0.893153
vt 0.634707 0.935058
vt 0.026447 0.923368
vt 0.641883 0.930165
vt 0.007731 0.908297
vt 0.938590 0.301087
vt 0.343970 0.941679
vt 0.935955 0.211097
vt 0.331280 0.950361
vt 0.927618 0.214505
vt 0.017239 0.920312
vt 0.351795 0.876739
vt 0.026845 0.916097
vt 0.643268 0.937385
vt 0.007494 0.892943
vt 0.636506 0.927738
vt 0.378004 0.919264
vt 0.932004 0.206691
vt 0.042454 0.892677
vt 0.933312 0.096239
vt 0.325137 0.952831
vt 0.962959 0.770651
vt 0.928315 0.221273
vt 0.962967 0.770711
vt 0.019717 0.927749
vt 0.352594 0.868707
vt 0.016290 0.918355
vt 0.351830 0.878894
vt 0.025669 0.931811
vt 0.940900 0.367671
vt 0.641758 0.921512
vt 0.940891 0.367825
vt 0.023055 0.893420
vt 0.634178 0.943880
vt 0.021405 0.893746
vt 0.633746 0.941940
vt 0.025689 0.930136
vt 0.641276 0.923318
vt 0.378797 0.919420
vt 0.932149 0.205799
vt 0.043251 0.892595
vt 0.933451 0.097111
vt 0.326669 0.951201
vt 0.927691 0.219431
vt 0.944827 0.367908
vt 0.645414 0.919684
vt 0.637916 0.945961
vt 0.015036 0.915781
vt 0.352137 0.881690
vt 0.017307 0.892714
vt 0.634229 0.937833
vt 0.027115 0.925976
vt 0.641572 0.927549
vt 0.956489 0.036503
vt 0.379402 0.919517
vt 0.932388 0.205075
vt 0.043858 0.892514
vt 0.956490 0.036412
vt 0.933681 0.097822
vt 0.327334 0.950451
vt 0.927599 0.218659
vt 0.325266 0.952711
vt 0.928190 0.221107
vt 0.019646 0.927630
vt 0.352497 0.868858
vt 0.011972 0.894215
vt 0.635300 0.932041
vt 0.025735 0.920603
vt 0.642329 0.932917
vt 0.029647 0.903852
vt 0.438854 0.930488
vt 0.364807 0.929006
vt 0.587724 0.933999
vt 0.004230 0.903726
vt 0.936769 0.310763
vt 0.000737 0.931456
vt 0.349819 0.936980
vt 0.022574 0.893504
vt 0.633863 0.943273
vt 0.025680 0.931322
vt 0.641435 0.922071
vt 0.956015 0.036420
vt 0.932706 0.204566
vt 0.933989 0.098325
vt 0.040519 0.892825
vt 0.933344 0.094259
vt 0.376082 0.918824
vt 0.932030 0.208723
vt 0.004694 0.907222
vt 0.938590 0.297983
vt 0.936929 0.307290
vt 0.344421 0.937518
vt 0.000969 0.937152
vt 0.935994 0.206728
vt 0.348046 0.935788
vt 0.000913 0.933226
vt 0.369228 0.927815
vt 0.587873 0.929353
vt 0.890896 0.395341
vt 0.034969 0.902304
vt 0.884292 0.391088
vt 0.439043 0.935987
vt 0.369966 0.922256
vt 0.897272 0.392293
vt 0.932706 0.215362
vt 0.035210 0.896152
vt 0.933989 0.088153
vt 0.900544 0.392382
vt 0.027546 0.918024
vt 0.642930 0.935474
vt 0.009202 0.892514
vt 0.636089 0.929566
vt 0.004893 0.893395
vt 0.637151 0.924998
vt 0.000737 0.899801
vt 0.887549 0.395294
vt 0.637916 0.919460
vt 0.003930 0.901509
vt 0.936929 0.312962
vt 0.887549 0.391907
vt 0.939218 0.088153
vt 0.000969 0.929222
vt 0.351870 0.935817
vt 0.105798 0.937345
vt 0.939218 0.093430
vt 0.355197 0.930712
vt 0.359236 0.932484
vt 0.105693 0.933191
vt 0.026046 0.904879
vt 0.361167 0.930968
vt 0.587873 0.937859
vt 0.439043 0.926813
vt 0.105798 0.931018
vt 0.645414 0.948510
vt 0.363088 0.929459
vt 0.587821 0.935784
vt 0.024845 0.908658
vt 0.644612 0.944764
vt 0.025448 0.912261
vt 0.643941 0.941190
vt 0.461197 0.483831
vt 0.354699 0.867978
vt 0.930490 0.222030
vt 0.435296 0.916492
vt 0.929540 0.211173
vt 0.353702 0.870844
vt 0.439311 0.923369
vt 0.934625 0.401632
vt 0.935456 0.090482
vt 0.933800 0.401191
vt 0.934133 0.212331
vt 0.937917 0.215226
vt 0.431966 0.910599
vt 0.930490 0.204478
vt 0.431753 0.908404
vt 0.354699 0.887688
vt 0.936769 0.305640
vt 0.631752 0.930074
vt 0.935799 0.405192
vt 0.899071 0.394319
vt 0.902401 0.393990
vt 0.892695 0.391907
vt 0.886076 0.395480
vt 0.437501 0.892138
vt 0.635723 0.940282
vt 0.437385 0.891240
vt 0.643108 0.924943
vt 0.934260 0.396080
vt 0.933739 0.207192
vt 0.934862 0.396383
vt 0.935006 0.095770
vt 0.929784 0.221002
vt 0.440138 0.924876
vt 0.353997 0.869264
vt 0.440287 0.924604
vt 0.432553 0.891648
vt 0.636594 0.935367
vt 0.432460 0.890928
vt 0.643699 0.929941
vt 0.427125 0.907254
vt 0.936769 0.301003
vt 0.937877 0.210961
vt 0.427250 0.908349
vt 0.437498 0.919640
vt 0.929436 0.214913
vt 0.437654 0.918191
vt 0.353552 0.876396
vt 0.425309 0.891162
vt 0.645083 0.937162
vt 0.425418 0.892133
vt 0.638394 0.928048
vt 0.934861 0.395341
vt 0.933780 0.206195
vt 0.935251 0.395538
vt 0.935043 0.096742
vt 0.440757 0.925340
vt 0.461197 0.484406
vt 0.930134 0.221681
vt 0.440811 0.925289
vt 0.461129 0.484381
vt 0.354350 0.868364
vt 0.436531 0.916353
vt 0.353587 0.878551
vt 0.461280 0.478498
vt 0.440793 0.890966
vt 0.643573 0.921288
vt 0.461129 0.478498
vt 0.440811 0.891111
vt 0.636065 0.944190
vt 0.439215 0.891591
vt 0.635633 0.942249
vt 0.439151 0.891090
vt 0.643092 0.923095
vt 0.935359 0.394700
vt 0.933925 0.205304
vt 0.935571 0.394807
vt 0.935181 0.097614
vt 0.929510 0.219838
vt 0.438948 0.924055
vt 0.461280 0.482358
vt 0.647229 0.919460
vt 0.639803 0.946270
vt 0.435047 0.913935
vt 0.353894 0.881347
vt 0.435075 0.890966
vt 0.636117 0.938143
vt 0.434956 0.890051
vt 0.643388 0.927325
vt 0.461098 0.486396
vt 0.935720 0.394201
vt 0.934164 0.204579
vt 0.461197 0.486396
vt 0.935799 0.394241
vt 0.935411 0.098325
vt 0.929417 0.219066
vt 0.438121 0.923503
vt 0.440621 0.925229
vt 0.930009 0.221515
vt 0.440730 0.925178
vt 0.354254 0.868515
vt 0.429957 0.892959
vt 0.637188 0.932351
vt 0.429815 0.891863
vt 0.644144 0.932693
vt 0.630208 0.922832
vt 0.440622 0.930639
vt 0.631084 0.923525
vt 0.589546 0.933836
vt 0.938551 0.310670
vt 0.423233 0.903081
vt 0.002619 0.931552
vt 0.421841 0.903239
vt 0.440345 0.891241
vt 0.635750 0.943582
vt 0.440313 0.890997
vt 0.643250 0.921848
vt 0.461187 0.485879
vt 0.934482 0.204070
vt 0.935719 0.098828
vt 0.934429 0.397285
vt 0.935074 0.094762
vt 0.933598 0.396868
vt 0.933806 0.208227
vt 0.936769 0.297899
vt 0.938710 0.307197
vt 0.424026 0.906484
vt 0.002851 0.937249
vt 0.937917 0.206592
vt 0.423100 0.908470
vt 0.002795 0.933323
vt 0.420910 0.905143
vt 0.629386 0.927748
vt 0.589696 0.929190
vt 0.892695 0.395156
vt 0.628023 0.927837
vt 0.886076 0.391180
vt 0.440811 0.936138
vt 0.933915 0.403906
vt 0.899071 0.392108
vt 0.934482 0.214867
vt 0.934701 0.403516
vt 0.935719 0.088656
vt 0.900544 0.394264
vt 0.427136 0.890311
vt 0.644745 0.935250
vt 0.427062 0.891546
vt 0.637976 0.929875
vt 0.422897 0.892828
vt 0.639038 0.925307
vt 0.889423 0.395480
vt 0.639803 0.919770
vt 0.419412 0.899545
vt 0.938710 0.312869
vt 0.889423 0.392093
vt 0.422725 0.900923
vt 0.937192 0.088446
vt 0.002851 0.929319
vt 0.420420 0.901381
vt 0.107706 0.937314
vt 0.937192 0.093723
vt 0.414955 0.898805
vt 0.416148 0.894597
vt 0.107601 0.933160
vt 0.414397 0.892906
vt 0.631702 0.919460
vt 0.589696 0.937695
vt 0.440811 0.926964
vt 0.107706 0.930987
vt 0.647229 0.948287
vt 0.631752 0.921888
vt 0.589644 0.935620
vt 0.418198 0.893758
vt 0.646427 0.944540
vt 0.421674 0.892858
vt 0.645756 0.940966
s 0
usemtl Material
f 768/1185/181 894/1338/181 1155/1663/181 1027/1512/181
f 811/1239/182 838/1270/182 1099/1599/182 1070/1566/182
f 888/1329/183 656/1042/183 917/1365/183 1147/1654/183
f 845/1278/184 1200/1746/184 1206/1759/184 1106/1607/184
f 628/1012/185 630/1014/185 627/1011/185 625/1009/185
f 859/1294/186 845/1278/186 1106/1607/186 1120/1623/186
f 629/1013/185 628/1012/185 625/1009/185 1220/1791/185 1228/1809/185 1227/1806/185 1189/1721/185
f 853/1287/187 867/1305/187 1126/1630/187 1112/1614/187
f 867/1305/188 908/1355/188 1169/1680/188 1126/1630/188
f 638/1022/189 637/1021/189 628/1012/189 629/1013/189
f 902/1347/190 859/1294/190 1120/1623/190 1161/1671/190
f 637/1021/189 639/1023/189 630/1014/189 628/1012/189
f 625/1009/191 627/1011/191 633/1017/191 631/1015/191
f 860/1296/185 629/1013/185 1189/1721/185 1177/1691/185
f 626/1010/191 1219/1788/191 1237/1832/191 1236/1829/191 1235/1827/191 1193/1729/191
f 630/1014/185 866/1303/185 852/1286/185 627/1011/185
f 631/1015/192 633/1017/192 636/1020/192 1176/1689/192 1231/1817/192 1179/1697/192
f 894/1336/193 880/1320/193 1141/1647/193 1155/1664/193
f 632/1016/192 1217/1784/192 1230/1814/192 1179/1698/192 634/1018/192 635/1019/192
f 1148/1655/194 916/1364/194 1084/1582/194 650/1034/194
f 832/1263/195 803/1230/195 1064/1559/195 1091/1590/195
f 818/1247/196 693/1090/196 954/1415/196 1077/1574/196
f 804/1231/197 831/1262/197 639/1023/197 637/1021/197
f 908/1355/198 730/1137/198 991/1464/198 1169/1680/198
f 1078/1575/199 653/1037/199 652/1036/199 1063/1558/199
f 649/1033/200 1071/1567/200 1098/1598/200 651/1035/200
f 953/1414/201 1162/1672/201 653/1037/201 1078/1575/201
f 1105/1606/202 1134/1639/202 647/1031/202 641/1025/202
f 643/1027/203 640/1024/203 642/1026/203 645/1029/203
f 642/1026/202 648/1032/202 1140/1646/202 1113/1615/202
f 644/1028/203 641/1025/203 640/1024/203 643/1027/203
f 1162/1672/204 1119/1622/204 644/1028/204 653/1037/204
f 1134/1639/205 1148/1655/205 650/1034/205 647/1031/205
f 653/1037/204 644/1028/204 643/1027/204 652/1036/204
f 654/1038/204 645/1029/204 1127/1631/204 1168/1679/204
f 652/1036/204 643/1027/204 645/1029/204 654/1038/204
f 640/1024/202 646/1030/202 648/1032/202 642/1026/202
f 1119/1622/203 1105/1606/203 641/1025/203 644/1028/203
f 641/1025/202 647/1031/202 646/1030/202 640/1024/202
f 645/1029/203 642/1026/203 1113/1615/203 1127/1631/203
f 646/1030/205 649/1033/205 651/1035/205 648/1032/205
f 648/1032/205 651/1035/205 1154/1662/205 1140/1646/205
f 647/1031/205 650/1034/205 649/1033/205 646/1030/205
f 650/1034/206 1084/1582/206 1071/1567/206 649/1033/206
f 1092/1591/207 654/1038/207 1168/1679/207 990/1463/207
f 1063/1558/208 652/1036/208 654/1038/208 1092/1591/208
f 651/1035/209 1098/1598/209 1028/1513/209 1154/1662/209
f 803/1230/210 818/1247/210 1077/1574/210 1064/1559/210
f 817/1246/211 804/1231/211 637/1021/211 638/1022/211
f 639/1023/189 909/1356/189 866/1303/189 630/1014/189
f 635/1019/212 634/1018/212 810/1238/212 825/1255/212
f 874/1314/213 888/1329/213 1147/1654/213 1133/1638/213
f 846/1280/191 626/1010/191 1193/1729/191 1234/1825/191 1215/1780/191
f 627/1011/191 852/1286/191 881/1322/191 633/1017/191
f 729/1136/214 832/1263/214 1091/1590/214 989/1462/214
f 880/1320/215 853/1287/215 1112/1614/215 1141/1647/215
f 694/1091/216 817/1246/216 638/1022/216 901/1346/216
f 887/1328/217 635/1019/217 825/1255/217 657/1043/217
f 901/1346/189 638/1022/189 629/1013/189 860/1296/189
f 831/1262/218 731/1138/218 909/1356/218 639/1023/218
f 873/1312/192 632/1016/192 635/1019/192 887/1328/192
f 838/1270/219 766/1183/219 1026/1510/219 1099/1599/219
f 633/1017/192 881/1322/192 895/1339/192 636/1020/192
f 824/1254/220 811/1239/220 1070/1566/220 1085/1583/220
f 692/1087/221 902/1347/221 1161/1671/221 952/1412/221
f 636/1020/222 895/1339/222 767/1184/222 839/1271/222
f 634/1018/223 1175/1687/223 1224/1799/223 810/1238/223
f 655/1039/224 658/1044/224 662/1048/224 661/1047/224
f 658/1044/225 659/1045/225 663/1049/225 662/1048/225
f 659/1045/226 660/1046/226 664/1050/226 663/1049/226
f 661/1047/227 662/1048/227 666/1053/227 665/1052/227
f 662/1048/228 663/1049/228 667/1055/228 666/1053/228
f 663/1049/229 664/1050/229 668/1057/229 667/1055/229
f 665/1051/230 666/1054/230 687/1082/230 683/1078/230
f 666/1054/231 667/1056/231 691/1086/231 687/1082/231
f 667/1056/232 668/1058/232 669/1059/232 691/1086/232
f 656/1040/233 670/1060/233 674/1066/233 673/1065/233
f 670/1061/234 671/1062/234 675/1068/234 674/1067/234
f 671/1062/235 672/1063/235 676/1069/235 675/1068/235
f 673/1065/236 674/1066/236 678/1072/236 677/1070/236
f 674/1067/237 675/1068/237 679/1074/237 678/1071/237
f 675/1068/238 676/1069/238 680/1075/238 679/1074/238
f 677/1070/239 678/1072/239 664/1050/239 660/1046/239
f 678/1072/240 679/1073/240 668/1057/240 664/1050/240
f 679/1074/241 680/1075/241 669/1059/241 668/1058/241
f 657/1043/242 681/1076/242 685/1080/242 684/1079/242
f 681/1076/243 682/1077/243 686/1081/243 685/1080/243
f 682/1077/244 683/1078/244 687/1082/244 686/1081/244
f 684/1079/245 685/1080/245 689/1084/245 688/1083/245
f 685/1080/246 686/1081/246 690/1085/246 689/1084/246
f 686/1081/247 687/1082/247 691/1086/247 690/1085/247
f 688/1083/248 689/1084/248 676/1069/248 672/1063/248
f 689/1084/249 690/1085/249 680/1075/249 676/1069/249
f 690/1085/250 691/1086/250 669/1059/250 680/1075/250
f 692/1089/251 695/1092/251 1197/1738/251 698/1097/251
f 695/1092/252 696/1095/252 700/1102/252 699/1100/252
f 696/1095/253 697/1096/253 701/1103/253 700/1102/253
f 698/1098/254 1197/1739/254 1214/1778/254
f 699/1099/255 700/1101/255 704/1107/255 703/1105/255
f 700/1102/256 701/1103/256 705/1108/256 704/1106/256
f 702/1104/257 703/1105/257 724/1131/257 720/1127/257
f 703/1105/258 704/1107/258 728/1135/258 724/1131/258
f 704/1107/259 705/1109/259 706/1110/259 728/1135/259
f 693/1090/260 707/1111/260 711/1116/260 710/1115/260
f 707/1111/261 708/1112/261 712/1117/261 711/1116/261
f 708/1113/262 709/1114/262 713/1119/262 712/1118/262
f 710/1115/263 711/1116/263 715/1121/263 714/1120/263
f 711/1116/264 712/1117/264 716/1122/264 715/1121/264
f 712/1118/265 713/1119/265 717/1124/265 716/1123/265
f 714/1120/266 715/1121/266 701/1103/266 697/1096/266
f 715/1121/267 716/1122/267 705/1108/267 701/1103/267
f 716/1123/268 717/1124/268 706/1110/268 705/1109/268
f 694/1091/269 718/1125/269 722/1129/269 721/1128/269
f 718/1125/270 719/1126/270 723/1130/270 722/1129/270
f 719/1126/271 720/1127/271 724/1131/271 723/1130/271
f 721/1128/272 722/1129/272 726/1133/272 725/1132/272
f 722/1129/273 723/1130/273 727/1134/273 726/1133/273
f 723/1130/274 724/1131/274 728/1135/274 727/1134/274
f 725/1132/275 726/1133/275 713/1119/275 709/1114/275
f 726/1133/276 727/1134/276 717/1124/276 713/1119/276
f 727/1134/277 728/1135/277 706/1110/277 717/1124/277
f 729/1136/278 732/1139/278 736/1143/278 735/1142/278
f 732/1139/279 733/1140/279 737/1144/279 736/1143/279
f 733/1140/280 734/1141/280 738/1145/280 737/1144/280
f 735/1142/281 736/1143/281 740/1148/281 739/1146/281
f 736/1143/282 737/1144/282 741/1150/282 740/1148/282
f 737/1144/283 738/1145/283 742/1152/283 741/1150/283
f 739/1147/284 740/1149/284 761/1178/284 757/1174/284
f 740/1149/285 741/1151/285 765/1182/285 761/1178/285
f 741/1151/286 742/1153/286 743/1154/286 765/1182/286
f 730/1137/287 744/1156/287 748/1161/287 747/1159/287
f 744/1155/288 745/1157/288 749/1164/288 748/1163/288
f 745/1157/289 746/1158/289 750/1165/289 749/1164/289
f 747/1160/290 748/1162/290 752/1168/290 751/1166/290
f 748/1163/291 749/1164/291 753/1170/291 752/1167/291
f 749/1164/292 750/1165/292 754/1171/292 753/1170/292
f 751/1166/293 752/1168/293 738/1145/293 734/1141/293
f 752/1168/294 753/1169/294 742/1152/294 738/1145/294
f 753/1170/295 754/1171/295 743/1154/295 742/1153/295
f 731/1138/296 755/1172/296 759/1176/296 758/1175/296
f 755/1172/297 756/1173/297 760/1177/297 759/1176/297
f 756/1173/298 757/1174/298 761/1178/298 760/1177/298
f 758/1175/299 759/1176/299 763/1180/299 762/1179/299
f 759/1176/300 760/1177/300 764/1181/300 763/1180/300
f 760/1177/301 761/1178/301 765/1182/301 764/1181/301
f 762/1179/302 763/1180/302 750/1165/302 746/1158/302
f 763/1180/303 764/1181/303 754/1171/303 750/1165/303
f 764/1181/304 765/1182/304 743/1154/304 754/1171/304
f 766/1183/305 769/1186/305 773/1191/305 772/1190/305
f 769/1186/306 770/1188/306 774/1192/306 773/1191/306
f 770/1187/307 771/1189/307 775/1194/307 774/1193/307
f 772/1190/308 773/1191/308 777/1196/308 776/1195/308
f 773/1191/309 774/1192/309 778/1198/309 777/1196/309
f 774/1193/310 775/1194/310 779/1200/310 778/1197/310
f 776/1195/311 777/1196/311 798/1223/311 794/1216/311
f 777/1196/312 778/1198/312 802/1228/312 798/1223/312
f 778/1198/313 779/1199/313 780/1201/313 802/1228/313
f 767/1184/314 781/1203/314 785/1207/314 784/1206/314
f 781/1203/315 782/1204/315 786/1208/315 785/1207/315
f 782/1204/316 783/1205/316 787/1209/316 786/1208/316
f 784/1206/317 785/1207/317 789/1211/317 788/1210/317
f 785/1207/318 786/1208/318 790/1212/318 789/1211/318
f 786/1208/319 787/1209/319 791/1213/319 790/1212/319
f 788/1210/320 789/1211/320 775/1194/320 771/1189/320
f 789/1211/321 790/1212/321 779/1200/321 775/1194/321
f 790/1212/322 791/1213/322 780/1202/322 779/1200/322
f 768/1185/323 792/1214/323 796/1219/323 795/1218/323
f 792/1214/324 793/1215/324 797/1222/324 796/1219/324
f 793/1215/325 794/1216/325 798/1223/325 797/1222/325
f 795/1217/326 796/1220/326 800/1225/326 799/1224/326
f 796/1220/327 797/1221/327 801/1227/327 800/1225/327
f 797/1222/328 798/1223/328 802/1228/328 801/1226/328
f 799/1224/329 800/1225/329 787/1209/329 783/1205/329
f 800/1225/330 801/1227/330 791/1213/330 787/1209/330
f 801/1227/331 802/1229/331 780/1202/331 791/1213/331
f 915/1363/332 918/1366/332 922/1372/332 921/1371/332
f 918/1366/333 919/1368/333 923/1373/333 922/1372/333
f 919/1369/334 920/1370/334 924/1375/334 923/1374/334
f 921/1371/335 922/1372/335 926/1377/335 925/1376/335
f 922/1372/336 923/1373/336 927/1378/336 926/1377/336
f 923/1374/337 924/1375/337 928/1380/337 927/1379/337
f 925/1376/338 926/1377/338 947/1405/338 943/1398/338
f 926/1377/339 927/1378/339 951/1410/339 947/1405/339
f 927/1379/340 928/1380/340 929/1381/340 951/1411/340
f 916/1364/341 930/1382/341 934/1386/341 933/1385/341
f 930/1382/342 931/1383/342 935/1387/342 934/1386/342
f 931/1383/343 932/1384/343 936/1388/343 935/1387/343
f 933/1385/344 934/1386/344 938/1390/344 937/1389/344
f 934/1386/345 935/1387/345 939/1391/345 938/1390/345
f 935/1387/346 936/1388/346 940/1392/346 939/1391/346
f 937/1389/347 938/1390/347 924/1375/347 920/1370/347
f 938/1390/348 939/1391/348 928/1380/348 924/1375/348
f 939/1391/349 940/1392/349 929/1381/349 928/1380/349
f 917/1365/350 941/1394/350 945/1401/350 944/1400/350
f 941/1393/351 942/1396/351 946/1404/351 945/1402/351
f 942/1397/352 943/1398/352 947/1405/352 946/1403/352
f 944/1399/353 945/1402/353 949/1408/353 948/1407/353
f 945/1402/354 946/1404/354 950/1409/354 949/1408/354
f 946/1404/355 947/1406/355 951/1411/355 950/1409/355
f 948/1407/356 949/1408/356 936/1388/356 932/1384/356
f 949/1408/357 950/1409/357 940/1392/357 936/1388/357
f 950/1409/358 951/1411/358 929/1381/358 940/1392/358
f 952/1412/359 955/1417/359 959/1423/359 958/1420/359
f 955/1416/360 956/1418/360 960/1425/360 959/1424/360
f 956/1418/361 957/1419/361 961/1426/361 960/1425/361
f 958/1421/362 959/1424/362 963/1429/362 962/1427/362
f 959/1424/363 960/1425/363 964/1432/363 963/1429/363
f 960/1425/364 961/1426/364 965/1433/364 964/1432/364
f 962/1428/365 963/1430/365 984/1453/365 980/1448/365
f 963/1430/366 964/1431/366 988/1460/366 984/1453/366
f 964/1432/367 965/1433/367 966/1434/367 988/1461/367
f 953/1414/368 967/1435/368 971/1439/368 970/1438/368
f 967/1435/369 968/1436/369 972/1440/369 971/1439/369
f 968/1436/370 969/1437/370 973/1441/370 972/1440/370
f 970/1438/371 971/1439/371 975/1443/371 974/1442/371
f 971/1439/372 972/1440/372 976/1444/372 975/1443/372
f 972/1440/373 973/1441/373 977/1445/373 976/1444/373
f 974/1442/374 975/1443/374 961/1426/374 957/1419/374
f 975/1443/375 976/1444/375 965/1433/375 961/1426/375
f 976/1444/376 977/1445/376 966/1434/376 965/1433/376
f 954/1415/377 978/1446/377 982/1451/377 981/1450/377
f 978/1446/378 979/1447/378 983/1452/378 982/1451/378
f 979/1447/379 980/1448/379 984/1453/379 983/1452/379
f 981/1450/380 982/1451/380 986/1456/380 985/1454/380
f 982/1451/381 983/1452/381 987/1458/381 986/1456/381
f 983/1452/382 984/1453/382 988/1460/382 987/1458/382
f 985/1455/383 986/1457/383 973/1441/383 969/1437/383
f 986/1457/384 987/1459/384 977/1445/384 973/1441/384
f 987/1459/385 988/1461/385 966/1434/385 977/1445/385
f 989/1462/386 992/1466/386 996/1471/386 995/1470/386
f 992/1466/387 993/1467/387 997/1472/387 996/1471/387
f 993/1468/388 994/1469/388 998/1474/388 997/1473/388
f 995/1470/389 996/1471/389 1000/1476/389 999/1475/389
f 996/1471/390 997/1472/390 1001/1477/390 1000/1476/390
f 997/1473/391 998/1474/391 1002/1479/391 1001/1478/391
f 999/1475/392 1000/1476/392 1021/1503/392 1017/1495/392
f 1000/1476/393 1001/1477/393 1025/1508/393 1021/1503/393
f 1001/1478/394 1002/1479/394 1003/1480/394 1025/1509/394
f 990/1463/395 1004/1481/395 1008/1485/395 1007/1484/395
f 1004/1481/396 1005/1482/396 1009/1486/396 1008/1485/396
f 1005/1482/397 1006/1483/397 1010/1487/397 1009/1486/397
f 1007/1484/398 1008/1485/398 1012/1489/398 1011/1488/398
f 1008/1485/399 1009/1486/399 1013/1490/399 1012/1489/399
f 1009/1486/400 1010/1487/400 1014/1491/400 1013/1490/400
f 1011/1488/401 1012/1489/401 998/1474/401 994/1469/401
f 1012/1489/402 1013/1490/402 1002/1479/402 998/1474/402
f 1013/1490/403 1014/1491/403 1003/1480/403 1002/1479/403
f 991/1464/404 1015/1492/404 1019/1498/404 1018/1496/404
f 1015/1493/405 1016/1494/405 1020/1502/405 1019/1499/405
f 1016/1494/406 1017/1495/406 1021/1503/406 1020/1502/406
f 1018/1497/407 1019/1500/407 1023/1505/407 1022/1504/407
f 1019/1500/408 1020/1501/408 1024/1507/408 1023/1505/408
f 1020/1502/409 1021/1503/409 1025/1508/409 1024/1506/409
f 1022/1504/410 1023/1505/410 1010/1487/410 1006/1483/410
f 1023/1505/411 1024/1507/411 1014/1491/411 1010/1487/411
f 1024/1507/412 1025/1509/412 1003/1480/412 1014/1491/412
f 1026/1510/413 1029/1514/413 1033/1519/413 1032/1517/413
f 1029/1514/414 1030/1515/414 1034/1520/414 1033/1519/414
f 1030/1515/415 1031/1516/415 1035/1521/415 1034/1520/415
f 1032/1517/416 1033/1519/416 1037/1524/416 1036/1522/416
f 1033/1519/417 1034/1520/417 1038/1526/417 1037/1524/417
f 1034/1520/418 1035/1521/418 1039/1528/418 1038/1526/418
f 1036/1523/419 1037/1525/419 1058/1553/419 1054/1549/419
f 1037/1525/420 1038/1527/420 1062/1557/420 1058/1553/420
f 1038/1527/421 1039/1529/421 1040/1530/421 1062/1557/421
f 1027/1512/422 1041/1531/422 1045/1537/422 1044/1536/422
f 1041/1533/423 1042/1534/423 1046/1539/423 1045/1538/423
f 1042/1534/424 1043/1535/424 1047/1540/424 1046/1539/424
f 1044/1536/425 1045/1537/425 1049/1543/425 1048/1541/425
f 1045/1538/426 1046/1539/426 1050/1545/426 1049/1542/426
f 1046/1539/427 1047/1540/427 1051/1546/427 1050/1545/427
f 1048/1541/428 1049/1543/428 1035/1521/428 1031/1516/428
f 1049/1543/429 1050/1544/429 1039/1528/429 1035/1521/429
f 1050/1545/430 1051/1546/430 1040/1530/430 1039/1529/430
f 1028/1513/431 1052/1547/431 1056/1551/431 1055/1550/431
f 1052/1547/432 1053/1548/432 1057/1552/432 1056/1551/432
f 1053/1548/433 1054/1549/433 1058/1553/433 1057/1552/433
f 1055/1550/434 1056/1551/434 1060/1555/434 1059/1554/434
f 1056/1551/435 1057/1552/435 1061/1556/435 1060/1555/435
f 1057/1552/436 1058/1553/436 1062/1557/436 1061/1556/436
f 1059/1554/437 1060/1555/437 1047/1540/437 1043/1535/437
f 1060/1555/438 1061/1556/438 1051/1546/438 1047/1540/438
f 1061/1556/439 1062/1557/439 1040/1530/439 1051/1546/439
f 902/1348/440 692/1088/440 698/1098/440 907/1354/440
f 907/1354/441 698/1098/441 1214/1778/441 1185/1713/441 906/1353/441
f 906/1353/442 1185/1713/442 905/1351/442
f 1213/1777/443 1184/1712/443 1257/1886/443 1286/1952/443
f 904/1350/444 719/1126/444 718/1125/444 903/1349/444
f 903/1349/445 718/1125/445 694/1091/445 901/1346/445
f 832/1263/446 729/1136/446 735/1142/446 837/1269/446
f 837/1269/447 735/1142/447 739/1146/447 836/1267/447
f 836/1268/448 739/1147/448 757/1174/448 835/1266/448
f 835/1266/449 757/1174/449 756/1173/449 834/1265/449
f 834/1265/450 756/1173/450 755/1172/450 833/1264/450
f 833/1264/451 755/1172/451 731/1138/451 831/1262/451
f 909/1356/452 731/1138/452 758/1175/452 914/1362/452
f 914/1362/453 758/1175/453 762/1179/453 913/1361/453
f 913/1361/454 762/1179/454 746/1158/454 912/1360/454
f 912/1360/455 746/1158/455 745/1157/455 911/1359/455
f 911/1359/456 745/1157/456 744/1155/456 910/1357/456
f 910/1358/457 744/1156/457 730/1137/457 908/1355/457
f 839/1271/458 767/1184/458 784/1206/458 844/1277/458
f 844/1277/459 784/1206/459 788/1210/459 843/1276/459
f 843/1276/460 788/1210/460 771/1189/460 842/1275/460
f 842/1275/461 771/1189/461 770/1187/461 841/1274/461
f 841/1273/462 770/1188/462 769/1186/462 840/1272/462
f 840/1272/463 769/1186/463 766/1183/463 838/1270/463
f 818/1247/464 803/1230/464 805/1232/464 823/1253/464
f 823/1253/465 805/1232/465 806/1233/465 822/1251/465
f 822/1252/466 806/1234/466 807/1235/466 821/1250/466
f 821/1250/467 807/1235/467 808/1236/467 820/1249/467
f 820/1249/468 808/1236/468 809/1237/468 819/1248/468
f 819/1248/469 809/1237/469 804/1231/469 817/1246/469
f 825/1255/470 810/1238/470 812/1240/470 830/1261/470
f 830/1261/471 812/1240/471 813/1241/471 829/1260/471
f 829/1260/472 813/1241/472 814/1242/472 828/1259/472
f 828/1259/473 814/1242/473 815/1243/473 827/1257/473
f 827/1258/474 815/1244/474 816/1245/474 826/1256/474
f 826/1256/475 816/1245/475 811/1239/475 824/1254/475
f 693/1090/476 818/1247/476 823/1253/476 707/1111/476
f 707/1111/477 823/1253/477 822/1251/477 708/1112/477
f 708/1113/478 822/1252/478 821/1250/478 709/1114/478
f 709/1114/479 821/1250/479 820/1249/479 725/1132/479
f 725/1132/480 820/1249/480 819/1248/480 721/1128/480
f 721/1128/481 819/1248/481 817/1246/481 694/1091/481
f 657/1043/482 825/1255/482 830/1261/482 681/1076/482
f 681/1076/483 830/1261/483 829/1260/483 682/1077/483
f 682/1077/484 829/1260/484 828/1259/484 683/1078/484
f 683/1078/485 828/1259/485 827/1257/485 665/1051/485
f 665/1052/486 827/1258/486 826/1256/486 661/1047/486
f 661/1047/487 826/1256/487 824/1254/487 655/1039/487
f 803/1230/488 832/1263/488 837/1269/488 805/1232/488
f 805/1232/489 837/1269/489 836/1267/489 806/1233/489
f 806/1234/490 836/1268/490 835/1266/490 807/1235/490
f 807/1235/491 835/1266/491 834/1265/491 808/1236/491
f 808/1236/492 834/1265/492 833/1264/492 809/1237/492
f 809/1237/493 833/1264/493 831/1262/493 804/1231/493
f 810/1238/494 1224/1799/494 1183/1709/494 812/1240/494
f 812/1240/495 1183/1709/495 1195/1733/495 813/1241/495
f 813/1241/496 1195/1733/496 1204/1755/496 814/1242/496
f 814/1242/497 1204/1755/497 1211/1771/497 815/1243/497
f 815/1244/498 1211/1772/498 1223/1796/498 816/1245/498
f 816/1245/499 1223/1796/499 840/1272/499 838/1270/499 811/1239/499
f 874/1313/500 1199/1743/500 1222/1794/500 879/1319/500
f 879/1319/501 1222/1794/501 1202/1751/501 878/1318/501
f 878/1318/502 1202/1751/502 1181/1705/502 877/1317/502
f 877/1317/503 1181/1705/503 1209/1766/503 876/1316/503
f 876/1316/504 1209/1766/504 1187/1717/504 875/1315/504
f 875/1315/505 1187/1717/505 1216/1782/505 873/1312/505
f 881/1322/506 852/1286/506 854/1289/506 886/1327/506
f 886/1327/507 854/1289/507 855/1290/507 885/1326/507
f 885/1326/508 855/1290/508 856/1291/508 884/1325/508
f 884/1325/509 856/1291/509 857/1292/509 883/1324/509
f 883/1324/510 857/1292/510 858/1293/510 882/1323/510
f 882/1323/511 858/1293/511 853/1288/511 880/1321/511
f 845/1279/512 859/1295/512 861/1297/512 847/1281/512
f 847/1281/513 861/1297/513 862/1298/513 848/1282/513
f 848/1282/514 862/1298/514 863/1299/514 849/1283/514
f 849/1283/515 863/1299/515 864/1300/515 850/1284/515
f 850/1284/516 864/1300/516 1198/1741/516 1207/1762/516 851/1285/516
f 851/1285/517 1207/1762/517 1178/1694/517 846/1280/517
f 852/1286/518 866/1303/518 868/1306/518 854/1289/518
f 854/1289/519 868/1306/519 869/1307/519 855/1290/519
f 855/1290/520 869/1307/520 870/1308/520 856/1291/520
f 856/1291/521 870/1308/521 871/1309/521 857/1292/521
f 857/1292/522 871/1309/522 872/1310/522 858/1293/522
f 858/1293/523 872/1310/523 867/1304/523 853/1288/523
f 888/1330/524 874/1313/524 879/1319/524 893/1335/524
f 893/1335/525 879/1319/525 878/1318/525 892/1334/525
f 892/1334/526 878/1318/526 877/1317/526 891/1333/526
f 891/1333/527 877/1317/527 876/1316/527 890/1332/527
f 890/1332/528 876/1316/528 875/1315/528 889/1331/528
f 889/1331/529 875/1315/529 873/1312/529 887/1328/529
f 895/1339/530 881/1322/530 886/1327/530 900/1345/530
f 900/1345/531 886/1327/531 885/1326/531 899/1344/531
f 899/1344/532 885/1326/532 884/1325/532 898/1343/532
f 898/1343/533 884/1325/533 883/1324/533 897/1342/533
f 897/1342/534 883/1324/534 882/1323/534 896/1340/534
f 896/1340/535 882/1323/535 880/1321/535 894/1337/535
f 656/1041/536 888/1330/536 893/1335/536 670/1061/536
f 670/1061/537 893/1335/537 892/1334/537 671/1062/537
f 671/1062/538 892/1334/538 891/1333/538 672/1063/538
f 672/1063/539 891/1333/539 890/1332/539 688/1083/539
f 688/1083/540 890/1332/540 889/1331/540 684/1079/540
f 684/1079/541 889/1331/541 887/1328/541 657/1043/541
f 767/1184/542 895/1339/542 900/1345/542 781/1203/542
f 781/1203/543 900/1345/543 899/1344/543 782/1204/543
f 782/1204/544 899/1344/544 898/1343/544 783/1205/544
f 783/1205/545 898/1343/545 897/1342/545 799/1224/545
f 799/1224/546 897/1342/546 896/1340/546 795/1217/546
f 795/1218/547 896/1341/547 894/1338/547 768/1185/547
f 859/1295/548 902/1348/548 907/1354/548 861/1297/548
f 861/1297/549 907/1354/549 906/1353/549 862/1298/549
f 862/1298/550 906/1353/550 905/1351/550 863/1299/550
f 863/1299/551 905/1351/551 1191/1725/551 864/1300/551
f 864/1300/552 1191/1725/552 1198/1741/552
f 865/1301/553 903/1349/553 901/1346/553 860/1296/553
f 866/1303/554 909/1356/554 914/1362/554 868/1306/554
f 868/1306/555 914/1362/555 913/1361/555 869/1307/555
f 869/1307/556 913/1361/556 912/1360/556 870/1308/556
f 870/1308/557 912/1360/557 911/1359/557 871/1309/557
f 871/1309/558 911/1359/558 910/1357/558 872/1310/558
f 872/1311/559 910/1358/559 908/1355/559 867/1305/559
f 1162/1672/560 953/1414/560 970/1438/560 1167/1678/560
f 1167/1678/561 970/1438/561 974/1442/561 1166/1677/561
f 1166/1677/562 974/1442/562 957/1419/562 1165/1676/562
f 1165/1676/563 957/1419/563 956/1418/563 1164/1675/563
f 1164/1675/564 956/1418/564 955/1416/564 1163/1673/564
f 1163/1674/565 955/1417/565 952/1412/565 1161/1671/565
f 1092/1591/566 990/1463/566 1007/1484/566 1097/1597/566
f 1097/1597/567 1007/1484/567 1011/1488/567 1096/1596/567
f 1096/1596/568 1011/1488/568 994/1469/568 1095/1595/568
f 1095/1595/569 994/1469/569 993/1468/569 1094/1594/569
f 1094/1594/570 993/1468/570 992/1465/570 1093/1592/570
f 1093/1593/571 992/1466/571 989/1462/571 1091/1590/571
f 1169/1680/572 991/1464/572 1018/1496/572 1174/1685/572
f 1174/1686/573 1018/1497/573 1022/1504/573 1173/1684/573
f 1173/1684/574 1022/1504/574 1006/1483/574 1172/1683/574
f 1172/1683/575 1006/1483/575 1005/1482/575 1171/1682/575
f 1171/1682/576 1005/1482/576 1004/1481/576 1170/1681/576
f 1170/1681/577 1004/1481/577 990/1463/577 1168/1679/577
f 1099/1599/578 1026/1510/578 1032/1517/578 1104/1604/578
f 1104/1605/579 1032/1518/579 1036/1523/579 1103/1603/579
f 1103/1603/580 1036/1523/580 1054/1549/580 1102/1602/580
f 1102/1602/581 1054/1549/581 1053/1548/581 1101/1601/581
f 1101/1601/582 1053/1548/582 1052/1547/582 1100/1600/582
f 1100/1600/583 1052/1547/583 1028/1513/583 1098/1598/583
f 1078/1575/584 1063/1558/584 1065/1560/584 1083/1581/584
f 1083/1581/585 1065/1560/585 1066/1561/585 1082/1580/585
f 1082/1580/586 1066/1561/586 1067/1562/586 1081/1579/586
f 1081/1579/587 1067/1562/587 1068/1563/587 1080/1578/587
f 1080/1578/588 1068/1563/588 1069/1564/588 1079/1576/588
f 1079/1577/589 1069/1565/589 1064/1559/589 1077/1574/589
f 1085/1583/590 1070/1566/590 1072/1568/590 1090/1588/590
f 1090/1589/591 1072/1569/591 1073/1570/591 1089/1587/591
f 1089/1587/592 1073/1570/592 1074/1571/592 1088/1586/592
f 1088/1586/593 1074/1571/593 1075/1572/593 1087/1585/593
f 1087/1585/594 1075/1572/594 1076/1573/594 1086/1584/594
f 1086/1584/595 1076/1573/595 1071/1567/595 1084/1582/595
f 953/1414/596 1078/1575/596 1083/1581/596 967/1435/596
f 967/1435/597 1083/1581/597 1082/1580/597 968/1436/597
f 968/1436/598 1082/1580/598 1081/1579/598 969/1437/598
f 969/1437/599 1081/1579/599 1080/1578/599 985/1455/599
f 985/1455/600 1080/1578/600 1079/1576/600 981/1449/600
f 981/1450/601 1079/1577/601 1077/1574/601 954/1415/601
f 915/1363/602 1085/1583/602 1090/1588/602 918/1366/602
f 918/1367/603 1090/1589/603 1089/1587/603 919/1369/603
f 919/1369/604 1089/1587/604 1088/1586/604 920/1370/604
f 920/1370/605 1088/1586/605 1087/1585/605 937/1389/605
f 937/1389/606 1087/1585/606 1086/1584/606 933/1385/606
f 933/1385/607 1086/1584/607 1084/1582/607 916/1364/607
f 1063/1558/608 1092/1591/608 1097/1597/608 1065/1560/608
f 1065/1560/609 1097/1597/609 1096/1596/609 1066/1561/609
f 1066/1561/610 1096/1596/610 1095/1595/610 1067/1562/610
f 1067/1562/611 1095/1595/611 1094/1594/611 1068/1563/611
f 1068/1563/612 1094/1594/612 1093/1592/612 1069/1564/612
f 1069/1565/613 1093/1593/613 1091/1590/613 1064/1559/613
f 1070/1566/614 1099/1599/614 1104/1604/614 1072/1568/614
f 1072/1569/615 1104/1605/615 1103/1603/615 1073/1570/615
f 1073/1570/616 1103/1603/616 1102/1602/616 1074/1571/616
f 1074/1571/617 1102/1602/617 1101/1601/617 1075/1572/617
f 1075/1572/618 1101/1601/618 1100/1600/618 1076/1573/618
f 1076/1573/619 1100/1600/619 1098/1598/619 1071/1567/619
f 1134/1639/620 1105/1606/620 1107/1608/620 1139/1645/620
f 1139/1645/621 1107/1608/621 1108/1609/621 1138/1644/621
f 1138/1644/622 1108/1609/622 1109/1610/622 1137/1643/622
f 1137/1643/623 1109/1610/623 1110/1611/623 1136/1642/623
f 1136/1642/624 1110/1611/624 1111/1612/624 1135/1640/624
f 1135/1641/625 1111/1613/625 1106/1607/625 1206/1759/625 1133/1638/625
f 1141/1647/626 1112/1614/626 1114/1616/626 1146/1652/626
f 1146/1653/627 1114/1617/627 1115/1618/627 1145/1651/627
f 1145/1651/628 1115/1618/628 1116/1619/628 1144/1650/628
f 1144/1650/629 1116/1619/629 1117/1620/629 1143/1649/629
f 1143/1649/630 1117/1620/630 1118/1621/630 1142/1648/630
f 1142/1648/631 1118/1621/631 1113/1615/631 1140/1646/631
f 1105/1606/632 1119/1622/632 1121/1624/632 1107/1608/632
f 1107/1608/633 1121/1624/633 1122/1625/633 1108/1609/633
f 1108/1609/634 1122/1625/634 1123/1626/634 1109/1610/634
f 1109/1610/635 1123/1626/635 1124/1627/635 1110/1611/635
f 1110/1611/636 1124/1627/636 1125/1628/636 1111/1612/636
f 1111/1613/637 1125/1629/637 1120/1623/637 1106/1607/637
f 1112/1614/638 1126/1630/638 1128/1632/638 1114/1616/638
f 1114/1617/639 1128/1633/639 1129/1634/639 1115/1618/639
f 1115/1618/640 1129/1634/640 1130/1635/640 1116/1619/640
f 1116/1619/641 1130/1635/641 1131/1636/641 1117/1620/641
f 1117/1620/642 1131/1636/642 1132/1637/642 1118/1621/642
f 1118/1621/643 1132/1637/643 1127/1631/643 1113/1615/643
f 1148/1655/644 1134/1639/644 1139/1645/644 1153/1661/644
f 1153/1661/645 1139/1645/645 1138/1644/645 1152/1660/645
f 1152/1660/646 1138/1644/646 1137/1643/646 1151/1659/646
f 1151/1659/647 1137/1643/647 1136/1642/647 1150/1658/647
f 1150/1658/648 1136/1642/648 1135/1640/648 1149/1656/648
f 1149/1657/649 1135/1641/649 1133/1638/649 1147/1654/649
f 1155/1664/650 1141/1647/650 1146/1652/650 1160/1669/650
f 1160/1670/651 1146/1653/651 1145/1651/651 1159/1668/651
f 1159/1668/652 1145/1651/652 1144/1650/652 1158/1667/652
f 1158/1667/653 1144/1650/653 1143/1649/653 1157/1666/653
f 1157/1666/654 1143/1649/654 1142/1648/654 1156/1665/654
f 1156/1665/655 1142/1648/655 1140/1646/655 1154/1662/655
f 916/1364/656 1148/1655/656 1153/1661/656 930/1382/656
f 930/1382/657 1153/1661/657 1152/1660/657 931/1383/657
f 931/1383/658 1152/1660/658 1151/1659/658 932/1384/658
f 932/1384/659 1151/1659/659 1150/1658/659 948/1407/659
f 948/1407/660 1150/1658/660 1149/1656/660 944/1399/660
f 944/1400/661 1149/1657/661 1147/1654/661 917/1365/661
f 1027/1511/662 1155/1664/662 1160/1669/662 1041/1532/662
f 1041/1533/663 1160/1670/663 1159/1668/663 1042/1534/663
f 1042/1534/664 1159/1668/664 1158/1667/664 1043/1535/664
f 1043/1535/665 1158/1667/665 1157/1666/665 1059/1554/665
f 1059/1554/666 1157/1666/666 1156/1665/666 1055/1550/666
f 1055/1550/667 1156/1665/667 1154/1662/667 1028/1513/667
f 1119/1622/668 1162/1672/668 1167/1678/668 1121/1624/668
f 1121/1624/669 1167/1678/669 1166/1677/669 1122/1625/669
f 1122/1625/670 1166/1677/670 1165/1676/670 1123/1626/670
f 1123/1626/671 1165/1676/671 1164/1675/671 1124/1627/671
f 1124/1627/672 1164/1675/672 1163/1673/672 1125/1628/672
f 1125/1629/673 1163/1674/673 1161/1671/673 1120/1623/673
f 1126/1630/674 1169/1680/674 1174/1685/674 1128/1632/674
f 1128/1633/675 1174/1686/675 1173/1684/675 1129/1634/675
f 1129/1634/676 1173/1684/676 1172/1683/676 1130/1635/676
f 1130/1635/677 1172/1683/677 1171/1682/677 1131/1636/677
f 1131/1636/678 1171/1682/678 1170/1681/678 1132/1637/678
f 1132/1637/679 1170/1681/679 1168/1679/679 1127/1631/679
f 1026/1510/680 766/1183/680 772/1190/680 1029/1514/680
f 1029/1514/681 772/1190/681 776/1195/681 1030/1515/681
f 1030/1515/682 776/1195/682 794/1216/682 1031/1516/682
f 1031/1516/683 794/1216/683 793/1215/683 1048/1541/683
f 1048/1541/684 793/1215/684 792/1214/684 1044/1536/684
f 1044/1536/685 792/1214/685 768/1185/685 1027/1512/685
f 692/1089/686 952/1413/686 958/1422/686 695/1092/686
f 695/1092/687 958/1422/687 962/1428/687 696/1095/687
f 696/1095/688 962/1428/688 980/1448/688 697/1096/688
f 697/1096/689 980/1448/689 979/1447/689 714/1120/689
f 714/1120/690 979/1447/690 978/1446/690 710/1115/690
f 710/1115/691 978/1446/691 954/1415/691 693/1090/691
f 917/1365/692 656/1042/692 673/1064/692 941/1394/692
f 941/1395/693 673/1065/693 677/1070/693 942/1397/693
f 942/1397/694 677/1070/694 660/1046/694 943/1398/694
f 943/1398/695 660/1046/695 659/1045/695 925/1376/695
f 925/1376/696 659/1045/696 658/1044/696 921/1371/696
f 921/1371/697 658/1044/697 655/1039/697 915/1363/697
f 991/1464/698 730/1137/698 747/1159/698 1015/1492/698
f 1015/1493/699 747/1160/699 751/1166/699 1016/1494/699
f 1016/1494/700 751/1166/700 734/1141/700 1017/1495/700
f 1017/1495/701 734/1141/701 733/1140/701 999/1475/701
f 999/1475/702 733/1140/702 732/1139/702 995/1470/702
f 995/1470/703 732/1139/703 729/1136/703 989/1462/703
f 655/1039/704 824/1254/704 1085/1583/704 915/1363/704
f 1247/1861/705 1278/1933/705 1285/1950/705
f 1239/1838/706 1240/1842/706 1313/2017/706 1312/2013/706
f 1215/1780/505 1186/1715/505 851/1285/505 846/1280/505
f 1205/1758/707 1212/1775/707 1285/1949/707 1278/1932/707
f 1177/1691/517 865/1301/517 860/1296/517
f 1185/1714/708 1214/1779/708 1287/1954/708 1258/1888/708
f 1178/1694/185 1188/1719/185 626/1010/185 846/1280/185
f 1238/1835/709 1239/1839/709 1312/2014/709 1311/2010/709
f 1188/1719/185 1226/1803/185 1219/1788/185 626/1010/185
f 1208/1765/710 1186/1716/710 1259/1891/710 1281/1940/710
f 1186/1715/711 1208/1764/711 850/1284/711 851/1285/711
f 1212/1774/712 1205/1757/712 720/1127/712 719/1126/712 904/1350/712
f 1201/1750/713 1180/1704/713 1253/1879/713 1274/1925/713
f 1210/1768/714 841/1273/714 840/1272/714 1223/1796/714
f 1220/1790/715 1238/1836/715 1311/2011/715 1293/1965/715
f 1213/1776/716 1196/1735/716 699/1099/716 703/1105/716 702/1104/716
f 1179/1697/192 1229/1811/192 1218/1786/192 631/1015/192
f 1187/1718/717 1209/1767/717 1282/1942/717 1260/1893/717
f 1181/1706/718 1202/1752/718 1275/1927/718 1254/1881/718
f 1237/1833/719 1219/1789/719 1292/1963/719 1310/2007/719
f 865/1301/720 1190/1723/720 904/1350/720 903/1349/720
f 1228/1810/721 1220/1790/721 1293/1965/721 1301/1984/721
f 1225/1801/722 1176/1689/722 636/1020/722 839/1271/722
f 1204/1756/723 1195/1734/723 1268/1909/723 1277/1931/723
f 1210/1769/724 1203/1753/724 842/1275/724 841/1274/724
f 1236/1830/725 1237/1834/725 1310/2008/725 1309/2004/725
f 1208/1764/726 1180/1703/726 849/1283/726 850/1284/726
f 1227/1807/727 1228/1810/727 1301/1984/727 1300/1981/727
f 1205/1757/728 1184/1711/728 702/1104/728 720/1127/728
f 1194/1732/729 1203/1754/729 1276/1929/729 1267/1907/729
f 1190/1723/730 1212/1774/730 904/1350/730
f 1235/1828/731 1236/1831/731 1309/2005/731 1308/2003/731
f 1203/1753/732 1194/1731/732 843/1276/732 842/1275/732
f 1189/1722/733 1227/1808/733 1300/1982/733 1262/1896/733
f 1180/1703/734 1201/1749/734 848/1282/734 849/1283/734
f 1212/1775/735 1190/1724/735 1263/1899/735 1285/1949/735
f 1184/1711/736 1213/1776/736 702/1104/736
f 1200/1748/737 1221/1793/737 1294/1968/737 1273/1923/737
f 1232/1820/192 1175/1687/192 634/1018/192 1179/1698/192
f 1226/1804/738 1188/1720/738 1261/1895/738 1299/1978/738
f 1216/1782/191 1233/1823/191 1192/1727/191 632/1016/191 873/1312/191
f 1191/1726/739 905/1352/739 1247/1860/739 1264/1901/739
f 1194/1731/740 1182/1707/740 844/1277/740 843/1276/740
f 1222/1795/741 1199/1745/741 1272/1920/741 1295/1970/741
f 1201/1749/742 1221/1792/742 847/1281/742 848/1282/742
f 1206/1759/743 1199/1744/743 874/1314/743 1133/1638/743
f 1219/1789/744 1226/1805/744 1299/1979/744 1292/1963/744
f 1184/1712/745 1205/1758/745 1278/1932/745 1257/1886/745
f 1196/1736/746 695/1092/746 699/1100/746
f 1183/1710/747 1224/1800/747 1297/1975/747 1256/1885/747
f 1182/1707/748 1225/1801/748 839/1271/748 844/1277/748
f 1177/1692/709 1189/1722/709 1262/1896/709 1250/1866/709
f 1221/1792/749 1200/1747/749 845/1279/749 847/1281/749
f 905/1352/750 1185/1714/750 1258/1888/750 1247/1860/750
f 1192/1727/191 1244/1853/191 1243/1851/191 1241/1843/191 1217/1784/191 632/1016/191
f 1225/1802/751 1182/1708/751 1255/1883/751 1298/1977/751
f 1218/1786/191 1242/1849/191 1241/1844/191 1240/1841/191 1239/1840/191 1238/1837/191 1220/1791/191 625/1009/191 631/1015/191
f 1289/1957/505 1260/1892/505 1259/1890/505 1288/1955/505
f 1251/1869/517 1280/1937/517 1246/1858/517 1250/1867/517
f 1250/1867/185 1262/1897/185 1261/1894/185 1251/1869/185
f 1262/1897/185 1300/1983/185 1301/1985/185 1293/1966/185 1292/1964/185 1299/1980/185 1261/1894/185
f 1260/1892/711 1282/1941/711 1281/1939/711 1259/1890/711
f 1296/1971/752 1284/1946/752 1283/1943/752
f 1287/1953/753 1270/1913/753 1269/1910/753 1286/1951/753
f 1291/1961/192 1302/1986/192 1252/1872/192 1303/1989/192 1290/1959/192
f 1280/1937/516 1271/1916/516 1246/1858/516
f 1271/1916/552 1264/1900/552 1263/1898/552 1246/1858/552
f 1297/1974/754 1248/1862/754 1249/1864/754 1298/1976/754
f 1284/1947/755 1277/1930/755 1276/1928/755 1283/1944/755
f 1282/1941/503 1254/1880/503 1253/1878/503 1281/1939/503
f 1247/1861/756 1258/1889/756 1257/1887/756 1278/1933/756
f 1264/1900/757 1247/1861/757 1285/1950/757 1263/1898/757
f 1277/1930/758 1268/1908/758 1267/1906/758 1276/1928/758
f 1254/1880/759 1275/1926/759 1274/1924/759 1253/1878/759
f 1258/1889/760 1287/1953/760 1286/1951/760 1257/1887/760
f 1252/1873/192 1304/1992/192 1249/1864/192 1248/1862/192 1305/1995/192
f 1288/1955/191 1307/2000/191 1266/1904/191 1265/1902/191 1306/1998/191 1289/1957/191
f 1268/1908/761 1256/1884/761 1255/1882/761 1267/1906/761
f 1275/1926/762 1295/1969/762 1294/1967/762 1274/1924/762
f 1272/1918/763 1279/1934/763 1273/1921/763
f 1270/1914/764 1245/1855/764 1269/1911/764
f 1256/1884/765 1297/1974/765 1298/1976/765 1255/1882/765
f 1295/1969/766 1272/1919/766 1273/1922/766 1294/1967/766
f 1266/1904/191 1308/2002/191 1309/2006/191 1310/2009/191 1292/1964/191 1293/1966/191 1311/2012/191 1312/2015/191 1313/2016/191 1314/2018/191 1316/2026/191 1317/2028/191 1265/1902/191
f 1290/1959/191 1314/2019/191 1315/2024/191 1291/1961/191
f 1210/1770/767 1223/1797/767 1296/1972/767 1283/1945/767
f 1241/1845/768 1242/1850/768 1315/2025/768 1314/2020/768
f 1179/1699/769 1231/1818/769 1304/1993/769 1252/1874/769
f 1223/1798/770 1211/1773/770 1284/1948/770 1296/1973/770
f 1242/1850/771 1218/1787/771 1291/1962/771 1315/2025/771
f 1231/1819/772 1176/1690/772 1249/1865/772 1304/1994/772
f 1214/1779/773 1197/1740/773 1270/1915/773 1287/1954/773
f 1217/1785/774 1241/1846/774 1314/2021/774 1290/1960/774
f 1175/1688/775 1232/1821/775 1305/1996/775 1248/1863/775
f 1196/1737/776 1213/1777/776 1286/1952/776 1269/1912/776
f 1240/1842/777 1241/1847/777 1314/2022/777 1313/2017/777
f 1232/1822/778 1179/1700/778 1252/1875/778 1305/1997/778
f 1218/1787/779 1229/1812/779 1302/1987/779 1291/1962/779
f 1241/1848/780 1243/1852/780 1316/2027/780 1314/2023/780
f 1192/1728/781 1233/1824/781 1306/1999/781 1265/1903/781
f 1229/1813/782 1179/1701/782 1252/1876/782 1302/1988/782
f 1243/1852/783 1244/1854/783 1317/2029/783 1316/2027/783
f 1233/1824/784 1216/1783/784 1289/1958/784 1306/1999/784
f 1179/1702/785 1230/1815/785 1303/1990/785 1252/1877/785
f 1244/1854/786 1192/1728/786 1265/1903/786 1317/2029/786
f 1215/1781/787 1234/1826/787 1307/2001/787 1288/1956/787
f 1230/1816/788 1217/1785/788 1290/1960/788 1303/1991/788
f 1193/1730/789 1235/1828/789 1308/2003/789 1266/1905/789
f 1234/1826/790 1193/1730/790 1266/1905/790 1307/2001/790
f 1207/1763/791 1198/1742/791 1271/1917/791 1280/1938/791
f 1182/1708/792 1194/1732/792 1267/1907/792 1255/1883/792
f 1198/1742/793 1191/1726/793 1264/1901/793 1271/1917/793
f 1195/1734/794 1183/1710/794 1256/1885/794 1268/1909/794
f 1190/1724/795 865/1302/795 1246/1859/795 1263/1899/795
f 1202/1752/796 1222/1795/796 1295/1970/796 1275/1927/796
f 1176/1690/797 1225/1802/797 1298/1977/797 1249/1865/797
f 1221/1793/798 1201/1750/798 1274/1925/798 1294/1968/798
f 1224/1800/799 1175/1688/799 1248/1863/799 1297/1975/799
f 1216/1783/800 1187/1718/800 1260/1893/800 1289/1958/800
f 1199/1745/801 1206/1760/801 1279/1935/801 1272/1920/801
f 1203/1754/802 1210/1770/802 1283/1945/802 1276/1929/802
f 1186/1716/803 1215/1781/803 1288/1956/803 1259/1891/803
f 1206/1761/804 1200/1748/804 1273/1923/804 1279/1936/804
f 1211/1773/805 1204/1756/805 1277/1931/805 1284/1948/805
f 1178/1695/806 1207/1763/806 1280/1938/806 1251/1870/806
f 1197/1740/807 695/1093/807 1245/1856/807 1270/1915/807
f 1209/1767/808 1181/1706/808 1254/1881/808 1282/1942/808
f 865/1302/809 1177/1693/809 1250/1868/809 1246/1859/809
f 695/1094/810 1196/1737/810 1269/1912/810 1245/1857/810
f 1180/1704/811 1208/1765/811 1281/1940/811 1253/1879/811
f 1188/1720/812 1178/1696/812 1251/1871/812 1261/1895/812
o Kostka.007
v 0.926961 4.487430 -1.857869
v 0.866305 4.487430 -1.874820
v 1.019224 5.012370 -2.422030
v 1.049553 5.043859 -2.413555
v 1.058028 5.012370 -2.443883
v 1.019225 3.962491 -2.422030
v 1.058028 3.962491 -2.443883
v 1.049553 3.931001 -2.413555
v 0.713386 5.012369 -1.327609
v 0.735239 5.012369 -1.288805
v 0.743714 5.043859 -1.319134
v 0.713386 3.962491 -1.327609
v 0.743714 3.931001 -1.319134
v 0.735239 3.962491 -1.288806
v 1.079881 5.012370 -2.405080
v 1.058028 5.012370 -2.443883
v 1.049553 5.043859 -2.413555
v 1.079881 3.962491 -2.405080
v 1.049553 3.931001 -2.413555
v 1.058028 3.962491 -2.443883
v 0.743714 5.043859 -1.319134
v 0.735239 5.012369 -1.288805
v 0.774042 5.012369 -1.310658
v 0.735239 3.962491 -1.288806
v 0.743714 3.931001 -1.319134
v 0.774042 3.962491 -1.310658
v 0.866305 5.012369 -1.874820
v 0.896633 5.043859 -1.866344
v 0.866305 3.962491 -1.874820
v 0.896633 3.931001 -1.866344
v 0.926961 5.012369 -1.857869
v 0.896633 5.043859 -1.866344
v 0.926962 3.962491 -1.857869
v 0.896633 3.931001 -1.866344
v 1.019225 4.487430 -2.422030
v 1.058028 4.487430 -2.443883
v 0.713386 4.487430 -1.327609
v 0.735239 4.487430 -1.288806
v 0.735239 4.487430 -1.288805
v 0.774042 4.487430 -1.310658
v 1.079881 4.487430 -2.405080
v 1.058028 4.487430 -2.443883
vn 0.9631 -0.0000 0.2691
vn -0.9631 -0.0000 -0.2691
vn -0.0000 1.0000 -0.0000
vn 1.0000 -0.0000 -0.0000
vn -0.7241 -0.0000 0.6897
vn -0.3525 -0.9358 -0.0000
vn -0.1311 0.9914 -0.0000
vn -0.9985 0.0556 -0.0000
vn -0.4648 -0.0000 0.8854
vn -0.4007 0.5774 -0.7114
vn -0.4007 -0.5773 -0.7114
vn -0.7114 0.5774 0.4007
vn -0.7114 -0.5773 0.4007
vn 0.7114 0.5774 -0.4007
vn 0.7114 -0.5774 -0.4007
vn 0.4007 0.5773 0.7114
vn 0.4007 -0.5774 0.7114
vn -0.6810 0.7071 -0.1903
vn -0.4907 -0.0000 -0.8713
vn -0.6810 -0.7071 -0.1903
vn -0.8713 -0.0000 0.4907
vn -0.0000 0.7129 0.7013
vn -0.0000 -0.2500 0.9682
vn 0.4907 -0.0000 0.8713
vn 0.6810 0.7071 0.1903
vn 0.6810 -0.7071 0.1903
vn 0.8713 -0.0000 -0.4907
vn 0.9443 0.1472 -0.2943
vn -0.0000 -1.0000 -0.0000
vt 0.833007 0.049527
vt 0.833007 0.148581
vt 0.988433 0.082058
vt 0.256244 0.896246
vt 0.875717 0.194809
vt 0.985871 0.082058
vt 0.985871 0.079496
vt 0.258806 0.896245
vt 0.790296 0.194809
vt 0.256244 0.981667
vt 0.987553 0.968608
vt 0.258806 0.981666
vt 0.984991 0.971170
vt 0.984991 0.968608
vt 0.875717 0.102353
vt 0.988433 0.174515
vt 0.252208 0.896246
vt 0.875717 0.099791
vt 0.985871 0.177077
vt 0.985871 0.174515
vt 0.987553 0.876151
vt 0.790296 0.102353
vt 0.984991 0.876151
vt 0.252208 0.981667
vt 0.984991 0.873589
vt 0.790296 0.099791
vt 0.790296 0.095755
vt 0.983309 0.082058
vt 0.258806 0.896246
vt 0.790296 0.098317
vt 0.985871 0.079496
vt 0.985871 0.082058
vt 0.982429 0.968608
vt 0.875717 0.095755
vt 0.984991 0.968608
vt 0.258806 0.981667
vt 0.984991 0.971170
vt 0.875717 0.098317
vt 0.985871 0.174515
vt 0.252208 0.896246
vt 0.985871 0.177077
vt 0.790296 0.000737
vt 0.790296 0.003299
vt 0.983309 0.174515
vt 0.252208 0.981667
vt 0.984991 0.873589
vt 0.875717 0.000737
vt 0.984991 0.876151
vt 0.982429 0.876151
vt 0.875717 0.003299
vt 0.988433 0.128287
vt 0.875717 0.148581
vt 0.985871 0.128287
vt 0.790296 0.148581
vt 0.987553 0.922379
vt 0.984991 0.922379
vt 0.790296 0.049527
vt 0.983309 0.128287
vt 0.985871 0.128287
vt 0.875717 0.049527
vt 0.982429 0.922379
vt 0.984991 0.922379
vt 0.256244 0.938956
vt 0.833007 0.194809
vt 0.258806 0.938956
vt 0.833007 0.102353
vt 0.252208 0.938956
vt 0.833007 0.099791
vt 0.252208 0.938956
vt 0.833007 0.000737
vt 0.833007 0.003299
vt 0.833007 0.095755
vt 0.258806 0.938956
vt 0.833007 0.098317
s 0
f 1348/2086/813 1318/2030/813 1358/2101/813 1332/2056/813
f 1319/2031/814 1346/2083/814 1329/2051/814 1354/2095/814
f 1340/2072/813 1357/2100/813 1318/2030/813 1348/2086/813
f 1351/2091/815 1347/2085/815 1325/2043/815 1336/2064/815
f 1333/2058/816 1359/2102/816 1353/2094/816 1322/2037/816
f 1344/2081/814 1319/2031/814 1354/2095/814 1326/2044/814
f 1355/2096/817 1331/2053/817 1341/2074/817 1356/2098/817
f 1342/2077/818 1330/2052/818 1347/2085/818 1351/2091/818
f 1359/2102/815 1337/2065/815 1324/2041/815 1353/2094/815
f 1345/2082/819 1349/2088/819 1334/2061/819 1321/2035/819
f 1357/2100/813 1343/2079/813 1350/2089/813 1318/2030/813
f 1352/2093/814 1323/2038/814 1346/2083/814 1319/2031/814
f 1318/2030/813 1350/2089/813 1335/2063/813 1358/2101/813
f 1328/2049/820 1338/2068/820 1349/2088/820 1345/2082/820
f 1327/2046/821 1355/2096/821 1356/2098/821 1339/2069/821
f 1320/2032/822 1321/2035/822 1322/2036/822
f 1323/2040/823 1324/2042/823 1325/2043/823
f 1326/2045/824 1327/2048/824 1328/2049/824
f 1329/2050/825 1330/2052/825 1331/2054/825
f 1332/2057/826 1333/2060/826 1334/2061/826
f 1335/2062/827 1336/2064/827 1337/2066/827
f 1338/2068/828 1339/2070/828 1340/2073/828
f 1341/2075/829 1342/2077/829 1343/2078/829
f 1345/2082/830 1321/2035/830 1320/2032/830 1344/2080/830
f 1353/2094/831 1324/2041/831 1323/2039/831 1352/2092/831
f 1347/2085/832 1330/2052/832 1329/2050/832 1346/2084/832
f 1355/2097/833 1327/2047/833 1326/2044/833 1354/2095/833
f 1338/2068/834 1328/2049/834 1327/2048/834 1339/2070/834
f 1330/2052/835 1342/2077/835 1341/2075/835 1331/2054/835
f 1357/2100/836 1340/2072/836 1339/2071/836 1356/2099/836
f 1349/2088/837 1338/2068/837 1340/2073/837 1348/2087/837
f 1351/2091/838 1336/2064/838 1335/2062/838 1350/2090/838
f 1359/2103/839 1333/2059/839 1332/2056/839 1358/2101/839
f 1321/2035/840 1334/2061/840 1333/2060/840 1322/2036/840
f 1336/2064/841 1325/2043/841 1324/2042/841 1337/2066/841
f 1328/2049/830 1345/2082/830 1344/2080/830 1326/2045/830
f 1325/2043/832 1347/2085/832 1346/2084/832 1323/2040/832
f 1334/2061/837 1349/2088/837 1348/2087/837 1332/2057/837
f 1342/2077/838 1351/2091/838 1350/2090/838 1343/2078/838
f 1322/2037/831 1353/2094/831 1352/2092/831 1320/2033/831
f 1331/2055/833 1355/2097/833 1354/2095/833 1329/2051/833
f 1343/2079/836 1357/2100/836 1356/2099/836 1341/2076/836
f 1337/2067/839 1359/2103/839 1358/2101/839 1335/2063/839
f 1320/2034/814 1352/2093/814 1319/2031/814 1344/2081/814
o Kostka.008
v 0.742959 2.487908 -0.080953
v 0.742959 2.519398 -0.049463
v 0.711469 2.519398 -0.080953
v 0.742959 2.748727 -0.049463
v 0.742959 2.780217 -0.080953
v 0.711469 2.748727 -0.080953
v 0.742959 2.487908 -1.153391
v 0.711469 2.519398 -1.153391
v 0.742959 2.519398 -1.184881
v 0.742959 2.780217 -1.153391
v 0.742959 2.748727 -1.184881
v 0.711469 2.748727 -1.153391
v 0.742959 2.487908 -0.080953
v 0.774449 2.519398 -0.080953
v 0.742959 2.519398 -0.049463
v 0.742959 2.780217 -0.080953
v 0.742959 2.748727 -0.049463
v 0.774449 2.748727 -0.080953
v 0.742959 2.487908 -1.153391
v 0.742959 2.519398 -1.184881
v 0.774449 2.519398 -1.153391
v 0.742959 2.780217 -1.153391
v 0.774449 2.748727 -1.153391
v 0.742959 2.748727 -1.184881
vn -0.0000 1.0000 -0.0000
vn 1.0000 -0.0000 -0.0000
vn -1.0000 -0.0000 -0.0000
vn -0.5773 -0.5774 0.5774
vn -0.5773 0.5774 0.5774
vn -0.5773 -0.5774 -0.5774
vn -0.5773 0.5774 -0.5774
vn 0.5773 -0.5774 0.5774
vn 0.5773 0.5774 0.5774
vn 0.5773 -0.5774 -0.5774
vn 0.5773 0.5774 -0.5774
vn -0.7071 -0.7071 -0.0000
vn -0.7071 -0.0000 0.7071
vn -0.7071 0.7071 -0.0000
vn -0.7071 -0.0000 -0.7071
vn 0.7071 -0.0000 -0.7071
vn 0.7071 -0.7071 -0.0000
vn 0.7071 0.7071 -0.0000
vn 0.7071 -0.0000 0.7071
vt 0.087738 0.895076
vt 0.623987 0.940681
vt 0.087738 0.892514
vt 0.930161 0.112779
vt 0.090300 0.895076
vt 0.626550 0.940681
vt 0.623987 0.922022
vt 0.081141 0.892514
vt 0.081141 0.895076
vt 0.948820 0.112779
vt 0.626550 0.922022
vt 0.078578 0.895076
vt 0.087738 0.982332
vt 0.930161 0.200035
vt 0.090300 0.982332
vt 0.614828 0.940681
vt 0.617390 0.940681
vt 0.087738 0.984894
vt 0.081141 0.982332
vt 0.617390 0.922022
vt 0.081141 0.984894
vt 0.948820 0.200035
vt 0.078578 0.982332
vt 0.614828 0.922022
vt 0.087738 0.895076
vt 0.085176 0.895076
vt 0.929281 0.864354
vt 0.623987 0.940681
vt 0.929281 0.866916
vt 0.087738 0.892514
vt 0.081141 0.895076
vt 0.623987 0.922022
vt 0.947939 0.866916
vt 0.081141 0.892514
vt 0.083703 0.895076
vt 0.947939 0.864354
vt 0.087738 0.982332
vt 0.617390 0.940681
vt 0.087738 0.984894
vt 0.929281 0.774535
vt 0.929281 0.777098
vt 0.085176 0.982332
vt 0.081141 0.982332
vt 0.947940 0.777097
vt 0.083703 0.982332
vt 0.617390 0.922022
vt 0.081141 0.984894
vt 0.947940 0.774535
s 0
f 1374/2131/842 1376/2135/842 1363/2110/842 1361/2105/842
f 1380/2144/843 1382/2147/843 1377/2139/843 1373/2130/843
f 1381/2146/842 1369/2122/842 1364/2112/842 1375/2134/842
f 1362/2107/844 1365/2113/844 1371/2125/844 1367/2117/844
f 1368/2120/842 1370/2123/842 1383/2149/842 1379/2141/842
f 1360/2104/845 1361/2106/845 1362/2108/845
f 1363/2111/846 1364/2112/846 1365/2115/846
f 1366/2116/847 1367/2118/847 1368/2121/847
f 1369/2122/848 1370/2124/848 1371/2126/848
f 1372/2128/849 1373/2129/849 1374/2133/849
f 1375/2134/850 1376/2137/850 1377/2138/850
f 1378/2140/851 1379/2142/851 1380/2145/851
f 1381/2146/852 1382/2148/852 1383/2150/852
f 1366/2116/853 1360/2104/853 1362/2108/853 1367/2118/853
f 1361/2105/854 1363/2110/854 1365/2114/854 1362/2109/854
f 1364/2112/855 1369/2122/855 1371/2126/855 1365/2115/855
f 1370/2123/856 1368/2120/856 1367/2119/856 1371/2127/856
f 1378/2140/842 1366/2116/842 1368/2121/842 1379/2142/842
f 1369/2122/842 1381/2146/842 1383/2150/842 1370/2124/842
f 1382/2147/857 1380/2144/857 1379/2143/857 1383/2151/857
f 1372/2128/858 1378/2140/858 1380/2145/858 1373/2129/858
f 1381/2146/859 1375/2134/859 1377/2138/859 1382/2148/859
f 1376/2136/860 1374/2132/860 1373/2130/860 1377/2139/860
f 1360/2104/842 1372/2128/842 1374/2133/842 1361/2106/842
f 1375/2134/842 1364/2112/842 1363/2111/842 1376/2137/842
f 1366/2116/842 1378/2140/842 1372/2128/842 1360/2104/842
o Kostka.003
v 0.774449 4.369408 0.622255
v 0.711469 4.369408 0.622255
v 0.711469 5.031831 0.054079
v 0.742959 5.063321 0.054079
v 0.742959 5.031831 0.022589
v 0.711469 3.706984 0.054079
v 0.742959 3.706984 0.022589
v 0.742959 3.675494 0.054079
v 0.711469 5.031831 1.190431
v 0.742959 5.031831 1.221921
v 0.742959 5.063321 1.190431
v 0.711469 3.706984 1.190430
v 0.742959 3.675494 1.190430
v 0.742959 3.706984 1.221920
v 0.774449 5.031831 0.054079
v 0.742959 5.031831 0.022589
v 0.742959 5.063321 0.054079
v 0.774449 3.706984 0.054079
v 0.742959 3.675494 0.054079
v 0.742959 3.706984 0.022589
v 0.742959 5.063321 1.190431
v 0.742959 5.031831 1.221921
v 0.774449 5.031831 1.190431
v 0.742959 3.706984 1.221920
v 0.742959 3.675494 1.190430
v 0.774449 3.706984 1.190430
v 0.711469 5.031831 0.622255
v 0.742959 5.063321 0.622255
v 0.711469 3.706984 0.622255
v 0.742959 3.675494 0.622255
v 0.774449 5.031831 0.622255
v 0.742959 5.063321 0.622255
v 0.774449 3.706984 0.622255
v 0.742959 3.675494 0.622255
v 0.711469 4.369408 0.054079
v 0.742959 4.369408 0.022589
v 0.711469 4.369408 1.190431
v 0.742959 4.369408 1.221921
v 0.742959 4.369408 1.221921
v 0.774449 4.369408 1.190431
v 0.774449 4.369408 0.054079
v 0.742959 4.369408 0.022589
vn 1.0000 -0.0000 -0.0000
vn -1.0000 -0.0000 -0.0000
vn -0.0000 1.0000 -0.0000
vn -0.5773 0.5774 -0.5774
vn -0.5773 -0.5774 -0.5774
vn -0.5773 0.5774 0.5773
vn -0.5774 -0.5773 0.5773
vn 0.5773 0.5774 -0.5774
vn 0.5773 -0.5774 -0.5774
vn 0.5773 0.5774 0.5774
vn 0.5774 -0.5773 0.5773
vn -0.7071 0.7071 -0.0000
vn -0.7071 -0.0000 -0.7071
vn -0.7071 -0.7071 -0.0000
vn -0.7071 -0.0000 0.7071
vn 0.7071 -0.0000 0.7071
vn 0.7071 0.7071 -0.0000
vn 0.7071 -0.7071 -0.0000
vn 0.7071 -0.0000 -0.7071
vt 0.410686 0.534957
vt 0.311632 0.534957
vt 0.982429 0.869554
vt 0.945377 0.870951
vt 0.265403 0.588853
vt 0.984991 0.869554
vt 0.984991 0.872116
vt 0.947939 0.870951
vt 0.265403 0.481060
vt 0.945377 0.978745
vt 0.077105 0.987532
vt 0.947939 0.978745
vt 0.074543 0.990095
vt 0.074543 0.987532
vt 0.357860 0.588853
vt 0.982429 0.777097
vt 0.941342 0.870951
vt 0.360422 0.588853
vt 0.984991 0.774535
vt 0.984991 0.777097
vt 0.077105 0.895076
vt 0.357860 0.481060
vt 0.074543 0.895076
vt 0.941342 0.978744
vt 0.074543 0.892514
vt 0.360422 0.481060
vt 0.364457 0.481060
vt 0.987553 0.869554
vt 0.947939 0.870951
vt 0.361895 0.481060
vt 0.984991 0.872116
vt 0.984991 0.869554
vt 0.071981 0.987532
vt 0.364457 0.588853
vt 0.074543 0.987532
vt 0.947939 0.978745
vt 0.074543 0.990095
vt 0.361895 0.588853
vt 0.984991 0.777097
vt 0.941342 0.870951
vt 0.984991 0.774535
vt 0.459476 0.481060
vt 0.456914 0.481060
vt 0.987553 0.777097
vt 0.941342 0.978744
vt 0.074543 0.892514
vt 0.459476 0.588853
vt 0.074543 0.895076
vt 0.071981 0.895076
vt 0.456914 0.588853
vt 0.982429 0.823326
vt 0.311632 0.588853
vt 0.984991 0.823326
vt 0.311632 0.481060
vt 0.077105 0.941304
vt 0.074543 0.941304
vt 0.410686 0.481060
vt 0.987553 0.823326
vt 0.984991 0.823326
vt 0.410686 0.588853
vt 0.071981 0.941304
vt 0.074543 0.941304
vt 0.945377 0.924848
vt 0.265403 0.534957
vt 0.947939 0.924848
vt 0.357860 0.534957
vt 0.941342 0.924848
vt 0.360422 0.534957
vt 0.941342 0.924848
vt 0.459476 0.534957
vt 0.456914 0.534957
vt 0.364457 0.534957
vt 0.947939 0.924848
vt 0.361895 0.534957
s 0
f 1414/2208/861 1384/2152/861 1424/2223/861 1398/2178/861
f 1385/2153/862 1412/2205/862 1395/2173/862 1420/2217/862
f 1406/2194/861 1423/2222/861 1384/2152/861 1414/2208/861
f 1417/2213/863 1413/2207/863 1391/2165/863 1402/2186/863
f 1399/2180/863 1425/2224/863 1419/2216/863 1388/2159/863
f 1410/2203/862 1385/2153/862 1420/2217/862 1392/2166/862
f 1421/2218/863 1397/2175/863 1407/2196/863 1422/2220/863
f 1408/2199/863 1396/2174/863 1413/2207/863 1417/2213/863
f 1425/2224/863 1403/2187/863 1390/2163/863 1419/2216/863
f 1411/2204/863 1415/2210/863 1400/2183/863 1387/2157/863
f 1423/2222/861 1409/2201/861 1416/2211/861 1384/2152/861
f 1418/2215/862 1389/2160/862 1412/2205/862 1385/2153/862
f 1384/2152/861 1416/2211/861 1401/2185/861 1424/2223/861
f 1394/2171/863 1404/2190/863 1415/2210/863 1411/2204/863
f 1393/2168/863 1421/2218/863 1422/2220/863 1405/2191/863
f 1386/2154/864 1387/2157/864 1388/2158/864
f 1389/2162/865 1390/2164/865 1391/2165/865
f 1392/2167/866 1393/2170/866 1394/2171/866
f 1395/2172/867 1396/2174/867 1397/2176/867
f 1398/2179/868 1399/2182/868 1400/2183/868
f 1401/2184/869 1402/2186/869 1403/2188/869
f 1404/2190/870 1405/2192/870 1406/2195/870
f 1407/2197/871 1408/2199/871 1409/2200/871
f 1411/2204/872 1387/2157/872 1386/2154/872 1410/2202/872
f 1419/2216/873 1390/2163/873 1389/2161/873 1418/2214/873
f 1413/2207/874 1396/2174/874 1395/2172/874 1412/2206/874
f 1421/2219/875 1393/2169/875 1392/2166/875 1420/2217/875
f 1404/2190/863 1394/2171/863 1393/2170/863 1405/2192/863
f 1396/2174/863 1408/2199/863 1407/2197/863 1397/2176/863
f 1423/2222/876 1406/2194/876 1405/2193/876 1422/2221/876
f 1415/2210/877 1404/2190/877 1406/2195/877 1414/2209/877
f 1417/2213/878 1402/2186/878 1401/2184/878 1416/2212/878
f 1425/2225/879 1399/2181/879 1398/2178/879 1424/2223/879
f 1387/2157/863 1400/2183/863 1399/2182/863 1388/2158/863
f 1402/2186/863 1391/2165/863 1390/2164/863 1403/2188/863
f 1394/2171/872 1411/2204/872 1410/2202/872 1392/2167/872
f 1391/2165/874 1413/2207/874 1412/2206/874 1389/2162/874
f 1400/2183/877 1415/2210/877 1414/2209/877 1398/2179/877
f 1408/2199/878 1417/2213/878 1416/2212/878 1409/2200/878
f 1388/2159/873 1419/2216/873 1418/2214/873 1386/2155/873
f 1397/2177/875 1421/2219/875 1420/2217/875 1395/2173/875
f 1409/2201/876 1423/2222/876 1422/2221/876 1407/2198/876
f 1403/2189/879 1425/2225/879 1424/2223/879 1401/2185/879
f 1386/2156/862 1418/2215/862 1385/2153/862 1410/2203/862
o Walec
v 0.445256 2.545000 2.170000
v 0.445256 3.935000 2.170000
v 0.477395 2.545000 2.181698
v 0.477395 3.935000 2.181698
v 0.494496 2.545000 2.211317
v 0.494496 3.935000 2.211317
v 0.488557 2.545000 2.245000
v 0.488557 3.935000 2.245000
v 0.462357 2.545000 2.266984
v 0.462357 3.935000 2.266984
v 0.428155 2.545000 2.266984
v 0.428155 3.935000 2.266984
v 0.401955 2.545000 2.245000
v 0.401955 3.935000 2.245000
v 0.396016 2.545000 2.211317
v 0.396016 3.935000 2.211317
v 0.413117 2.545000 2.181698
v 0.413117 3.935000 2.181698
vn 0.3420 -0.0000 -0.9397
vn 0.8660 -0.0000 -0.5000
vn 0.9848 -0.0000 0.1736
vn 0.6428 -0.0000 0.7660
vn -0.0000 -0.0000 1.0000
vn -0.6428 -0.0000 0.7660
vn -0.9848 -0.0000 0.1736
vn -0.0000 1.0000 -0.0000
vn -0.8660 -0.0000 -0.5000
vn -0.3420 -0.0000 -0.9397
vn -0.0000 -1.0000 -0.0000
vt 0.951731 0.350753
vt 0.209731 0.926949
vt 0.772255 0.927337
vt 0.951731 0.227652
vt 0.954760 0.350753
vt 0.211519 0.929081
vt 0.954760 0.227652
vt 0.771303 0.929952
vt 0.957080 0.350753
vt 0.926963 0.981484
vt 0.211519 0.931863
vt 0.957080 0.227652
vt 0.926963 0.868389
vt 0.772255 0.932567
vt 0.929746 0.981484
vt 0.656295 0.958950
vt 0.209731 0.933995
vt 0.929746 0.868389
vt 0.656295 0.835849
vt 0.774665 0.933958
vt 0.658615 0.958950
vt 0.206990 0.934478
vt 0.658615 0.835849
vt 0.777405 0.933475
vt 0.661644 0.958950
vt 0.204580 0.933087
vt 0.661644 0.835849
vt 0.779194 0.931343
vt 0.663964 0.958950
vt 0.975726 0.894887
vt 0.203629 0.930472
vt 0.663964 0.835849
vt 0.975726 0.774535
vt 0.779194 0.928561
vt 0.978687 0.894887
vt 0.204580 0.927857
vt 0.777405 0.926429
vt 0.978687 0.774535
vt 0.980956 0.894887
vt 0.949411 0.350753
vt 0.206990 0.926466
vt 0.774665 0.925946
vt 0.980956 0.774535
vt 0.949411 0.227652
s 0
f 1426/2226/880 1427/2229/880 1429/2232/880 1428/2230/880
f 1428/2230/881 1429/2232/881 1431/2237/881 1430/2234/881
f 1430/2235/882 1431/2238/882 1433/2243/882 1432/2240/882
f 1432/2241/883 1433/2244/883 1435/2248/883 1434/2246/883
f 1434/2246/884 1435/2248/884 1437/2252/884 1436/2250/884
f 1436/2250/885 1437/2252/885 1439/2257/885 1438/2254/885
f 1438/2255/886 1439/2258/886 1441/2263/886 1440/2260/886
f 1429/2233/887 1427/2228/887 1443/2267/887 1441/2262/887 1439/2259/887 1437/2253/887 1435/2249/887 1433/2245/887 1431/2239/887
f 1440/2260/888 1441/2263/888 1443/2268/888 1442/2264/888
f 1442/2265/889 1443/2269/889 1427/2229/889 1426/2226/889
f 1426/2227/890 1428/2231/890 1430/2236/890 1432/2242/890 1434/2247/890 1436/2251/890 1438/2256/890 1440/2261/890 1442/2266/890
o Walec.001
v 0.445256 2.545000 2.049407
v 0.445256 3.935000 2.049407
v 0.477395 2.545000 2.061104
v 0.477395 3.935000 2.061104
v 0.494496 2.545000 2.090724
v 0.494496 3.935000 2.090724
v 0.488557 2.545000 2.124407
v 0.488557 3.935000 2.124407
v 0.462357 2.545000 2.146391
v 0.462357 3.935000 2.146391
v 0.428155 2.545000 2.146391
v 0.428155 3.935000 2.146391
v 0.401955 2.545000 2.124407
v 0.401955 3.935000 2.124407
v 0.396016 2.545000 2.090724
v 0.396016 3.935000 2.090724
v 0.413117 2.545000 2.061104
v 0.413117 3.935000 2.061104
vn 0.3420 -0.0000 -0.9397
vn 0.8660 -0.0000 -0.5000
vn 0.9848 -0.0000 0.1736
vn 0.6428 -0.0000 0.7660
vn -0.0000 -0.0000 1.0000
vn -0.6428 -0.0000 0.7660
vn -0.9848 -0.0000 0.1736
vn -0.0000 1.0000 -0.0000
vn -0.8660 -0.0000 -0.5000
vn -0.3420 -0.0000 -0.9397
vn -0.0000 -1.0000 -0.0000
vt 0.955175 0.202597
vt 0.781619 0.932567
vt 0.765301 0.925946
vt 0.955175 0.079496
vt 0.958205 0.202597
vt 0.780667 0.929952
vt 0.958205 0.079496
vt 0.762891 0.927337
vt 0.960525 0.202597
vt 0.989907 0.192590
vt 0.781619 0.927337
vt 0.960525 0.079496
vt 0.989907 0.079496
vt 0.761939 0.929952
vt 0.992689 0.192590
vt 0.951975 0.897636
vt 0.784029 0.925946
vt 0.992689 0.079496
vt 0.951975 0.774535
vt 0.762891 0.932567
vt 0.954295 0.897636
vt 0.786770 0.926429
vt 0.954295 0.774535
vt 0.765301 0.933958
vt 0.957324 0.897636
vt 0.788558 0.928561
vt 0.957324 0.774535
vt 0.768041 0.933475
vt 0.959644 0.897636
vt 0.973168 0.758344
vt 0.788558 0.931343
vt 0.959644 0.774535
vt 0.973168 0.637992
vt 0.769830 0.931343
vt 0.976129 0.758344
vt 0.786770 0.933475
vt 0.769830 0.928561
vt 0.976129 0.637992
vt 0.978398 0.758344
vt 0.952855 0.202597
vt 0.784029 0.933958
vt 0.768041 0.926429
vt 0.978398 0.637992
vt 0.952855 0.079496
s 0
f 1444/2270/891 1445/2273/891 1447/2276/891 1446/2274/891
f 1446/2274/892 1447/2276/892 1449/2281/892 1448/2278/892
f 1448/2279/893 1449/2282/893 1451/2287/893 1450/2284/893
f 1450/2285/894 1451/2288/894 1453/2292/894 1452/2290/894
f 1452/2290/895 1453/2292/895 1455/2296/895 1454/2294/895
f 1454/2294/896 1455/2296/896 1457/2301/896 1456/2298/896
f 1456/2299/897 1457/2302/897 1459/2307/897 1458/2304/897
f 1447/2277/898 1445/2272/898 1461/2311/898 1459/2306/898 1457/2303/898 1455/2297/898 1453/2293/898 1451/2289/898 1449/2283/898
f 1458/2304/899 1459/2307/899 1461/2312/899 1460/2308/899
f 1460/2309/900 1461/2313/900 1445/2273/900 1444/2270/900
f 1444/2271/901 1446/2275/901 1448/2280/901 1450/2286/901 1452/2291/901 1454/2295/901 1456/2300/901 1458/2305/901 1460/2310/901
o Walec.002
v 0.445256 2.434718 1.536000
v 0.445256 4.045281 1.536000
v 0.482495 2.434718 1.549554
v 0.482495 4.045281 1.549554
v 0.502310 2.434718 1.583874
v 0.502310 4.045281 1.583874
v 0.495428 2.434718 1.622901
v 0.495428 4.045281 1.622901
v 0.465071 2.434718 1.648374
v 0.465071 4.045281 1.648374
v 0.425441 2.434718 1.648374
v 0.425441 4.045281 1.648374
v 0.395084 2.434718 1.622901
v 0.395084 4.045281 1.622901
v 0.388202 2.434718 1.583874
v 0.388202 4.045281 1.583874
v 0.408017 2.434718 1.549554
v 0.408017 4.045281 1.549554
vn 0.3420 -0.0000 -0.9397
vn 0.8660 -0.0000 -0.5000
vn 0.9848 -0.0000 0.1736
vn 0.6428 -0.0000 0.7660
vn -0.0000 -0.0000 1.0000
vn -0.6428 -0.0000 0.7660
vn -0.9848 -0.0000 0.1736
vn -0.0000 1.0000 -0.0000
vn -0.8660 -0.0000 -0.5000
vn -0.3420 -0.0000 -0.9397
vn -0.0000 -1.0000 -0.0000
vt 0.961182 0.367102
vt 0.805421 0.397513
vt 0.796877 0.399983
vt 0.961182 0.227652
vt 0.964613 0.367102
vt 0.958042 0.548085
vt 0.807494 0.399983
vt 0.964613 0.227652
vt 0.958042 0.408635
vt 0.794805 0.397513
vt 0.960671 0.548085
vt 0.807494 0.403207
vt 0.960671 0.408635
vt 0.791629 0.396953
vt 0.964102 0.548085
vt 0.450589 0.735523
vt 0.805421 0.405677
vt 0.964102 0.408635
vt 0.450589 0.592889
vt 0.788837 0.398565
vt 0.453278 0.735523
vt 0.802246 0.406237
vt 0.453278 0.592889
vt 0.787734 0.401595
vt 0.456788 0.735523
vt 0.799453 0.404625
vt 0.456788 0.592889
vt 0.788837 0.404625
vt 0.459476 0.735523
vt 0.958042 0.689008
vt 0.798350 0.401595
vt 0.459476 0.592889
vt 0.958042 0.549558
vt 0.791629 0.406237
vt 0.961473 0.689008
vt 0.799453 0.398565
vt 0.794804 0.405677
vt 0.961473 0.549558
vt 0.964102 0.689008
vt 0.958553 0.367102
vt 0.802246 0.396953
vt 0.796877 0.403207
vt 0.964102 0.549558
vt 0.958553 0.227652
s 0
f 1462/2314/902 1463/2317/902 1465/2321/902 1464/2318/902
f 1464/2319/903 1465/2322/903 1467/2326/903 1466/2324/903
f 1466/2324/904 1467/2326/904 1469/2331/904 1468/2328/904
f 1468/2329/905 1469/2332/905 1471/2336/905 1470/2334/905
f 1470/2334/906 1471/2336/906 1473/2340/906 1472/2338/906
f 1472/2338/907 1473/2340/907 1475/2345/907 1474/2342/907
f 1474/2343/908 1475/2346/908 1477/2351/908 1476/2348/908
f 1465/2323/909 1463/2316/909 1479/2355/909 1477/2350/909 1475/2347/909 1473/2341/909 1471/2337/909 1469/2333/909 1467/2327/909
f 1476/2348/910 1477/2351/910 1479/2356/910 1478/2352/910
f 1478/2353/911 1479/2357/911 1463/2317/911 1462/2314/911
f 1462/2315/912 1464/2320/912 1466/2325/912 1468/2330/912 1470/2335/912 1472/2339/912 1474/2344/912 1476/2349/912 1478/2354/912
o Walec.003
v 0.305265 3.910976 1.704726
v 0.305265 2.807772 1.704725
v 0.330773 3.910976 1.695441
v 0.330773 2.807772 1.695441
v 0.344345 3.910976 1.671933
v 0.344345 2.807772 1.671933
v 0.339632 3.910976 1.645200
v 0.339632 2.807772 1.645200
v 0.318837 3.910976 1.627751
v 0.318837 2.807772 1.627751
v 0.291692 3.910976 1.627751
v 0.291692 2.807772 1.627751
v 0.270898 3.910976 1.645200
v 0.270898 2.807772 1.645200
v 0.266184 3.910976 1.671933
v 0.266184 2.807772 1.671933
v 0.279756 3.910976 1.695441
v 0.279756 2.807772 1.695441
vn 0.3420 -0.0000 0.9397
vn 0.8660 -0.0000 0.5000
vn 0.9848 -0.0000 -0.1736
vn 0.6428 -0.0000 -0.7660
vn -0.0000 -0.0000 -1.0000
vn -0.6428 -0.0000 -0.7660
vn -0.9848 -0.0000 -0.1736
vn -0.0000 -1.0000 -0.0000
vn -0.8660 -0.0000 0.5000
vn -0.3420 -0.0000 0.9397
vn -0.0000 1.0000 -0.0000
vt 0.991377 0.873589
vt 0.527325 0.930294
vt 0.536912 0.934445
vt 0.991377 0.969110
vt 0.989026 0.873589
vt 0.986980 0.323173
vt 0.529238 0.929190
vt 0.989026 0.969110
vt 0.986980 0.227652
vt 0.538825 0.935549
vt 0.988780 0.323172
vt 0.531413 0.929573
vt 0.988780 0.227652
vt 0.541000 0.935166
vt 0.991131 0.323173
vt 0.980189 0.530461
vt 0.532833 0.931265
vt 0.991131 0.227652
vt 0.980189 0.628163
vt 0.542420 0.933474
vt 0.978347 0.530461
vt 0.532833 0.933474
vt 0.978347 0.628163
vt 0.542420 0.931265
vt 0.975943 0.530461
vt 0.531413 0.935166
vt 0.975943 0.628163
vt 0.541000 0.929573
vt 0.974102 0.530461
vt 0.173847 0.983496
vt 0.529238 0.935549
vt 0.974102 0.628163
vt 0.173847 0.887975
vt 0.538825 0.929190
vt 0.176198 0.983496
vt 0.527325 0.934445
vt 0.536912 0.930294
vt 0.176198 0.887975
vt 0.177998 0.983496
vt 0.993177 0.873589
vt 0.526570 0.932370
vt 0.536157 0.932369
vt 0.177998 0.887975
vt 0.993177 0.969110
s 0
f 1480/2358/913 1481/2361/913 1483/2365/913 1482/2362/913
f 1482/2363/914 1483/2366/914 1485/2370/914 1484/2368/914
f 1484/2368/915 1485/2370/915 1487/2375/915 1486/2372/915
f 1486/2373/916 1487/2376/916 1489/2380/916 1488/2378/916
f 1488/2378/917 1489/2380/917 1491/2384/917 1490/2382/917
f 1490/2382/918 1491/2384/918 1493/2389/918 1492/2386/918
f 1492/2387/919 1493/2390/919 1495/2395/919 1494/2392/919
f 1483/2367/920 1481/2360/920 1497/2399/920 1495/2394/920 1493/2391/920 1491/2385/920 1489/2381/920 1487/2377/920 1485/2371/920
f 1494/2392/921 1495/2395/921 1497/2400/921 1496/2396/921
f 1496/2397/922 1497/2401/922 1481/2361/922 1480/2358/922
f 1480/2359/923 1482/2364/923 1484/2369/923 1486/2374/923 1488/2379/923 1490/2383/923 1492/2388/923 1494/2393/923 1496/2398/923
o Walec.004
v 0.305265 3.910976 1.800437
v 0.305265 2.807772 1.800437
v 0.330773 3.910976 1.791153
v 0.330773 2.807772 1.791153
v 0.344345 3.910976 1.767644
v 0.344345 2.807772 1.767644
v 0.339632 3.910976 1.740911
v 0.339632 2.807772 1.740911
v 0.318837 3.910976 1.723463
v 0.318837 2.807772 1.723463
v 0.291692 3.910976 1.723463
v 0.291692 2.807772 1.723463
v 0.270898 3.910976 1.740911
v 0.270898 2.807772 1.740911
v 0.266184 3.910976 1.767644
v 0.266184 2.807772 1.767644
v 0.279756 3.910976 1.791153
v 0.279756 2.807772 1.791153
vn 0.3420 -0.0000 0.9397
vn 0.8660 -0.0000 0.5000
vn 0.9848 -0.0000 -0.1736
vn 0.6428 -0.0000 -0.7660
vn -0.0000 -0.0000 -1.0000
vn -0.6428 -0.0000 -0.7660
vn -0.9848 -0.0000 -0.1736
vn -0.0000 -1.0000 -0.0000
vn -0.8660 -0.0000 0.5000
vn -0.3420 -0.0000 0.9397
vn -0.0000 1.0000 -0.0000
vt 0.989753 0.408635
vt 0.548412 0.935549
vt 0.582656 0.935549
vt 0.989753 0.504156
vt 0.987402 0.408635
vt 0.993177 0.774535
vt 0.546499 0.934445
vt 0.987402 0.504156
vt 0.993177 0.870055
vt 0.584831 0.935166
vt 0.991377 0.774535
vt 0.545744 0.932369
vt 0.991377 0.870055
vt 0.586251 0.933474
vt 0.989026 0.774535
vt 0.937307 0.868389
vt 0.546499 0.930294
vt 0.989026 0.870055
vt 0.937307 0.966091
vt 0.586251 0.931265
vt 0.935465 0.868389
vt 0.548412 0.929190
vt 0.935465 0.966091
vt 0.584831 0.929573
vt 0.933061 0.868389
vt 0.550587 0.929573
vt 0.933061 0.966091
vt 0.582656 0.929190
vt 0.931219 0.868389
vt 0.976805 0.991880
vt 0.552007 0.931265
vt 0.931219 0.966091
vt 0.976805 0.896360
vt 0.580743 0.930294
vt 0.979155 0.991880
vt 0.552007 0.933474
vt 0.579988 0.932370
vt 0.979155 0.896360
vt 0.980956 0.991880
vt 0.991553 0.408635
vt 0.550587 0.935166
vt 0.580743 0.934445
vt 0.980956 0.896360
vt 0.991553 0.504156
s 0
f 1498/2402/924 1499/2405/924 1501/2409/924 1500/2406/924
f 1500/2407/925 1501/2410/925 1503/2414/925 1502/2412/925
f 1502/2412/926 1503/2414/926 1505/2419/926 1504/2416/926
f 1504/2417/927 1505/2420/927 1507/2424/927 1506/2422/927
f 1506/2422/928 1507/2424/928 1509/2428/928 1508/2426/928
f 1508/2426/929 1509/2428/929 1511/2433/929 1510/2430/929
f 1510/2431/930 1511/2434/930 1513/2439/930 1512/2436/930
f 1501/2411/931 1499/2404/931 1515/2443/931 1513/2438/931 1511/2435/931 1509/2429/931 1507/2425/931 1505/2421/931 1503/2415/931
f 1512/2436/932 1513/2439/932 1515/2444/932 1514/2440/932
f 1514/2441/933 1515/2445/933 1499/2405/933 1498/2402/933
f 1498/2403/934 1500/2408/934 1502/2413/934 1504/2418/934 1506/2423/934 1508/2427/934 1510/2432/934 1512/2437/934 1514/2442/934
o Walec.005
v 0.305265 3.998504 2.049449
v 0.305265 2.720244 2.049449
v 0.334820 3.998504 2.038692
v 0.334820 2.720244 2.038692
v 0.350547 3.998504 2.011453
v 0.350547 2.720244 2.011453
v 0.345085 3.998504 1.980478
v 0.345085 2.720244 1.980478
v 0.320991 3.998504 1.960261
v 0.320991 2.720244 1.960261
v 0.289538 3.998504 1.960261
v 0.289538 2.720244 1.960261
v 0.265444 3.998504 1.980478
v 0.265444 2.720244 1.980478
v 0.259983 3.998504 2.011453
v 0.259983 2.720244 2.011453
v 0.275709 3.998504 2.038692
v 0.275709 2.720244 2.038692
vn 0.3420 -0.0000 0.9397
vn 0.8660 -0.0000 0.5000
vn 0.9848 -0.0000 -0.1736
vn 0.6428 -0.0000 -0.7660
vn -0.0000 -0.0000 -1.0000
vn -0.6428 -0.0000 -0.7660
vn -0.9848 -0.0000 -0.1736
vn -0.0000 -1.0000 -0.0000
vn -0.8660 -0.0000 0.5000
vn -0.3420 -0.0000 0.9397
vn -0.0000 1.0000 -0.0000
vt 0.967709 0.408635
vt 0.182563 0.926466
vt 0.193813 0.926910
vt 0.967709 0.521840
vt 0.965575 0.408635
vt 0.972628 0.523314
vt 0.185083 0.926910
vt 0.965575 0.521840
vt 0.972628 0.636518
vt 0.191293 0.926466
vt 0.970494 0.523314
vt 0.186728 0.928871
vt 0.970494 0.636518
vt 0.189077 0.927745
vt 0.967709 0.523314
vt 0.186728 0.931430
vt 0.967709 0.636518
vt 0.188201 0.930150
vt 0.965575 0.523314
vt 0.995163 0.227652
vt 0.185083 0.933390
vt 0.965575 0.636518
vt 0.995163 0.331655
vt 0.189077 0.932555
vt 0.992604 0.227652
vt 0.984681 0.637992
vt 0.182563 0.933834
vt 0.992604 0.331655
vt 0.984681 0.748669
vt 0.191293 0.933834
vt 0.982594 0.637992
vt 0.180347 0.932555
vt 0.982594 0.748669
vt 0.193813 0.933390
vt 0.979871 0.637992
vt 0.972628 0.408635
vt 0.179471 0.930150
vt 0.979871 0.748669
vt 0.195458 0.931430
vt 0.972628 0.521840
vt 0.970495 0.408635
vt 0.180347 0.927745
vt 0.195458 0.928870
vt 0.970495 0.521840
s 0
f 1516/2446/935 1517/2449/935 1519/2453/935 1518/2450/935
f 1518/2451/936 1519/2454/936 1521/2458/936 1520/2456/936
f 1520/2456/937 1521/2458/937 1523/2462/937 1522/2460/937
f 1522/2460/938 1523/2462/938 1525/2467/938 1524/2464/938
f 1524/2465/939 1525/2468/939 1527/2473/939 1526/2470/939
f 1526/2471/940 1527/2474/940 1529/2478/940 1528/2476/940
f 1528/2476/941 1529/2478/941 1531/2483/941 1530/2480/941
f 1519/2455/942 1517/2448/942 1533/2488/942 1531/2484/942 1529/2479/942 1527/2475/942 1525/2469/942 1523/2463/942 1521/2459/942
f 1530/2481/943 1531/2485/943 1533/2489/943 1532/2486/943
f 1532/2486/944 1533/2489/944 1517/2449/944 1516/2446/944
f 1516/2447/945 1518/2452/945 1520/2457/945 1522/2461/945 1524/2466/945 1526/2472/945 1528/2477/945 1530/2482/945 1532/2487/945
o Walec.007
v 0.305265 3.910976 2.402880
v 0.305265 2.807772 2.402879
v 0.330773 3.910976 2.393595
v 0.330773 2.807772 2.393595
v 0.344345 3.910976 2.370087
v 0.344345 2.807772 2.370087
v 0.339632 3.910976 2.343354
v 0.339632 2.807772 2.343354
v 0.318837 3.910976 2.325906
v 0.318837 2.807772 2.325905
v 0.291692 3.910976 2.325906
v 0.291692 2.807772 2.325905
v 0.270898 3.910976 2.343354
v 0.270898 2.807772 2.343354
v 0.266184 3.910976 2.370087
v 0.266184 2.807772 2.370087
v 0.279756 3.910976 2.393595
v 0.279756 2.807772 2.393595
vn 0.3420 -0.0000 0.9397
vn 0.8660 -0.0000 0.5000
vn 0.9848 -0.0000 -0.1736
vn 0.6428 -0.0000 -0.7660
vn -0.0000 -0.0000 -1.0000
vn -0.6428 -0.0000 -0.7660
vn -0.9848 -0.0000 -0.1736
vn -0.0000 -1.0000 -0.0000
vn -0.8660 -0.0000 0.5000
vn -0.3420 -0.0000 0.9397
vn -0.0000 1.0000 -0.0000
vt 0.990305 0.637992
vt 0.445320 0.790997
vt 0.573007 0.934445
vt 0.990305 0.733512
vt 0.406478 0.928542
vt 0.445320 0.886517
vt 0.987954 0.637992
vt 0.572252 0.932370
vt 0.987954 0.733512
vt 0.404566 0.929646
vt 0.986154 0.637992
vt 0.949151 0.000737
vt 0.573007 0.930294
vt 0.986154 0.733512
vt 0.949151 0.098438
vt 0.403810 0.931721
vt 0.947309 0.000737
vt 0.574920 0.929190
vt 0.947309 0.098438
vt 0.404566 0.933797
vt 0.944905 0.000737
vt 0.577095 0.929573
vt 0.944905 0.098438
vt 0.406479 0.934901
vt 0.943063 0.000737
vt 0.992410 0.530461
vt 0.578515 0.931265
vt 0.943063 0.098438
vt 0.992410 0.625981
vt 0.408654 0.934517
vt 0.990060 0.530461
vt 0.578515 0.933474
vt 0.990060 0.625981
vt 0.410073 0.932826
vt 0.988260 0.530461
vt 0.449471 0.790997
vt 0.577095 0.935166
vt 0.988260 0.625981
vt 0.410073 0.930617
vt 0.449471 0.886517
vt 0.447121 0.790997
vt 0.574920 0.935549
vt 0.408654 0.928925
vt 0.447121 0.886517
s 0
f 1534/2490/946 1535/2493/946 1537/2498/946 1536/2496/946
f 1536/2496/947 1537/2498/947 1539/2503/947 1538/2500/947
f 1538/2501/948 1539/2504/948 1541/2508/948 1540/2506/948
f 1540/2506/949 1541/2508/949 1543/2512/949 1542/2510/949
f 1542/2510/950 1543/2512/950 1545/2517/950 1544/2514/950
f 1544/2515/951 1545/2518/951 1547/2522/951 1546/2520/951
f 1546/2520/952 1547/2522/952 1549/2527/952 1548/2524/952
f 1537/2499/953 1535/2494/953 1551/2532/953 1549/2528/953 1547/2523/953 1545/2519/953 1543/2513/953 1541/2509/953 1539/2505/953
f 1548/2525/954 1549/2529/954 1551/2533/954 1550/2530/954
f 1550/2530/955 1551/2533/955 1535/2495/955 1534/2491/955
f 1534/2492/956 1536/2497/956 1538/2502/956 1540/2507/956 1542/2511/956 1544/2516/956 1546/2521/956 1548/2526/956 1550/2531/956
o BezierKrzywa
v 0.412609 4.050570 2.042297
v 0.417773 4.054221 2.038646
v 0.424827 4.055557 2.037309
v 0.431880 4.054221 2.038646
v 0.437044 4.050570 2.042297
v 0.438934 4.045582 2.047285
v 0.437044 4.040594 2.052272
v 0.431880 4.036942 2.055924
v 0.424827 4.035606 2.057260
v 0.417773 4.036942 2.055924
v 0.412609 4.040594 2.052272
v 0.410719 4.045582 2.047285
v 0.412609 3.961166 1.967359
v 0.417773 3.964067 1.963086
v 0.424827 3.965128 1.961522
v 0.431880 3.964067 1.963086
v 0.437044 3.961166 1.967359
v 0.438934 3.957205 1.973195
v 0.437044 3.953243 1.979031
v 0.431880 3.950343 1.983304
v 0.424827 3.949281 1.984867
v 0.417773 3.950343 1.983304
v 0.412609 3.953243 1.979031
v 0.410719 3.957205 1.973195
v 0.412609 3.870264 1.918290
v 0.417773 3.872212 1.913507
v 0.424827 3.872925 1.911757
v 0.431880 3.872212 1.913507
v 0.437044 3.870264 1.918290
v 0.438934 3.867603 1.924822
v 0.437044 3.864942 1.931355
v 0.431880 3.862994 1.936137
v 0.424827 3.862281 1.937888
v 0.417773 3.862994 1.936137
v 0.412609 3.864942 1.931355
v 0.410719 3.867603 1.924822
v 0.412609 3.776821 1.891554
v 0.417773 3.777749 1.886474
v 0.424827 3.778089 1.884615
v 0.431880 3.777749 1.886474
v 0.437044 3.776821 1.891554
v 0.438934 3.775553 1.898493
v 0.437044 3.774284 1.905432
v 0.431880 3.773356 1.910511
v 0.424827 3.773016 1.912371
v 0.417773 3.773356 1.910511
v 0.412609 3.774284 1.905432
v 0.410719 3.775553 1.898493
v 0.412609 3.679885 1.883479
v 0.417773 3.679926 1.878316
v 0.424827 3.679942 1.876426
v 0.431880 3.679926 1.878316
v 0.437044 3.679885 1.883479
v 0.438934 3.679828 1.890533
v 0.437044 3.679771 1.897586
v 0.431880 3.679729 1.902750
v 0.424827 3.679714 1.904640
v 0.417773 3.679729 1.902750
v 0.412609 3.679771 1.897586
v 0.410719 3.679828 1.890533
v 0.412609 3.578389 1.890262
v 0.417773 3.577793 1.885132
v 0.424827 3.577574 1.883255
v 0.431880 3.577793 1.885132
v 0.437044 3.578389 1.890262
v 0.438934 3.579205 1.897268
v 0.437044 3.580020 1.904275
v 0.431880 3.580617 1.909404
v 0.424827 3.580835 1.911281
v 0.417773 3.580617 1.909404
v 0.412609 3.580020 1.904275
v 0.410719 3.579205 1.897268
v 0.412609 3.471122 1.908099
v 0.417773 3.470143 1.903029
v 0.424827 3.469784 1.901173
v 0.431880 3.470143 1.903029
v 0.437044 3.471122 1.908099
v 0.438934 3.472459 1.915025
v 0.437044 3.473796 1.921951
v 0.431880 3.474775 1.927021
v 0.424827 3.475133 1.928877
v 0.417773 3.474775 1.927021
v 0.412609 3.473796 1.921951
v 0.410719 3.472459 1.915025
v 0.412609 3.356801 1.933252
v 0.417773 3.355656 1.928216
v 0.424827 3.355237 1.926373
v 0.431880 3.355656 1.928216
v 0.437044 3.356801 1.933252
v 0.438934 3.358365 1.940130
v 0.437044 3.359928 1.947008
v 0.431880 3.361073 1.952044
v 0.424827 3.361492 1.953887
v 0.417773 3.361073 1.952044
v 0.412609 3.359928 1.947008
v 0.410719 3.358365 1.940130
v 0.412609 3.234144 1.962028
v 0.417773 3.233006 1.956991
v 0.424827 3.232589 1.955148
v 0.431880 3.233006 1.956991
v 0.437044 3.234144 1.962028
v 0.438934 3.235698 1.968909
v 0.437044 3.237253 1.975789
v 0.431880 3.238390 1.980826
v 0.424827 3.238807 1.982669
v 0.417773 3.238390 1.980826
v 0.412609 3.237253 1.975789
v 0.410719 3.235698 1.968909
v 0.412609 3.101878 1.990765
v 0.417773 3.100884 1.985698
v 0.424827 3.100521 1.983843
v 0.431880 3.100884 1.985698
v 0.437044 3.101878 1.990765
v 0.438934 3.103235 1.997687
v 0.437044 3.104592 2.004609
v 0.431880 3.105585 2.009677
v 0.424827 3.105949 2.011532
v 0.417773 3.105585 2.009677
v 0.412609 3.104592 2.004609
v 0.410719 3.103235 1.997687
v 0.412609 2.958742 2.015811
v 0.417773 2.958004 2.010700
v 0.424827 2.957734 2.008829
v 0.431880 2.958004 2.010700
v 0.437044 2.958742 2.015811
v 0.438934 2.959750 2.022792
v 0.437044 2.960757 2.029773
v 0.431880 2.961495 2.034884
v 0.424827 2.961766 2.036755
v 0.417773 2.961495 2.034884
v 0.412609 2.960757 2.029773
v 0.410719 2.959750 2.022792
v 0.412609 2.803478 2.033516
v 0.417773 2.803083 2.028367
v 0.424827 2.802938 2.026483
v 0.431880 2.803083 2.028367
v 0.437044 2.803478 2.033516
v 0.438934 2.804018 2.040549
v 0.437044 2.804559 2.047582
v 0.431880 2.804954 2.052731
v 0.424827 2.805099 2.054615
v 0.417773 2.804954 2.052731
v 0.412609 2.804559 2.047582
v 0.410719 2.804018 2.040549
v 0.412609 2.634816 2.040231
v 0.417773 2.634816 2.035067
v 0.424827 2.634816 2.033177
v 0.431881 2.634816 2.035067
v 0.437044 2.634816 2.040231
v 0.438934 2.634816 2.047285
v 0.437044 2.634816 2.054338
v 0.431881 2.634816 2.059502
v 0.424827 2.634816 2.061392
v 0.417773 2.634816 2.059502
v 0.412609 2.634816 2.054338
v 0.410719 2.634816 2.047285
vn -0.8588 0.3291 -0.3927
vn -0.8588 0.2877 -0.4239
vn -0.9999 0.0094 -0.0138
vn -0.9999 0.0093 -0.0111
vn -0.4922 0.5592 -0.6672
vn -0.4930 0.4886 -0.7199
vn -0.0000 0.6423 -0.7664
vn -0.0000 0.5615 -0.8275
vn 0.4922 0.5592 -0.6672
vn 0.4930 0.4886 -0.7199
vn 0.8588 0.3291 -0.3927
vn 0.8588 0.2877 -0.4239
vn 0.9999 0.0093 -0.0111
vn 0.9999 0.0094 -0.0138
vn 0.8714 -0.3152 0.3760
vn 0.8733 -0.2737 0.4031
vn 0.5047 -0.5547 0.6615
vn 0.5074 -0.4840 0.7129
vn -0.0000 -0.6426 0.7662
vn -0.0000 -0.5617 0.8273
vn -0.5047 -0.5547 0.6615
vn -0.5074 -0.4840 0.7129
vn -0.8714 -0.3153 0.3760
vn -0.8733 -0.2737 0.4031
vn -0.8584 0.1935 -0.4751
vn -0.9998 0.0067 -0.0165
vn -0.4926 0.3283 -0.8060
vn -0.0000 0.3773 -0.9261
vn 0.4926 0.3283 -0.8060
vn 0.8584 0.1935 -0.4751
vn 0.9998 0.0067 -0.0165
vn 0.8738 -0.1834 0.4503
vn 0.5080 -0.3249 0.7977
vn -0.0000 -0.3772 0.9261
vn -0.5080 -0.3249 0.7977
vn -0.8738 -0.1834 0.4503
vn -0.8591 0.0921 -0.5035
vn -0.9999 0.0029 -0.0158
vn -0.4932 0.1566 -0.8557
vn -0.0000 0.1800 -0.9837
vn 0.4932 0.1566 -0.8557
vn 0.8591 0.0921 -0.5035
vn 0.9999 0.0029 -0.0158
vn 0.8730 -0.0876 0.4797
vn 0.5072 -0.1548 0.8478
vn -0.0000 -0.1796 0.9837
vn -0.5072 -0.1548 0.8478
vn -0.8730 -0.0876 0.4797
vn -0.8607 0.0042 -0.5092
vn -0.9999 0.0001 -0.0123
vn -0.4947 0.0072 -0.8690
vn -0.0000 0.0083 -1.0000
vn 0.4947 0.0072 -0.8690
vn 0.8607 0.0042 -0.5092
vn 0.9999 0.0001 -0.0123
vn 0.8713 -0.0039 0.4906
vn 0.5054 -0.0068 0.8629
vn -0.0000 -0.0078 1.0000
vn -0.5054 -0.0068 0.8629
vn -0.8713 -0.0039 0.4907
vn -0.8625 -0.0584 -0.5027
vn -1.0000 -0.0009 -0.0080
vn -0.4965 -0.1002 -0.8622
vn -0.0000 -0.1154 -0.9933
vn 0.4965 -0.1002 -0.8622
vn 0.8625 -0.0584 -0.5027
vn 1.0000 -0.0009 -0.0080
vn 0.8695 0.0571 0.4906
vn 0.5035 0.1000 0.8582
vn -0.0000 0.1157 0.9933
vn -0.5035 0.1000 0.8582
vn -0.8695 0.0571 0.4906
vn -0.8642 -0.0954 -0.4941
vn -1.0000 -0.0008 -0.0042
vn -0.4981 -0.1643 -0.8514
vn -0.0000 -0.1895 -0.9819
vn 0.4981 -0.1643 -0.8514
vn 0.8642 -0.0954 -0.4941
vn 1.0000 -0.0008 -0.0042
vn 0.8678 0.0942 0.4878
vn 0.5018 0.1640 0.8493
vn -0.0000 0.1896 0.9819
vn -0.5018 0.1640 0.8493
vn -0.8678 0.0942 0.4878
vn -0.8655 -0.1110 -0.4884
vn -1.0000 -0.0003 -0.0011
vn -0.4995 -0.1920 -0.8448
vn -0.0000 -0.2216 -0.9751
vn 0.4995 -0.1920 -0.8448
vn 0.8655 -0.1110 -0.4884
vn 1.0000 -0.0003 -0.0011
vn 0.8665 0.1106 0.4868
vn 0.5005 0.1919 0.8442
vn -0.0000 0.2217 0.9751
vn -0.5005 0.1919 0.8442
vn -0.8665 0.1106 0.4868
vn -0.8666 -0.1100 -0.4867
vn -1.0000 0.0003 0.0013
vn -0.5006 -0.1908 -0.8444
vn -0.0000 -0.2204 -0.9754
vn 0.5006 -0.1908 -0.8444
vn 0.8666 -0.1100 -0.4867
vn 1.0000 0.0003 0.0013
vn 0.8654 0.1104 0.4887
vn 0.4994 0.1909 0.8451
vn -0.0000 0.2204 0.9754
vn -0.4994 0.1909 0.8451
vn -0.8654 0.1104 0.4887
vn -0.8675 -0.0957 -0.4882
vn -1.0000 0.0006 0.0033
vn -0.5015 -0.1664 -0.8490
vn -0.0000 -0.1924 -0.9813
vn 0.5015 -0.1664 -0.8490
vn 0.8675 -0.0957 -0.4882
vn 1.0000 0.0006 0.0033
vn 0.8646 0.0967 0.4931
vn 0.4986 0.1667 0.8507
vn -0.0000 0.1923 0.9813
vn -0.4986 0.1667 0.8507
vn -0.8646 0.0967 0.4931
vn -0.8682 -0.0709 -0.4912
vn -1.0000 0.0007 0.0049
vn -0.5021 -0.1236 -0.8559
vn -0.0000 -0.1429 -0.9897
vn 0.5021 -0.1236 -0.8559
vn 0.8682 -0.0709 -0.4912
vn 1.0000 0.0007 0.0049
vn 0.8639 0.0720 0.4985
vn 0.4979 0.1239 0.8583
vn -0.0000 0.1429 0.9897
vn -0.4979 0.1239 0.8583
vn -0.8639 0.0720 0.4985
vn -0.8687 -0.0379 -0.4939
vn -1.0000 0.0005 0.0061
vn -0.5027 -0.0662 -0.8619
vn -0.0000 -0.0766 -0.9971
vn 0.5027 -0.0662 -0.8619
vn 0.8687 -0.0379 -0.4939
vn 1.0000 0.0005 0.0061
vn 0.8634 0.0386 0.5030
vn 0.4974 0.0664 0.8650
vn -0.0000 0.0766 0.9971
vn -0.4974 0.0664 0.8650
vn -0.8634 0.0386 0.5030
vn -0.8687 -0.0197 -0.4949
vn -1.0000 0.0003 0.0066
vn -0.5026 -0.0344 -0.8638
vn -0.0000 -0.0398 -0.9992
vn 0.5026 -0.0344 -0.8638
vn 0.8687 -0.0197 -0.4949
vn 1.0000 0.0003 0.0066
vn 0.8630 0.0201 0.5048
vn 0.4969 0.0345 0.8671
vn -0.0000 0.0398 0.9992
vn -0.4969 0.0345 0.8671
vn -0.8630 0.0201 0.5048
vt 0.000000 1.000000
vt 0.000000 0.000000
vt 0.000000 0.083333
vt 0.000000 0.166667
vt 0.000000 0.250000
vt 0.000000 0.333333
vt 0.000000 0.416667
vt 0.000000 0.500000
vt 0.000000 0.583333
vt 0.000000 0.666667
vt 0.000000 0.750000
vt 0.000000 0.833333
vt 0.000000 0.916667
vt 0.083333 1.000000
vt 0.083333 0.000000
vt 0.083333 0.083333
vt 0.083333 0.166667
vt 0.083333 0.250000
vt 0.083333 0.333333
vt 0.083333 0.416667
vt 0.083333 0.500000
vt 0.083333 0.583333
vt 0.083333 0.666667
vt 0.083333 0.750000
vt 0.083333 0.833333
vt 0.083333 0.916667
vt 0.166667 1.000000
vt 0.166667 0.000000
vt 0.166667 0.083333
vt 0.166667 0.166667
vt 0.166667 0.250000
vt 0.166667 0.333333
vt 0.166667 0.416667
vt 0.166667 0.500000
vt 0.166667 0.583333
vt 0.166667 0.666667
vt 0.166667 0.750000
vt 0.166667 0.833333
vt 0.166667 0.916667
vt 0.250000 1.000000
vt 0.250000 0.000000
vt 0.250000 0.083333
vt 0.250000 0.166667
vt 0.250000 0.250000
vt 0.250000 0.333333
vt 0.250000 0.416667
vt 0.250000 0.500000
vt 0.250000 0.583333
vt 0.250000 0.666667
vt 0.250000 0.750000
vt 0.250000 0.833333
vt 0.250000 0.916667
vt 0.333333 1.000000
vt 0.333333 0.000000
vt 0.333333 0.083333
vt 0.333333 0.166667
vt 0.333333 0.250000
vt 0.333333 0.333333
vt 0.333333 0.416667
vt 0.333333 0.500000
vt 0.333333 0.583333
vt 0.333333 0.666667
vt 0.333333 0.750000
vt 0.333333 0.833333
vt 0.333333 0.916667
vt 0.416667 1.000000
vt 0.416667 0.000000
vt 0.416667 0.083333
vt 0.416667 0.166667
vt 0.416667 0.250000
vt 0.416667 0.333333
vt 0.416667 0.416667
vt 0.416667 0.500000
vt 0.416667 0.583333
vt 0.416667 0.666667
vt 0.416667 0.750000
vt 0.416667 0.833333
vt 0.416667 0.916667
vt 0.500000 1.000000
vt 0.500000 0.000000
vt 0.500000 0.083333
vt 0.500000 0.166667
vt 0.500000 0.250000
vt 0.500000 0.333333
vt 0.500000 0.416667
vt 0.500000 0.500000
vt 0.500000 0.583333
vt 0.500000 0.666667
vt 0.500000 0.750000
vt 0.500000 0.833333
vt 0.500000 0.916667
vt 0.583333 1.000000
vt 0.583333 0.000000
vt 0.583333 0.083333
vt 0.583333 0.166667
vt 0.583333 0.250000
vt 0.583333 0.333333
vt 0.583333 0.416667
vt 0.583333 0.500000
vt 0.583333 0.583333
vt 0.583333 0.666667
vt 0.583333 0.750000
vt 0.583333 0.833333
vt 0.583333 0.916667
vt 0.666667 1.000000
vt 0.666667 0.000000
vt 0.666667 0.083333
vt 0.666667 0.166667
vt 0.666667 0.250000
vt 0.666667 0.333333
vt 0.666667 0.416667
vt 0.666667 0.500000
vt 0.666667 0.583333
vt 0.666667 0.666667
vt 0.666667 0.750000
vt 0.666667 0.833333
vt 0.666667 0.916667
vt 0.750000 1.000000
vt 0.750000 0.000000
vt 0.750000 0.083333
vt 0.750000 0.166667
vt 0.750000 0.250000
vt 0.750000 0.333333
vt 0.750000 0.416667
vt 0.750000 0.500000
vt 0.750000 0.583333
vt 0.750000 0.666667
vt 0.750000 0.750000
vt 0.750000 0.833333
vt 0.750000 0.916667
vt 0.833333 1.000000
vt 0.833333 0.000000
vt 0.833333 0.083333
vt 0.833333 0.166667
vt 0.833333 0.250000
vt 0.833333 0.333333
vt 0.833333 0.416667
vt 0.833333 0.500000
vt 0.833333 0.583333
vt 0.833333 0.666667
vt 0.833333 0.750000
vt 0.833333 0.833333
vt 0.833333 0.916667
vt 0.916667 1.000000
vt 0.916667 0.000000
vt 0.916667 0.083333
vt 0.916667 0.166667
vt 0.916667 0.250000
vt 0.916667 0.333333
vt 0.916667 0.416667
vt 0.916667 0.500000
vt 0.916667 0.583333
vt 0.916667 0.666667
vt 0.916667 0.750000
vt 0.916667 0.833333
vt 0.916667 0.916667
vt 1.000000 1.000000
vt 1.000000 0.000000
vt 1.000000 0.083333
vt 1.000000 0.166667
vt 1.000000 0.250000
vt 1.000000 0.333333
vt 1.000000 0.416667
vt 1.000000 0.500000
vt 1.000000 0.583333
vt 1.000000 0.666667
vt 1.000000 0.750000
vt 1.000000 0.833333
vt 1.000000 0.916667
s 1
f 1552/2534/957 1564/2547/958 1575/2559/959 1563/2546/960
f 1553/2536/961 1565/2549/962 1564/2548/958 1552/2535/957
f 1554/2537/963 1566/2550/964 1565/2549/962 1553/2536/961
f 1555/2538/965 1567/2551/966 1566/2550/964 1554/2537/963
f 1556/2539/967 1568/2552/968 1567/2551/966 1555/2538/965
f 1557/2540/969 1569/2553/970 1568/2552/968 1556/2539/967
f 1558/2541/971 1570/2554/972 1569/2553/970 1557/2540/969
f 1559/2542/973 1571/2555/974 1570/2554/972 1558/2541/971
f 1560/2543/975 1572/2556/976 1571/2555/974 1559/2542/973
f 1561/2544/977 1573/2557/978 1572/2556/976 1560/2543/975
f 1562/2545/979 1574/2558/980 1573/2557/978 1561/2544/977
f 1563/2546/960 1575/2559/959 1574/2558/980 1562/2545/979
f 1564/2547/958 1576/2560/981 1587/2572/982 1575/2559/959
f 1565/2549/962 1577/2562/983 1576/2561/981 1564/2548/958
f 1566/2550/964 1578/2563/984 1577/2562/983 1565/2549/962
f 1567/2551/966 1579/2564/985 1578/2563/984 1566/2550/964
f 1568/2552/968 1580/2565/986 1579/2564/985 1567/2551/966
f 1569/2553/970 1581/2566/987 1580/2565/986 1568/2552/968
f 1570/2554/972 1582/2567/988 1581/2566/987 1569/2553/970
f 1571/2555/974 1583/2568/989 1582/2567/988 1570/2554/972
f 1572/2556/976 1584/2569/990 1583/2568/989 1571/2555/974
f 1573/2557/978 1585/2570/991 1584/2569/990 1572/2556/976
f 1574/2558/980 1586/2571/992 1585/2570/991 1573/2557/978
f 1575/2559/959 1587/2572/982 1586/2571/992 1574/2558/980
f 1576/2560/981 1588/2573/993 1599/2585/994 1587/2572/982
f 1577/2562/983 1589/2575/995 1588/2574/993 1576/2561/981
f 1578/2563/984 1590/2576/996 1589/2575/995 1577/2562/983
f 1579/2564/985 1591/2577/997 1590/2576/996 1578/2563/984
f 1580/2565/986 1592/2578/998 1591/2577/997 1579/2564/985
f 1581/2566/987 1593/2579/999 1592/2578/998 1580/2565/986
f 1582/2567/988 1594/2580/1000 1593/2579/999 1581/2566/987
f 1583/2568/989 1595/2581/1001 1594/2580/1000 1582/2567/988
f 1584/2569/990 1596/2582/1002 1595/2581/1001 1583/2568/989
f 1585/2570/991 1597/2583/1003 1596/2582/1002 1584/2569/990
f 1586/2571/992 1598/2584/1004 1597/2583/1003 1585/2570/991
f 1587/2572/982 1599/2585/994 1598/2584/1004 1586/2571/992
f 1588/2573/993 1600/2586/1005 1611/2598/1006 1599/2585/994
f 1589/2575/995 1601/2588/1007 1600/2587/1005 1588/2574/993
f 1590/2576/996 1602/2589/1008 1601/2588/1007 1589/2575/995
f 1591/2577/997 1603/2590/1009 1602/2589/1008 1590/2576/996
f 1592/2578/998 1604/2591/1010 1603/2590/1009 1591/2577/997
f 1593/2579/999 1605/2592/1011 1604/2591/1010 1592/2578/998
f 1594/2580/1000 1606/2593/1012 1605/2592/1011 1593/2579/999
f 1595/2581/1001 1607/2594/1013 1606/2593/1012 1594/2580/1000
f 1596/2582/1002 1608/2595/1014 1607/2594/1013 1595/2581/1001
f 1597/2583/1003 1609/2596/1015 1608/2595/1014 1596/2582/1002
f 1598/2584/1004 1610/2597/1016 1609/2596/1015 1597/2583/1003
f 1599/2585/994 1611/2598/1006 1610/2597/1016 1598/2584/1004
f 1600/2586/1005 1612/2599/1017 1623/2611/1018 1611/2598/1006
f 1601/2588/1007 1613/2601/1019 1612/2600/1017 1600/2587/1005
f 1602/2589/1008 1614/2602/1020 1613/2601/1019 1601/2588/1007
f 1603/2590/1009 1615/2603/1021 1614/2602/1020 1602/2589/1008
f 1604/2591/1010 1616/2604/1022 1615/2603/1021 1603/2590/1009
f 1605/2592/1011 1617/2605/1023 1616/2604/1022 1604/2591/1010
f 1606/2593/1012 1618/2606/1024 1617/2605/1023 1605/2592/1011
f 1607/2594/1013 1619/2607/1025 1618/2606/1024 1606/2593/1012
f 1608/2595/1014 1620/2608/1026 1619/2607/1025 1607/2594/1013
f 1609/2596/1015 1621/2609/1027 1620/2608/1026 1608/2595/1014
f 1610/2597/1016 1622/2610/1028 1621/2609/1027 1609/2596/1015
f 1611/2598/1006 1623/2611/1018 1622/2610/1028 1610/2597/1016
f 1612/2599/1017 1624/2612/1029 1635/2624/1030 1623/2611/1018
f 1613/2601/1019 1625/2614/1031 1624/2613/1029 1612/2600/1017
f 1614/2602/1020 1626/2615/1032 1625/2614/1031 1613/2601/1019
f 1615/2603/1021 1627/2616/1033 1626/2615/1032 1614/2602/1020
f 1616/2604/1022 1628/2617/1034 1627/2616/1033 1615/2603/1021
f 1617/2605/1023 1629/2618/1035 1628/2617/1034 1616/2604/1022
f 1618/2606/1024 1630/2619/1036 1629/2618/1035 1617/2605/1023
f 1619/2607/1025 1631/2620/1037 1630/2619/1036 1618/2606/1024
f 1620/2608/1026 1632/2621/1038 1631/2620/1037 1619/2607/1025
f 1621/2609/1027 1633/2622/1039 1632/2621/1038 1620/2608/1026
f 1622/2610/1028 1634/2623/1040 1633/2622/1039 1621/2609/1027
f 1623/2611/1018 1635/2624/1030 1634/2623/1040 1622/2610/1028
f 1624/2612/1029 1636/2625/1041 1647/2637/1042 1635/2624/1030
f 1625/2614/1031 1637/2627/1043 1636/2626/1041 1624/2613/1029
f 1626/2615/1032 1638/2628/1044 1637/2627/1043 1625/2614/1031
f 1627/2616/1033 1639/2629/1045 1638/2628/1044 1626/2615/1032
f 1628/2617/1034 1640/2630/1046 1639/2629/1045 1627/2616/1033
f 1629/2618/1035 1641/2631/1047 1640/2630/1046 1628/2617/1034
f 1630/2619/1036 1642/2632/1048 1641/2631/1047 1629/2618/1035
f 1631/2620/1037 1643/2633/1049 1642/2632/1048 1630/2619/1036
f 1632/2621/1038 1644/2634/1050 1643/2633/1049 1631/2620/1037
f 1633/2622/1039 1645/2635/1051 1644/2634/1050 1632/2621/1038
f 1634/2623/1040 1646/2636/1052 1645/2635/1051 1633/2622/1039
f 1635/2624/1030 1647/2637/1042 1646/2636/1052 1634/2623/1040
f 1636/2625/1041 1648/2638/1053 1659/2650/1054 1647/2637/1042
f 1637/2627/1043 1649/2640/1055 1648/2639/1053 1636/2626/1041
f 1638/2628/1044 1650/2641/1056 1649/2640/1055 1637/2627/1043
f 1639/2629/1045 1651/2642/1057 1650/2641/1056 1638/2628/1044
f 1640/2630/1046 1652/2643/1058 1651/2642/1057 1639/2629/1045
f 1641/2631/1047 1653/2644/1059 1652/2643/1058 1640/2630/1046
f 1642/2632/1048 1654/2645/1060 1653/2644/1059 1641/2631/1047
f 1643/2633/1049 1655/2646/1061 1654/2645/1060 1642/2632/1048
f 1644/2634/1050 1656/2647/1062 1655/2646/1061 1643/2633/1049
f 1645/2635/1051 1657/2648/1063 1656/2647/1062 1644/2634/1050
f 1646/2636/1052 1658/2649/1064 1657/2648/1063 1645/2635/1051
f 1647/2637/1042 1659/2650/1054 1658/2649/1064 1646/2636/1052
f 1648/2638/1053 1660/2651/1065 1671/2663/1066 1659/2650/1054
f 1649/2640/1055 1661/2653/1067 1660/2652/1065 1648/2639/1053
f 1650/2641/1056 1662/2654/1068 1661/2653/1067 1649/2640/1055
f 1651/2642/1057 1663/2655/1069 1662/2654/1068 1650/2641/1056
f 1652/2643/1058 1664/2656/1070 1663/2655/1069 1651/2642/1057
f 1653/2644/1059 1665/2657/1071 1664/2656/1070 1652/2643/1058
f 1654/2645/1060 1666/2658/1072 1665/2657/1071 1653/2644/1059
f 1655/2646/1061 1667/2659/1073 1666/2658/1072 1654/2645/1060
f 1656/2647/1062 1668/2660/1074 1667/2659/1073 1655/2646/1061
f 1657/2648/1063 1669/2661/1075 1668/2660/1074 1656/2647/1062
f 1658/2649/1064 1670/2662/1076 1669/2661/1075 1657/2648/1063
f 1659/2650/1054 1671/2663/1066 1670/2662/1076 1658/2649/1064
f 1660/2651/1065 1672/2664/1077 1683/2676/1078 1671/2663/1066
f 1661/2653/1067 1673/2666/1079 1672/2665/1077 1660/2652/1065
f 1662/2654/1068 1674/2667/1080 1673/2666/1079 1661/2653/1067
f 1663/2655/1069 1675/2668/1081 1674/2667/1080 1662/2654/1068
f 1664/2656/1070 1676/2669/1082 1675/2668/1081 1663/2655/1069
f 1665/2657/1071 1677/2670/1083 1676/2669/1082 1664/2656/1070
f 1666/2658/1072 1678/2671/1084 1677/2670/1083 1665/2657/1071
f 1667/2659/1073 1679/2672/1085 1678/2671/1084 1666/2658/1072
f 1668/2660/1074 1680/2673/1086 1679/2672/1085 1667/2659/1073
f 1669/2661/1075 1681/2674/1087 1680/2673/1086 1668/2660/1074
f 1670/2662/1076 1682/2675/1088 1681/2674/1087 1669/2661/1075
f 1671/2663/1066 1683/2676/1078 1682/2675/1088 1670/2662/1076
f 1672/2664/1077 1684/2677/1089 1695/2689/1090 1683/2676/1078
f 1673/2666/1079 1685/2679/1091 1684/2678/1089 1672/2665/1077
f 1674/2667/1080 1686/2680/1092 1685/2679/1091 1673/2666/1079
f 1675/2668/1081 1687/2681/1093 1686/2680/1092 1674/2667/1080
f 1676/2669/1082 1688/2682/1094 1687/2681/1093 1675/2668/1081
f 1677/2670/1083 1689/2683/1095 1688/2682/1094 1676/2669/1082
f 1678/2671/1084 1690/2684/1096 1689/2683/1095 1677/2670/1083
f 1679/2672/1085 1691/2685/1097 1690/2684/1096 1678/2671/1084
f 1680/2673/1086 1692/2686/1098 1691/2685/1097 1679/2672/1085
f 1681/2674/1087 1693/2687/1099 1692/2686/1098 1680/2673/1086
f 1682/2675/1088 1694/2688/1100 1693/2687/1099 1681/2674/1087
f 1683/2676/1078 1695/2689/1090 1694/2688/1100 1682/2675/1088
f 1684/2677/1089 1696/2690/1101 1707/2702/1102 1695/2689/1090
f 1685/2679/1091 1697/2692/1103 1696/2691/1101 1684/2678/1089
f 1686/2680/1092 1698/2693/1104 1697/2692/1103 1685/2679/1091
f 1687/2681/1093 1699/2694/1105 1698/2693/1104 1686/2680/1092
f 1688/2682/1094 1700/2695/1106 1699/2694/1105 1687/2681/1093
f 1689/2683/1095 1701/2696/1107 1700/2695/1106 1688/2682/1094
f 1690/2684/1096 1702/2697/1108 1701/2696/1107 1689/2683/1095
f 1691/2685/1097 1703/2698/1109 1702/2697/1108 1690/2684/1096
f 1692/2686/1098 1704/2699/1110 1703/2698/1109 1691/2685/1097
f 1693/2687/1099 1705/2700/1111 1704/2699/1110 1692/2686/1098
f 1694/2688/1100 1706/2701/1112 1705/2700/1111 1693/2687/1099
f 1695/2689/1090 1707/2702/1102 1706/2701/1112 1694/2688/1100
o BezierKrzywa
v 0.412609 4.050570 2.042297
v 0.417773 4.054221 2.038646
v 0.424827 4.055557 2.037309
v 0.431880 4.054221 2.038646
v 0.437044 4.050570 2.042297
v 0.438934 4.045582 2.047285
v 0.437044 4.040594 2.052272
v 0.431880 4.036942 2.055924
v 0.424827 4.035606 2.057260
v 0.417773 4.036942 2.055924
v 0.412609 4.040594 2.052272
v 0.410719 4.045582 2.047285
v 0.412609 3.961166 1.967359
v 0.417773 3.964067 1.963086
v 0.424827 3.965128 1.961522
v 0.431880 3.964067 1.963086
v 0.437044 3.961166 1.967359
v 0.438934 3.957205 1.973195
v 0.437044 3.953243 1.979031
v 0.431880 3.950343 1.983304
v 0.424827 3.949281 1.984867
v 0.417773 3.950343 1.983304
v 0.412609 3.953243 1.979031
v 0.410719 3.957205 1.973195
v 0.412609 3.870264 1.918290
v 0.417773 3.872212 1.913507
v 0.424827 3.872925 1.911757
v 0.431880 3.872212 1.913507
v 0.437044 3.870264 1.918290
v 0.438934 3.867603 1.924822
v 0.437044 3.864942 1.931355
v 0.431880 3.862994 1.936137
v 0.424827 3.862281 1.937888
v 0.417773 3.862994 1.936137
v 0.412609 3.864942 1.931355
v 0.410719 3.867603 1.924822
v 0.412609 3.776821 1.891554
v 0.417773 3.777749 1.886474
v 0.424827 3.778089 1.884615
v 0.431880 3.777749 1.886474
v 0.437044 3.776821 1.891554
v 0.438934 3.775553 1.898493
v 0.437044 3.774284 1.905432
v 0.431880 3.773356 1.910511
v 0.424827 3.773016 1.912371
v 0.417773 3.773356 1.910511
v 0.412609 3.774284 1.905432
v 0.410719 3.775553 1.898493
v 0.412609 3.679885 1.883479
v 0.417773 3.679926 1.878316
v 0.424827 3.679942 1.876426
v 0.431880 3.679926 1.878316
v 0.437044 3.679885 1.883479
v 0.438934 3.679828 1.890533
v 0.437044 3.679771 1.897586
v 0.431880 3.679729 1.902750
v 0.424827 3.679714 1.904640
v 0.417773 3.679729 1.902750
v 0.412609 3.679771 1.897586
v 0.410719 3.679828 1.890533
v 0.412609 3.578389 1.890262
v 0.417773 3.577793 1.885132
v 0.424827 3.577574 1.883255
v 0.431880 3.577793 1.885132
v 0.437044 3.578389 1.890262
v 0.438934 3.579205 1.897268
v 0.437044 3.580020 1.904275
v 0.431880 3.580617 1.909404
v 0.424827 3.580835 1.911281
v 0.417773 3.580617 1.909404
v 0.412609 3.580020 1.904275
v 0.410719 3.579205 1.897268
v 0.412609 3.471122 1.908099
v 0.417773 3.470143 1.903029
v 0.424827 3.469784 1.901173
v 0.431880 3.470143 1.903029
v 0.437044 3.471122 1.908099
v 0.438934 3.472459 1.915025
v 0.437044 3.473796 1.921951
v 0.431880 3.474775 1.927021
v 0.424827 3.475133 1.928877
v 0.417773 3.474775 1.927021
v 0.412609 3.473796 1.921951
v 0.410719 3.472459 1.915025
v 0.412609 3.356801 1.933252
v 0.417773 3.355656 1.928216
v 0.424827 3.355237 1.926373
v 0.431880 3.355656 1.928216
v 0.437044 3.356801 1.933252
v 0.438934 3.358365 1.940130
v 0.437044 3.359928 1.947008
v 0.431880 3.361073 1.952044
v 0.424827 3.361492 1.953887
v 0.417773 3.361073 1.952044
v 0.412609 3.359928 1.947008
v 0.410719 3.358365 1.940130
v 0.412609 3.234144 1.962028
v 0.417773 3.233006 1.956991
v 0.424827 3.232589 1.955148
v 0.431880 3.233006 1.956991
v 0.437044 3.234144 1.962028
v 0.438934 3.235698 1.968909
v 0.437044 3.237253 1.975789
v 0.431880 3.238390 1.980826
v 0.424827 3.238807 1.982669
v 0.417773 3.238390 1.980826
v 0.412609 3.237253 1.975789
v 0.410719 3.235698 1.968909
v 0.412609 3.101878 1.990765
v 0.417773 3.100884 1.985698
v 0.424827 3.100521 1.983843
v 0.431880 3.100884 1.985698
v 0.437044 3.101878 1.990765
v 0.438934 3.103235 1.997687
v 0.437044 3.104592 2.004609
v 0.431880 3.105585 2.009677
v 0.424827 3.105949 2.011532
v 0.417773 3.105585 2.009677
v 0.412609 3.104592 2.004609
v 0.410719 3.103235 1.997687
v 0.412609 2.958742 2.015811
v 0.417773 2.958004 2.010700
v 0.424827 2.957734 2.008829
v 0.431880 2.958004 2.010700
v 0.437044 2.958742 2.015811
v 0.438934 2.959750 2.022792
v 0.437044 2.960757 2.029773
v 0.431880 2.961495 2.034884
v 0.424827 2.961766 2.036755
v 0.417773 2.961495 2.034884
v 0.412609 2.960757 2.029773
v 0.410719 2.959750 2.022792
v 0.412609 2.803478 2.033516
v 0.417773 2.803083 2.028367
v 0.424827 2.802938 2.026483
v 0.431880 2.803083 2.028367
v 0.437044 2.803478 2.033516
v 0.438934 2.804018 2.040549
v 0.437044 2.804559 2.047582
v 0.431880 2.804954 2.052731
v 0.424827 2.805099 2.054615
v 0.417773 2.804954 2.052731
v 0.412609 2.804559 2.047582
v 0.410719 2.804018 2.040549
v 0.412609 2.634816 2.040231
v 0.417773 2.634816 2.035067
v 0.424827 2.634816 2.033177
v 0.431881 2.634816 2.035067
v 0.437044 2.634816 2.040231
v 0.438934 2.634816 2.047285
v 0.437044 2.634816 2.054338
v 0.431881 2.634816 2.059502
v 0.424827 2.634816 2.061392
v 0.417773 2.634816 2.059502
v 0.412609 2.634816 2.054338
v 0.410719 2.634816 2.047285
vn -0.8588 0.3291 -0.3927
vn -0.8588 0.2877 -0.4239
vn -0.9999 0.0094 -0.0138
vn -0.9999 0.0093 -0.0111
vn -0.4922 0.5592 -0.6672
vn -0.4930 0.4886 -0.7199
vn -0.0000 0.6423 -0.7664
vn -0.0000 0.5615 -0.8275
vn 0.4922 0.5592 -0.6672
vn 0.4930 0.4886 -0.7199
vn 0.8588 0.3291 -0.3927
vn 0.8588 0.2877 -0.4239
vn 0.9999 0.0093 -0.0111
vn 0.9999 0.0094 -0.0138
vn 0.8714 -0.3152 0.3760
vn 0.8733 -0.2737 0.4031
vn 0.5047 -0.5547 0.6615
vn 0.5074 -0.4840 0.7129
vn -0.0000 -0.6426 0.7662
vn -0.0000 -0.5617 0.8273
vn -0.5047 -0.5547 0.6615
vn -0.5074 -0.4840 0.7129
vn -0.8714 -0.3153 0.3760
vn -0.8733 -0.2737 0.4031
vn -0.8584 0.1935 -0.4751
vn -0.9998 0.0067 -0.0165
vn -0.4926 0.3283 -0.8060
vn -0.0000 0.3773 -0.9261
vn 0.4926 0.3283 -0.8060
vn 0.8584 0.1935 -0.4751
vn 0.9998 0.0067 -0.0165
vn 0.8738 -0.1834 0.4503
vn 0.5080 -0.3249 0.7977
vn -0.0000 -0.3772 0.9261
vn -0.5080 -0.3249 0.7977
vn -0.8738 -0.1834 0.4503
vn -0.8591 0.0921 -0.5035
vn -0.9999 0.0029 -0.0158
vn -0.4932 0.1566 -0.8557
vn -0.0000 0.1800 -0.9837
vn 0.4932 0.1566 -0.8557
vn 0.8591 0.0921 -0.5035
vn 0.9999 0.0029 -0.0158
vn 0.8730 -0.0876 0.4797
vn 0.5072 -0.1548 0.8478
vn -0.0000 -0.1796 0.9837
vn -0.5072 -0.1548 0.8478
vn -0.8730 -0.0876 0.4797
vn -0.8607 0.0042 -0.5092
vn -0.9999 0.0001 -0.0123
vn -0.4947 0.0072 -0.8690
vn -0.0000 0.0083 -1.0000
vn 0.4947 0.0072 -0.8690
vn 0.8607 0.0042 -0.5092
vn 0.9999 0.0001 -0.0123
vn 0.8713 -0.0039 0.4906
vn 0.5054 -0.0068 0.8629
vn -0.0000 -0.0078 1.0000
vn -0.5054 -0.0068 0.8629
vn -0.8713 -0.0039 0.4907
vn -0.8625 -0.0584 -0.5027
vn -1.0000 -0.0009 -0.0080
vn -0.4965 -0.1002 -0.8622
vn -0.0000 -0.1154 -0.9933
vn 0.4965 -0.1002 -0.8622
vn 0.8625 -0.0584 -0.5027
vn 1.0000 -0.0009 -0.0080
vn 0.8695 0.0571 0.4906
vn 0.5035 0.1000 0.8582
vn -0.0000 0.1157 0.9933
vn -0.5035 0.1000 0.8582
vn -0.8695 0.0571 0.4906
vn -0.8642 -0.0954 -0.4941
vn -1.0000 -0.0008 -0.0042
vn -0.4981 -0.1643 -0.8514
vn -0.0000 -0.1895 -0.9819
vn 0.4981 -0.1643 -0.8514
vn 0.8642 -0.0954 -0.4941
vn 1.0000 -0.0008 -0.0042
vn 0.8678 0.0942 0.4878
vn 0.5018 0.1640 0.8493
vn -0.0000 0.1896 0.9819
vn -0.5018 0.1640 0.8493
vn -0.8678 0.0942 0.4878
vn -0.8655 -0.1110 -0.4884
vn -1.0000 -0.0003 -0.0011
vn -0.4995 -0.1920 -0.8448
vn -0.0000 -0.2216 -0.9751
vn 0.4995 -0.1920 -0.8448
vn 0.8655 -0.1110 -0.4884
vn 1.0000 -0.0003 -0.0011
vn 0.8665 0.1106 0.4868
vn 0.5005 0.1919 0.8442
vn -0.0000 0.2217 0.9751
vn -0.5005 0.1919 0.8442
vn -0.8665 0.1106 0.4868
vn -0.8666 -0.1100 -0.4867
vn -1.0000 0.0003 0.0013
vn -0.5006 -0.1908 -0.8444
vn -0.0000 -0.2204 -0.9754
vn 0.5006 -0.1908 -0.8444
vn 0.8666 -0.1100 -0.4867
vn 1.0000 0.0003 0.0013
vn 0.8654 0.1104 0.4887
vn 0.4994 0.1909 0.8451
vn -0.0000 0.2204 0.9754
vn -0.4994 0.1909 0.8451
vn -0.8654 0.1104 0.4887
vn -0.8675 -0.0957 -0.4882
vn -1.0000 0.0006 0.0033
vn -0.5015 -0.1664 -0.8490
vn -0.0000 -0.1924 -0.9813
vn 0.5015 -0.1664 -0.8490
vn 0.8675 -0.0957 -0.4882
vn 1.0000 0.0006 0.0033
vn 0.8646 0.0967 0.4931
vn 0.4986 0.1667 0.8507
vn -0.0000 0.1923 0.9813
vn -0.4986 0.1667 0.8507
vn -0.8646 0.0967 0.4931
vn -0.8682 -0.0709 -0.4912
vn -1.0000 0.0007 0.0049
vn -0.5021 -0.1236 -0.8559
vn -0.0000 -0.1429 -0.9897
vn 0.5021 -0.1236 -0.8559
vn 0.8682 -0.0709 -0.4912
vn 1.0000 0.0007 0.0049
vn 0.8639 0.0720 0.4985
vn 0.4979 0.1239 0.8583
vn -0.0000 0.1429 0.9897
vn -0.4979 0.1239 0.8583
vn -0.8639 0.0720 0.4985
vn -0.8687 -0.0379 -0.4939
vn -1.0000 0.0005 0.0061
vn -0.5027 -0.0662 -0.8619
vn -0.0000 -0.0766 -0.9971
vn 0.5027 -0.0662 -0.8619
vn 0.8687 -0.0379 -0.4939
vn 1.0000 0.0005 0.0061
vn 0.8634 0.0386 0.5030
vn 0.4974 0.0664 0.8650
vn -0.0000 0.0766 0.9971
vn -0.4974 0.0664 0.8650
vn -0.8634 0.0386 0.5030
vn -0.8687 -0.0197 -0.4949
vn -1.0000 0.0003 0.0066
vn -0.5026 -0.0344 -0.8638
vn -0.0000 -0.0398 -0.9992
vn 0.5026 -0.0344 -0.8638
vn 0.8687 -0.0197 -0.4949
vn 1.0000 0.0003 0.0066
vn 0.8630 0.0201 0.5048
vn 0.4969 0.0345 0.8671
vn -0.0000 0.0398 0.9992
vn -0.4969 0.0345 0.8671
vn -0.8630 0.0201 0.5048
vt 0.000000 1.000000
vt 0.000000 0.000000
vt 0.000000 0.083333
vt 0.000000 0.166667
vt 0.000000 0.250000
vt 0.000000 0.333333
vt 0.000000 0.416667
vt 0.000000 0.500000
vt 0.000000 0.583333
vt 0.000000 0.666667
vt 0.000000 0.750000
vt 0.000000 0.833333
vt 0.000000 0.916667
vt 0.083333 1.000000
vt 0.083333 0.000000
vt 0.083333 0.083333
vt 0.083333 0.166667
vt 0.083333 0.250000
vt 0.083333 0.333333
vt 0.083333 0.416667
vt 0.083333 0.500000
vt 0.083333 0.583333
vt 0.083333 0.666667
vt 0.083333 0.750000
vt 0.083333 0.833333
vt 0.083333 0.916667
vt 0.166667 1.000000
vt 0.166667 0.000000
vt 0.166667 0.083333
vt 0.166667 0.166667
vt 0.166667 0.250000
vt 0.166667 0.333333
vt 0.166667 0.416667
vt 0.166667 0.500000
vt 0.166667 0.583333
vt 0.166667 0.666667
vt 0.166667 0.750000
vt 0.166667 0.833333
vt 0.166667 0.916667
vt 0.250000 1.000000
vt 0.250000 0.000000
vt 0.250000 0.083333
vt 0.250000 0.166667
vt 0.250000 0.250000
vt 0.250000 0.333333
vt 0.250000 0.416667
vt 0.250000 0.500000
vt 0.250000 0.583333
vt 0.250000 0.666667
vt 0.250000 0.750000
vt 0.250000 0.833333
vt 0.250000 0.916667
vt 0.333333 1.000000
vt 0.333333 0.000000
vt 0.333333 0.083333
vt 0.333333 0.166667
vt 0.333333 0.250000
vt 0.333333 0.333333
vt 0.333333 0.416667
vt 0.333333 0.500000
vt 0.333333 0.583333
vt 0.333333 0.666667
vt 0.333333 0.750000
vt 0.333333 0.833333
vt 0.333333 0.916667
vt 0.416667 1.000000
vt 0.416667 0.000000
vt 0.416667 0.083333
vt 0.416667 0.166667
vt 0.416667 0.250000
vt 0.416667 0.333333
vt 0.416667 0.416667
vt 0.416667 0.500000
vt 0.416667 0.583333
vt 0.416667 0.666667
vt 0.416667 0.750000
vt 0.416667 0.833333
vt 0.416667 0.916667
vt 0.500000 1.000000
vt 0.500000 0.000000
vt 0.500000 0.083333
vt 0.500000 0.166667
vt 0.500000 0.250000
vt 0.500000 0.333333
vt 0.500000 0.416667
vt 0.500000 0.500000
vt 0.500000 0.583333
vt 0.500000 0.666667
vt 0.500000 0.750000
vt 0.500000 0.833333
vt 0.500000 0.916667
vt 0.583333 1.000000
vt 0.583333 0.000000
vt 0.583333 0.083333
vt 0.583333 0.166667
vt 0.583333 0.250000
vt 0.583333 0.333333
vt 0.583333 0.416667
vt 0.583333 0.500000
vt 0.583333 0.583333
vt 0.583333 0.666667
vt 0.583333 0.750000
vt 0.583333 0.833333
vt 0.583333 0.916667
vt 0.666667 1.000000
vt 0.666667 0.000000
vt 0.666667 0.083333
vt 0.666667 0.166667
vt 0.666667 0.250000
vt 0.666667 0.333333
vt 0.666667 0.416667
vt 0.666667 0.500000
vt 0.666667 0.583333
vt 0.666667 0.666667
vt 0.666667 0.750000
vt 0.666667 0.833333
vt 0.666667 0.916667
vt 0.750000 1.000000
vt 0.750000 0.000000
vt 0.750000 0.083333
vt 0.750000 0.166667
vt 0.750000 0.250000
vt 0.750000 0.333333
vt 0.750000 0.416667
vt 0.750000 0.500000
vt 0.750000 0.583333
vt 0.750000 0.666667
vt 0.750000 0.750000
vt 0.750000 0.833333
vt 0.750000 0.916667
vt 0.833333 1.000000
vt 0.833333 0.000000
vt 0.833333 0.083333
vt 0.833333 0.166667
vt 0.833333 0.250000
vt 0.833333 0.333333
vt 0.833333 0.416667
vt 0.833333 0.500000
vt 0.833333 0.583333
vt 0.833333 0.666667
vt 0.833333 0.750000
vt 0.833333 0.833333
vt 0.833333 0.916667
vt 0.916667 1.000000
vt 0.916667 0.000000
vt 0.916667 0.083333
vt 0.916667 0.166667
vt 0.916667 0.250000
vt 0.916667 0.333333
vt 0.916667 0.416667
vt 0.916667 0.500000
vt 0.916667 0.583333
vt 0.916667 0.666667
vt 0.916667 0.750000
vt 0.916667 0.833333
vt 0.916667 0.916667
vt 1.000000 1.000000
vt 1.000000 0.000000
vt 1.000000 0.083333
vt 1.000000 0.166667
vt 1.000000 0.250000
vt 1.000000 0.333333
vt 1.000000 0.416667
vt 1.000000 0.500000
vt 1.000000 0.583333
vt 1.000000 0.666667
vt 1.000000 0.750000
vt 1.000000 0.833333
vt 1.000000 0.916667
s 1
f 1708/2703/1113 1720/2716/1114 1731/2728/1115 1719/2715/1116
f 1709/2705/1117 1721/2718/1118 1720/2717/1114 1708/2704/1113
f 1710/2706/1119 1722/2719/1120 1721/2718/1118 1709/2705/1117
f 1711/2707/1121 1723/2720/1122 1722/2719/1120 1710/2706/1119
f 1712/2708/1123 1724/2721/1124 1723/2720/1122 1711/2707/1121
f 1713/2709/1125 1725/2722/1126 1724/2721/1124 1712/2708/1123
f 1714/2710/1127 1726/2723/1128 1725/2722/1126 1713/2709/1125
f 1715/2711/1129 1727/2724/1130 1726/2723/1128 1714/2710/1127
f 1716/2712/1131 1728/2725/1132 1727/2724/1130 1715/2711/1129
f 1717/2713/1133 1729/2726/1134 1728/2725/1132 1716/2712/1131
f 1718/2714/1135 1730/2727/1136 1729/2726/1134 1717/2713/1133
f 1719/2715/1116 1731/2728/1115 1730/2727/1136 1718/2714/1135
f 1720/2716/1114 1732/2729/1137 1743/2741/1138 1731/2728/1115
f 1721/2718/1118 1733/2731/1139 1732/2730/1137 1720/2717/1114
f 1722/2719/1120 1734/2732/1140 1733/2731/1139 1721/2718/1118
f 1723/2720/1122 1735/2733/1141 1734/2732/1140 1722/2719/1120
f 1724/2721/1124 1736/2734/1142 1735/2733/1141 1723/2720/1122
f 1725/2722/1126 1737/2735/1143 1736/2734/1142 1724/2721/1124
f 1726/2723/1128 1738/2736/1144 1737/2735/1143 1725/2722/1126
f 1727/2724/1130 1739/2737/1145 1738/2736/1144 1726/2723/1128
f 1728/2725/1132 1740/2738/1146 1739/2737/1145 1727/2724/1130
f 1729/2726/1134 1741/2739/1147 1740/2738/1146 1728/2725/1132
f 1730/2727/1136 1742/2740/1148 1741/2739/1147 1729/2726/1134
f 1731/2728/1115 1743/2741/1138 1742/2740/1148 1730/2727/1136
f 1732/2729/1137 1744/2742/1149 1755/2754/1150 1743/2741/1138
f 1733/2731/1139 1745/2744/1151 1744/2743/1149 1732/2730/1137
f 1734/2732/1140 1746/2745/1152 1745/2744/1151 1733/2731/1139
f 1735/2733/1141 1747/2746/1153 1746/2745/1152 1734/2732/1140
f 1736/2734/1142 1748/2747/1154 1747/2746/1153 1735/2733/1141
f 1737/2735/1143 1749/2748/1155 1748/2747/1154 1736/2734/1142
f 1738/2736/1144 1750/2749/1156 1749/2748/1155 1737/2735/1143
f 1739/2737/1145 1751/2750/1157 1750/2749/1156 1738/2736/1144
f 1740/2738/1146 1752/2751/1158 1751/2750/1157 1739/2737/1145
f 1741/2739/1147 1753/2752/1159 1752/2751/1158 1740/2738/1146
f 1742/2740/1148 1754/2753/1160 1753/2752/1159 1741/2739/1147
f 1743/2741/1138 1755/2754/1150 1754/2753/1160 1742/2740/1148
f 1744/2742/1149 1756/2755/1161 1767/2767/1162 1755/2754/1150
f 1745/2744/1151 1757/2757/1163 1756/2756/1161 1744/2743/1149
f 1746/2745/1152 1758/2758/1164 1757/2757/1163 1745/2744/1151
f 1747/2746/1153 1759/2759/1165 1758/2758/1164 1746/2745/1152
f 1748/2747/1154 1760/2760/1166 1759/2759/1165 1747/2746/1153
f 1749/2748/1155 1761/2761/1167 1760/2760/1166 1748/2747/1154
f 1750/2749/1156 1762/2762/1168 1761/2761/1167 1749/2748/1155
f 1751/2750/1157 1763/2763/1169 1762/2762/1168 1750/2749/1156
f 1752/2751/1158 1764/2764/1170 1763/2763/1169 1751/2750/1157
f 1753/2752/1159 1765/2765/1171 1764/2764/1170 1752/2751/1158
f 1754/2753/1160 1766/2766/1172 1765/2765/1171 1753/2752/1159
f 1755/2754/1150 1767/2767/1162 1766/2766/1172 1754/2753/1160
f 1756/2755/1161 1768/2768/1173 1779/2780/1174 1767/2767/1162
f 1757/2757/1163 1769/2770/1175 1768/2769/1173 1756/2756/1161
f 1758/2758/1164 1770/2771/1176 1769/2770/1175 1757/2757/1163
f 1759/2759/1165 1771/2772/1177 1770/2771/1176 1758/2758/1164
f 1760/2760/1166 1772/2773/1178 1771/2772/1177 1759/2759/1165
f 1761/2761/1167 1773/2774/1179 1772/2773/1178 1760/2760/1166
f 1762/2762/1168 1774/2775/1180 1773/2774/1179 1761/2761/1167
f 1763/2763/1169 1775/2776/1181 1774/2775/1180 1762/2762/1168
f 1764/2764/1170 1776/2777/1182 1775/2776/1181 1763/2763/1169
f 1765/2765/1171 1777/2778/1183 1776/2777/1182 1764/2764/1170
f 1766/2766/1172 1778/2779/1184 1777/2778/1183 1765/2765/1171
f 1767/2767/1162 1779/2780/1174 1778/2779/1184 1766/2766/1172
f 1768/2768/1173 1780/2781/1185 1791/2793/1186 1779/2780/1174
f 1769/2770/1175 1781/2783/1187 1780/2782/1185 1768/2769/1173
f 1770/2771/1176 1782/2784/1188 1781/2783/1187 1769/2770/1175
f 1771/2772/1177 1783/2785/1189 1782/2784/1188 1770/2771/1176
f 1772/2773/1178 1784/2786/1190 1783/2785/1189 1771/2772/1177
f 1773/2774/1179 1785/2787/1191 1784/2786/1190 1772/2773/1178
f 1774/2775/1180 1786/2788/1192 1785/2787/1191 1773/2774/1179
f 1775/2776/1181 1787/2789/1193 1786/2788/1192 1774/2775/1180
f 1776/2777/1182 1788/2790/1194 1787/2789/1193 1775/2776/1181
f 1777/2778/1183 1789/2791/1195 1788/2790/1194 1776/2777/1182
f 1778/2779/1184 1790/2792/1196 1789/2791/1195 1777/2778/1183
f 1779/2780/1174 1791/2793/1186 1790/2792/1196 1778/2779/1184
f 1780/2781/1185 1792/2794/1197 1803/2806/1198 1791/2793/1186
f 1781/2783/1187 1793/2796/1199 1792/2795/1197 1780/2782/1185
f 1782/2784/1188 1794/2797/1200 1793/2796/1199 1781/2783/1187
f 1783/2785/1189 1795/2798/1201 1794/2797/1200 1782/2784/1188
f 1784/2786/1190 1796/2799/1202 1795/2798/1201 1783/2785/1189
f 1785/2787/1191 1797/2800/1203 1796/2799/1202 1784/2786/1190
f 1786/2788/1192 1798/2801/1204 1797/2800/1203 1785/2787/1191
f 1787/2789/1193 1799/2802/1205 1798/2801/1204 1786/2788/1192
f 1788/2790/1194 1800/2803/1206 1799/2802/1205 1787/2789/1193
f 1789/2791/1195 1801/2804/1207 1800/2803/1206 1788/2790/1194
f 1790/2792/1196 1802/2805/1208 1801/2804/1207 1789/2791/1195
f 1791/2793/1186 1803/2806/1198 1802/2805/1208 1790/2792/1196
f 1792/2794/1197 1804/2807/1209 1815/2819/1210 1803/2806/1198
f 1793/2796/1199 1805/2809/1211 1804/2808/1209 1792/2795/1197
f 1794/2797/1200 1806/2810/1212 1805/2809/1211 1793/2796/1199
f 1795/2798/1201 1807/2811/1213 1806/2810/1212 1794/2797/1200
f 1796/2799/1202 1808/2812/1214 1807/2811/1213 1795/2798/1201
f 1797/2800/1203 1809/2813/1215 1808/2812/1214 1796/2799/1202
f 1798/2801/1204 1810/2814/1216 1809/2813/1215 1797/2800/1203
f 1799/2802/1205 1811/2815/1217 1810/2814/1216 1798/2801/1204
f 1800/2803/1206 1812/2816/1218 1811/2815/1217 1799/2802/1205
f 1801/2804/1207 1813/2817/1219 1812/2816/1218 1800/2803/1206
f 1802/2805/1208 1814/2818/1220 1813/2817/1219 1801/2804/1207
f 1803/2806/1198 1815/2819/1210 1814/2818/1220 1802/2805/1208
f 1804/2807/1209 1816/2820/1221 1827/2832/1222 1815/2819/1210
f 1805/2809/1211 1817/2822/1223 1816/2821/1221 1804/2808/1209
f 1806/2810/1212 1818/2823/1224 1817/2822/1223 1805/2809/1211
f 1807/2811/1213 1819/2824/1225 1818/2823/1224 1806/2810/1212
f 1808/2812/1214 1820/2825/1226 1819/2824/1225 1807/2811/1213
f 1809/2813/1215 1821/2826/1227 1820/2825/1226 1808/2812/1214
f 1810/2814/1216 1822/2827/1228 1821/2826/1227 1809/2813/1215
f 1811/2815/1217 1823/2828/1229 1822/2827/1228 1810/2814/1216
f 1812/2816/1218 1824/2829/1230 1823/2828/1229 1811/2815/1217
f 1813/2817/1219 1825/2830/1231 1824/2829/1230 1812/2816/1218
f 1814/2818/1220 1826/2831/1232 1825/2830/1231 1813/2817/1219
f 1815/2819/1210 1827/2832/1222 1826/2831/1232 1814/2818/1220
f 1816/2820/1221 1828/2833/1233 1839/2845/1234 1827/2832/1222
f 1817/2822/1223 1829/2835/1235 1828/2834/1233 1816/2821/1221
f 1818/2823/1224 1830/2836/1236 1829/2835/1235 1817/2822/1223
f 1819/2824/1225 1831/2837/1237 1830/2836/1236 1818/2823/1224
f 1820/2825/1226 1832/2838/1238 1831/2837/1237 1819/2824/1225
f 1821/2826/1227 1833/2839/1239 1832/2838/1238 1820/2825/1226
f 1822/2827/1228 1834/2840/1240 1833/2839/1239 1821/2826/1227
f 1823/2828/1229 1835/2841/1241 1834/2840/1240 1822/2827/1228
f 1824/2829/1230 1836/2842/1242 1835/2841/1241 1823/2828/1229
f 1825/2830/1231 1837/2843/1243 1836/2842/1242 1824/2829/1230
f 1826/2831/1232 1838/2844/1244 1837/2843/1243 1825/2830/1231
f 1827/2832/1222 1839/2845/1234 1838/2844/1244 1826/2831/1232
f 1828/2833/1233 1840/2846/1245 1851/2858/1246 1839/2845/1234
f 1829/2835/1235 1841/2848/1247 1840/2847/1245 1828/2834/1233
f 1830/2836/1236 1842/2849/1248 1841/2848/1247 1829/2835/1235
f 1831/2837/1237 1843/2850/1249 1842/2849/1248 1830/2836/1236
f 1832/2838/1238 1844/2851/1250 1843/2850/1249 1831/2837/1237
f 1833/2839/1239 1845/2852/1251 1844/2851/1250 1832/2838/1238
f 1834/2840/1240 1846/2853/1252 1845/2852/1251 1833/2839/1239
f 1835/2841/1241 1847/2854/1253 1846/2853/1252 1834/2840/1240
f 1836/2842/1242 1848/2855/1254 1847/2854/1253 1835/2841/1241
f 1837/2843/1243 1849/2856/1255 1848/2855/1254 1836/2842/1242
f 1838/2844/1244 1850/2857/1256 1849/2856/1255 1837/2843/1243
f 1839/2845/1234 1851/2858/1246 1850/2857/1256 1838/2844/1244
f 1840/2846/1245 1852/2859/1257 1863/2871/1258 1851/2858/1246
f 1841/2848/1247 1853/2861/1259 1852/2860/1257 1840/2847/1245
f 1842/2849/1248 1854/2862/1260 1853/2861/1259 1841/2848/1247
f 1843/2850/1249 1855/2863/1261 1854/2862/1260 1842/2849/1248
f 1844/2851/1250 1856/2864/1262 1855/2863/1261 1843/2850/1249
f 1845/2852/1251 1857/2865/1263 1856/2864/1262 1844/2851/1250
f 1846/2853/1252 1858/2866/1264 1857/2865/1263 1845/2852/1251
f 1847/2854/1253 1859/2867/1265 1858/2866/1264 1846/2853/1252
f 1848/2855/1254 1860/2868/1266 1859/2867/1265 1847/2854/1253
f 1849/2856/1255 1861/2869/1267 1860/2868/1266 1848/2855/1254
f 1850/2857/1256 1862/2870/1268 1861/2869/1267 1849/2856/1255
f 1851/2858/1246 1863/2871/1258 1862/2870/1268 1850/2857/1256
o BezierKrzywa.001
v 0.447841 3.916986 1.991916
v 0.453005 3.920637 1.988264
v 0.460059 3.921973 1.986928
v 0.467112 3.920637 1.988264
v 0.472276 3.916986 1.991916
v 0.474166 3.911998 1.996904
v 0.472276 3.907010 2.001891
v 0.467112 3.903359 2.005543
v 0.460059 3.902022 2.006879
v 0.453005 3.903359 2.005543
v 0.447841 3.907010 2.001891
v 0.445951 3.911998 1.996904
v 0.447841 3.827582 1.916978
v 0.453005 3.830482 1.912705
v 0.460059 3.831544 1.911141
v 0.467112 3.830482 1.912705
v 0.472276 3.827582 1.916978
v 0.474166 3.823621 1.922814
v 0.472276 3.819659 1.928650
v 0.467112 3.816759 1.932923
v 0.460059 3.815697 1.934486
v 0.453005 3.816759 1.932923
v 0.447841 3.819659 1.928650
v 0.445951 3.823621 1.922814
v 0.447841 3.736680 1.867909
v 0.453005 3.738628 1.863126
v 0.460059 3.739341 1.861376
v 0.467112 3.738628 1.863126
v 0.472276 3.736680 1.867909
v 0.474166 3.734019 1.874441
v 0.472276 3.731358 1.880974
v 0.467112 3.729410 1.885756
v 0.460059 3.728697 1.887507
v 0.453005 3.729410 1.885756
v 0.447841 3.731358 1.880974
v 0.445951 3.734019 1.874441
v 0.447841 3.643237 1.841173
v 0.453005 3.644165 1.836093
v 0.460059 3.644505 1.834234
v 0.467112 3.644165 1.836093
v 0.472276 3.643237 1.841173
v 0.474166 3.641968 1.848112
v 0.472276 3.640700 1.855051
v 0.467112 3.639772 1.860130
v 0.460059 3.639432 1.861990
v 0.453005 3.639772 1.860130
v 0.447841 3.640700 1.855051
v 0.445951 3.641968 1.848112
v 0.447841 3.546301 1.833098
v 0.453005 3.546342 1.827935
v 0.460059 3.546358 1.826045
v 0.467112 3.546342 1.827935
v 0.472276 3.546301 1.833098
v 0.474166 3.546244 1.840152
v 0.472276 3.546187 1.847205
v 0.467112 3.546145 1.852369
v 0.460059 3.546130 1.854259
v 0.453005 3.546145 1.852369
v 0.447841 3.546187 1.847205
v 0.445951 3.546244 1.840152
v 0.447841 3.444805 1.839881
v 0.453005 3.444209 1.834751
v 0.460059 3.443990 1.832874
v 0.467112 3.444209 1.834751
v 0.472276 3.444805 1.839881
v 0.474166 3.445621 1.846887
v 0.472276 3.446436 1.853894
v 0.467112 3.447033 1.859023
v 0.460059 3.447251 1.860900
v 0.453005 3.447033 1.859023
v 0.447841 3.446436 1.853894
v 0.445951 3.445621 1.846887
v 0.447841 3.337538 1.857718
v 0.453005 3.336559 1.852648
v 0.460059 3.336200 1.850792
v 0.467112 3.336559 1.852648
v 0.472276 3.337538 1.857718
v 0.474166 3.338875 1.864644
v 0.472276 3.340212 1.871570
v 0.467112 3.341191 1.876640
v 0.460059 3.341549 1.878496
v 0.453005 3.341191 1.876640
v 0.447841 3.340212 1.871570
v 0.445951 3.338875 1.864644
v 0.447841 3.223217 1.882871
v 0.453005 3.222072 1.877835
v 0.460059 3.221653 1.875992
v 0.467112 3.222072 1.877835
v 0.472276 3.223217 1.882871
v 0.474166 3.224781 1.889749
v 0.472276 3.226344 1.896627
v 0.467112 3.227489 1.901663
v 0.460059 3.227908 1.903506
v 0.453005 3.227489 1.901663
v 0.447841 3.226344 1.896627
v 0.445951 3.224781 1.889749
v 0.447841 3.100560 1.911647
v 0.453005 3.099422 1.906610
v 0.460059 3.099005 1.904767
v 0.467112 3.099422 1.906610
v 0.472276 3.100560 1.911647
v 0.474166 3.102114 1.918528
v 0.472276 3.103669 1.925408
v 0.467112 3.104806 1.930445
v 0.460059 3.105223 1.932289
v 0.453005 3.104806 1.930445
v 0.447841 3.103669 1.925408
v 0.445951 3.102114 1.918528
v 0.447841 2.968294 1.940384
v 0.453005 2.967300 1.935317
v 0.460059 2.966937 1.933462
v 0.467112 2.967300 1.935317
v 0.472276 2.968294 1.940384
v 0.474166 2.969651 1.947306
v 0.472276 2.971008 1.954229
v 0.467112 2.972001 1.959296
v 0.460059 2.972365 1.961151
v 0.453005 2.972001 1.959296
v 0.447841 2.971008 1.954229
v 0.445951 2.969651 1.947306
v 0.447841 2.825158 1.965430
v 0.453005 2.824420 1.960319
v 0.460059 2.824150 1.958448
v 0.467112 2.824420 1.960319
v 0.472276 2.825158 1.965430
v 0.474166 2.826166 1.972411
v 0.472276 2.827173 1.979393
v 0.467112 2.827911 1.984503
v 0.460059 2.828182 1.986374
v 0.453005 2.827911 1.984503
v 0.447841 2.827173 1.979393
v 0.445951 2.826166 1.972411
v 0.447841 2.669894 1.983135
v 0.453005 2.669499 1.977986
v 0.460059 2.669354 1.976102
v 0.467112 2.669499 1.977986
v 0.472276 2.669894 1.983135
v 0.474166 2.670434 1.990168
v 0.472276 2.670975 1.997201
v 0.467112 2.671370 2.002350
v 0.460059 2.671515 2.004235
v 0.453005 2.671370 2.002350
v 0.447841 2.670975 1.997201
v 0.445951 2.670434 1.990168
v 0.447841 2.501232 1.989850
v 0.453005 2.501232 1.984686
v 0.460059 2.501232 1.982796
v 0.467113 2.501232 1.984686
v 0.472276 2.501232 1.989850
v 0.474166 2.501232 1.996904
v 0.472276 2.501232 2.003957
v 0.467113 2.501232 2.009121
v 0.460059 2.501232 2.011011
v 0.453005 2.501232 2.009121
v 0.447841 2.501232 2.003957
v 0.445951 2.501232 1.996904
vn -0.8588 0.3291 -0.3927
vn -0.8588 0.2877 -0.4239
vn -0.9999 0.0094 -0.0138
vn -0.9999 0.0093 -0.0111
vn -0.4922 0.5592 -0.6671
vn -0.4930 0.4886 -0.7199
vn -0.0000 0.6423 -0.7664
vn -0.0000 0.5615 -0.8275
vn 0.4922 0.5592 -0.6671
vn 0.4930 0.4886 -0.7199
vn 0.8588 0.3291 -0.3927
vn 0.8588 0.2877 -0.4239
vn 0.9999 0.0093 -0.0111
vn 0.9999 0.0094 -0.0138
vn 0.8714 -0.3152 0.3760
vn 0.8733 -0.2737 0.4031
vn 0.5047 -0.5547 0.6615
vn 0.5074 -0.4840 0.7129
vn -0.0000 -0.6426 0.7662
vn -0.0000 -0.5617 0.8273
vn -0.5047 -0.5547 0.6615
vn -0.5074 -0.4840 0.7129
vn -0.8714 -0.3152 0.3760
vn -0.8733 -0.2737 0.4031
vn -0.8584 0.1935 -0.4751
vn -0.9998 0.0067 -0.0165
vn -0.4926 0.3283 -0.8060
vn -0.0000 0.3773 -0.9261
vn 0.4926 0.3283 -0.8060
vn 0.8584 0.1935 -0.4751
vn 0.9998 0.0067 -0.0165
vn 0.8738 -0.1834 0.4503
vn 0.5080 -0.3249 0.7977
vn -0.0000 -0.3772 0.9261
vn -0.5080 -0.3249 0.7977
vn -0.8738 -0.1834 0.4503
vn -0.8591 0.0921 -0.5035
vn -0.9999 0.0029 -0.0158
vn -0.4932 0.1566 -0.8557
vn -0.0000 0.1800 -0.9837
vn 0.4932 0.1566 -0.8557
vn 0.8591 0.0921 -0.5035
vn 0.9999 0.0029 -0.0158
vn 0.8730 -0.0876 0.4797
vn 0.5072 -0.1548 0.8478
vn -0.0000 -0.1796 0.9837
vn -0.5072 -0.1548 0.8478
vn -0.8730 -0.0876 0.4797
vn -0.8607 0.0042 -0.5092
vn -0.9999 0.0001 -0.0123
vn -0.4947 0.0072 -0.8690
vn -0.0000 0.0083 -1.0000
vn 0.4947 0.0072 -0.8690
vn 0.8607 0.0042 -0.5092
vn 0.9999 0.0001 -0.0123
vn 0.8713 -0.0039 0.4907
vn 0.5054 -0.0068 0.8629
vn -0.0000 -0.0078 1.0000
vn -0.5054 -0.0068 0.8629
vn -0.8713 -0.0039 0.4907
vn -0.8625 -0.0584 -0.5027
vn -1.0000 -0.0009 -0.0080
vn -0.4965 -0.1002 -0.8622
vn -0.0000 -0.1154 -0.9933
vn 0.4965 -0.1002 -0.8622
vn 0.8625 -0.0584 -0.5027
vn 1.0000 -0.0009 -0.0080
vn 0.8695 0.0571 0.4906
vn 0.5035 0.1000 0.8582
vn -0.0000 0.1157 0.9933
vn -0.5035 0.1000 0.8582
vn -0.8695 0.0571 0.4906
vn -0.8642 -0.0954 -0.4941
vn -1.0000 -0.0008 -0.0042
vn -0.4981 -0.1643 -0.8514
vn -0.0000 -0.1895 -0.9819
vn 0.4981 -0.1643 -0.8514
vn 0.8642 -0.0954 -0.4941
vn 1.0000 -0.0008 -0.0042
vn 0.8678 0.0942 0.4878
vn 0.5018 0.1640 0.8493
vn -0.0000 0.1896 0.9819
vn -0.5018 0.1640 0.8493
vn -0.8678 0.0942 0.4878
vn -0.8655 -0.1110 -0.4884
vn -1.0000 -0.0003 -0.0011
vn -0.4995 -0.1920 -0.8448
vn -0.0000 -0.2216 -0.9751
vn 0.4995 -0.1920 -0.8448
vn 0.8655 -0.1110 -0.4884
vn 1.0000 -0.0003 -0.0011
vn 0.8665 0.1106 0.4868
vn 0.5005 0.1919 0.8442
vn -0.0000 0.2217 0.9751
vn -0.5005 0.1919 0.8442
vn -0.8665 0.1106 0.4868
vn -0.8666 -0.1100 -0.4867
vn -1.0000 0.0003 0.0013
vn -0.5006 -0.1908 -0.8444
vn -0.0000 -0.2204 -0.9754
vn 0.5006 -0.1908 -0.8444
vn 0.8666 -0.1100 -0.4867
vn 1.0000 0.0003 0.0013
vn 0.8654 0.1104 0.4887
vn 0.4994 0.1909 0.8451
vn -0.0000 0.2204 0.9754
vn -0.4994 0.1909 0.8451
vn -0.8654 0.1104 0.4887
vn -0.8675 -0.0957 -0.4882
vn -1.0000 0.0006 0.0033
vn -0.5014 -0.1664 -0.8490
vn -0.0000 -0.1924 -0.9813
vn 0.5014 -0.1664 -0.8490
vn 0.8675 -0.0957 -0.4882
vn 1.0000 0.0006 0.0033
vn 0.8646 0.0967 0.4931
vn 0.4985 0.1667 0.8507
vn -0.0000 0.1923 0.9813
vn -0.4985 0.1667 0.8507
vn -0.8646 0.0967 0.4931
vn -0.8682 -0.0709 -0.4912
vn -1.0000 0.0007 0.0049
vn -0.5021 -0.1236 -0.8559
vn -0.0000 -0.1429 -0.9897
vn 0.5021 -0.1236 -0.8559
vn 0.8682 -0.0709 -0.4912
vn 1.0000 0.0007 0.0049
vn 0.8639 0.0720 0.4985
vn 0.4979 0.1239 0.8583
vn -0.0000 0.1429 0.9897
vn -0.4979 0.1239 0.8583
vn -0.8639 0.0720 0.4985
vn -0.8687 -0.0379 -0.4939
vn -1.0000 0.0005 0.0061
vn -0.5027 -0.0662 -0.8619
vn -0.0000 -0.0766 -0.9971
vn 0.5027 -0.0662 -0.8619
vn 0.8687 -0.0379 -0.4939
vn 1.0000 0.0005 0.0061
vn 0.8634 0.0386 0.5030
vn 0.4974 0.0664 0.8650
vn -0.0000 0.0766 0.9971
vn -0.4974 0.0664 0.8650
vn -0.8634 0.0386 0.5030
vn -0.8687 -0.0197 -0.4949
vn -1.0000 0.0003 0.0066
vn -0.5026 -0.0344 -0.8638
vn -0.0000 -0.0398 -0.9992
vn 0.5026 -0.0344 -0.8638
vn 0.8687 -0.0197 -0.4949
vn 1.0000 0.0003 0.0066
vn 0.8630 0.0201 0.5048
vn 0.4969 0.0345 0.8671
vn -0.0000 0.0398 0.9992
vn -0.4969 0.0345 0.8671
vn -0.8630 0.0201 0.5048
vt 0.000000 1.000000
vt 0.000000 0.000000
vt 0.000000 0.083333
vt 0.000000 0.166667
vt 0.000000 0.250000
vt 0.000000 0.333333
vt 0.000000 0.416667
vt 0.000000 0.500000
vt 0.000000 0.583333
vt 0.000000 0.666667
vt 0.000000 0.750000
vt 0.000000 0.833333
vt 0.000000 0.916667
vt 0.083333 1.000000
vt 0.083333 0.000000
vt 0.083333 0.083333
vt 0.083333 0.166667
vt 0.083333 0.250000
vt 0.083333 0.333333
vt 0.083333 0.416667
vt 0.083333 0.500000
vt 0.083333 0.583333
vt 0.083333 0.666667
vt 0.083333 0.750000
vt 0.083333 0.833333
vt 0.083333 0.916667
vt 0.166667 1.000000
vt 0.166667 0.000000
vt 0.166667 0.083333
vt 0.166667 0.166667
vt 0.166667 0.250000
vt 0.166667 0.333333
vt 0.166667 0.416667
vt 0.166667 0.500000
vt 0.166667 0.583333
vt 0.166667 0.666667
vt 0.166667 0.750000
vt 0.166667 0.833333
vt 0.166667 0.916667
vt 0.250000 1.000000
vt 0.250000 0.000000
vt 0.250000 0.083333
vt 0.250000 0.166667
vt 0.250000 0.250000
vt 0.250000 0.333333
vt 0.250000 0.416667
vt 0.250000 0.500000
vt 0.250000 0.583333
vt 0.250000 0.666667
vt 0.250000 0.750000
vt 0.250000 0.833333
vt 0.250000 0.916667
vt 0.333333 1.000000
vt 0.333333 0.000000
vt 0.333333 0.083333
vt 0.333333 0.166667
vt 0.333333 0.250000
vt 0.333333 0.333333
vt 0.333333 0.416667
vt 0.333333 0.500000
vt 0.333333 0.583333
vt 0.333333 0.666667
vt 0.333333 0.750000
vt 0.333333 0.833333
vt 0.333333 0.916667
vt 0.416667 1.000000
vt 0.416667 0.000000
vt 0.416667 0.083333
vt 0.416667 0.166667
vt 0.416667 0.250000
vt 0.416667 0.333333
vt 0.416667 0.416667
vt 0.416667 0.500000
vt 0.416667 0.583333
vt 0.416667 0.666667
vt 0.416667 0.750000
vt 0.416667 0.833333
vt 0.416667 0.916667
vt 0.500000 1.000000
vt 0.500000 0.000000
vt 0.500000 0.083333
vt 0.500000 0.166667
vt 0.500000 0.250000
vt 0.500000 0.333333
vt 0.500000 0.416667
vt 0.500000 0.500000
vt 0.500000 0.583333
vt 0.500000 0.666667
vt 0.500000 0.750000
vt 0.500000 0.833333
vt 0.500000 0.916667
vt 0.583333 1.000000
vt 0.583333 0.000000
vt 0.583333 0.083333
vt 0.583333 0.166667
vt 0.583333 0.250000
vt 0.583333 0.333333
vt 0.583333 0.416667
vt 0.583333 0.500000
vt 0.583333 0.583333
vt 0.583333 0.666667
vt 0.583333 0.750000
vt 0.583333 0.833333
vt 0.583333 0.916667
vt 0.666667 1.000000
vt 0.666667 0.000000
vt 0.666667 0.083333
vt 0.666667 0.166667
vt 0.666667 0.250000
vt 0.666667 0.333333
vt 0.666667 0.416667
vt 0.666667 0.500000
vt 0.666667 0.583333
vt 0.666667 0.666667
vt 0.666667 0.750000
vt 0.666667 0.833333
vt 0.666667 0.916667
vt 0.750000 1.000000
vt 0.750000 0.000000
vt 0.750000 0.083333
vt 0.750000 0.166667
vt 0.750000 0.250000
vt 0.750000 0.333333
vt 0.750000 0.416667
vt 0.750000 0.500000
vt 0.750000 0.583333
vt 0.750000 0.666667
vt 0.750000 0.750000
vt 0.750000 0.833333
vt 0.750000 0.916667
vt 0.833333 1.000000
vt 0.833333 0.000000
vt 0.833333 0.083333
vt 0.833333 0.166667
vt 0.833333 0.250000
vt 0.833333 0.333333
vt 0.833333 0.416667
vt 0.833333 0.500000
vt 0.833333 0.583333
vt 0.833333 0.666667
vt 0.833333 0.750000
vt 0.833333 0.833333
vt 0.833333 0.916667
vt 0.916667 1.000000
vt 0.916667 0.000000
vt 0.916667 0.083333
vt 0.916667 0.166667
vt 0.916667 0.250000
vt 0.916667 0.333333
vt 0.916667 0.416667
vt 0.916667 0.500000
vt 0.916667 0.583333
vt 0.916667 0.666667
vt 0.916667 0.750000
vt 0.916667 0.833333
vt 0.916667 0.916667
vt 1.000000 1.000000
vt 1.000000 0.000000
vt 1.000000 0.083333
vt 1.000000 0.166667
vt 1.000000 0.250000
vt 1.000000 0.333333
vt 1.000000 0.416667
vt 1.000000 0.500000
vt 1.000000 0.583333
vt 1.000000 0.666667
vt 1.000000 0.750000
vt 1.000000 0.833333
vt 1.000000 0.916667
s 1
f 1864/2872/1269 1876/2885/1270 1887/2897/1271 1875/2884/1272
f 1865/2874/1273 1877/2887/1274 1876/2886/1270 1864/2873/1269
f 1866/2875/1275 1878/2888/1276 1877/2887/1274 1865/2874/1273
f 1867/2876/1277 1879/2889/1278 1878/2888/1276 1866/2875/1275
f 1868/2877/1279 1880/2890/1280 1879/2889/1278 1867/2876/1277
f 1869/2878/1281 1881/2891/1282 1880/2890/1280 1868/2877/1279
f 1870/2879/1283 1882/2892/1284 1881/2891/1282 1869/2878/1281
f 1871/2880/1285 1883/2893/1286 1882/2892/1284 1870/2879/1283
f 1872/2881/1287 1884/2894/1288 1883/2893/1286 1871/2880/1285
f 1873/2882/1289 1885/2895/1290 1884/2894/1288 1872/2881/1287
f 1874/2883/1291 1886/2896/1292 1885/2895/1290 1873/2882/1289
f 1875/2884/1272 1887/2897/1271 1886/2896/1292 1874/2883/1291
f 1876/2885/1270 1888/2898/1293 1899/2910/1294 1887/2897/1271
f 1877/2887/1274 1889/2900/1295 1888/2899/1293 1876/2886/1270
f 1878/2888/1276 1890/2901/1296 1889/2900/1295 1877/2887/1274
f 1879/2889/1278 1891/2902/1297 1890/2901/1296 1878/2888/1276
f 1880/2890/1280 1892/2903/1298 1891/2902/1297 1879/2889/1278
f 1881/2891/1282 1893/2904/1299 1892/2903/1298 1880/2890/1280
f 1882/2892/1284 1894/2905/1300 1893/2904/1299 1881/2891/1282
f 1883/2893/1286 1895/2906/1301 1894/2905/1300 1882/2892/1284
f 1884/2894/1288 1896/2907/1302 1895/2906/1301 1883/2893/1286
f 1885/2895/1290 1897/2908/1303 1896/2907/1302 1884/2894/1288
f 1886/2896/1292 1898/2909/1304 1897/2908/1303 1885/2895/1290
f 1887/2897/1271 1899/2910/1294 1898/2909/1304 1886/2896/1292
f 1888/2898/1293 1900/2911/1305 1911/2923/1306 1899/2910/1294
f 1889/2900/1295 1901/2913/1307 1900/2912/1305 1888/2899/1293
f 1890/2901/1296 1902/2914/1308 1901/2913/1307 1889/2900/1295
f 1891/2902/1297 1903/2915/1309 1902/2914/1308 1890/2901/1296
f 1892/2903/1298 1904/2916/1310 1903/2915/1309 1891/2902/1297
f 1893/2904/1299 1905/2917/1311 1904/2916/1310 1892/2903/1298
f 1894/2905/1300 1906/2918/1312 1905/2917/1311 1893/2904/1299
f 1895/2906/1301 1907/2919/1313 1906/2918/1312 1894/2905/1300
f 1896/2907/1302 1908/2920/1314 1907/2919/1313 1895/2906/1301
f 1897/2908/1303 1909/2921/1315 1908/2920/1314 1896/2907/1302
f 1898/2909/1304 1910/2922/1316 1909/2921/1315 1897/2908/1303
f 1899/2910/1294 1911/2923/1306 1910/2922/1316 1898/2909/1304
f 1900/2911/1305 1912/2924/1317 1923/2936/1318 1911/2923/1306
f 1901/2913/1307 1913/2926/1319 1912/2925/1317 1900/2912/1305
f 1902/2914/1308 1914/2927/1320 1913/2926/1319 1901/2913/1307
f 1903/2915/1309 1915/2928/1321 1914/2927/1320 1902/2914/1308
f 1904/2916/1310 1916/2929/1322 1915/2928/1321 1903/2915/1309
f 1905/2917/1311 1917/2930/1323 1916/2929/1322 1904/2916/1310
f 1906/2918/1312 1918/2931/1324 1917/2930/1323 1905/2917/1311
f 1907/2919/1313 1919/2932/1325 1918/2931/1324 1906/2918/1312
f 1908/2920/1314 1920/2933/1326 1919/2932/1325 1907/2919/1313
f 1909/2921/1315 1921/2934/1327 1920/2933/1326 1908/2920/1314
f 1910/2922/1316 1922/2935/1328 1921/2934/1327 1909/2921/1315
f 1911/2923/1306 1923/2936/1318 1922/2935/1328 1910/2922/1316
f 1912/2924/1317 1924/2937/1329 1935/2949/1330 1923/2936/1318
f 1913/2926/1319 1925/2939/1331 1924/2938/1329 1912/2925/1317
f 1914/2927/1320 1926/2940/1332 1925/2939/1331 1913/2926/1319
f 1915/2928/1321 1927/2941/1333 1926/2940/1332 1914/2927/1320
f 1916/2929/1322 1928/2942/1334 1927/2941/1333 1915/2928/1321
f 1917/2930/1323 1929/2943/1335 1928/2942/1334 1916/2929/1322
f 1918/2931/1324 1930/2944/1336 1929/2943/1335 1917/2930/1323
f 1919/2932/1325 1931/2945/1337 1930/2944/1336 1918/2931/1324
f 1920/2933/1326 1932/2946/1338 1931/2945/1337 1919/2932/1325
f 1921/2934/1327 1933/2947/1339 1932/2946/1338 1920/2933/1326
f 1922/2935/1328 1934/2948/1340 1933/2947/1339 1921/2934/1327
f 1923/2936/1318 1935/2949/1330 1934/2948/1340 1922/2935/1328
f 1924/2937/1329 1936/2950/1341 1947/2962/1342 1935/2949/1330
f 1925/2939/1331 1937/2952/1343 1936/2951/1341 1924/2938/1329
f 1926/2940/1332 1938/2953/1344 1937/2952/1343 1925/2939/1331
f 1927/2941/1333 1939/2954/1345 1938/2953/1344 1926/2940/1332
f 1928/2942/1334 1940/2955/1346 1939/2954/1345 1927/2941/1333
f 1929/2943/1335 1941/2956/1347 1940/2955/1346 1928/2942/1334
f 1930/2944/1336 1942/2957/1348 1941/2956/1347 1929/2943/1335
f 1931/2945/1337 1943/2958/1349 1942/2957/1348 1930/2944/1336
f 1932/2946/1338 1944/2959/1350 1943/2958/1349 1931/2945/1337
f 1933/2947/1339 1945/2960/1351 1944/2959/1350 1932/2946/1338
f 1934/2948/1340 1946/2961/1352 1945/2960/1351 1933/2947/1339
f 1935/2949/1330 1947/2962/1342 1946/2961/1352 1934/2948/1340
f 1936/2950/1341 1948/2963/1353 1959/2975/1354 1947/2962/1342
f 1937/2952/1343 1949/2965/1355 1948/2964/1353 1936/2951/1341
f 1938/2953/1344 1950/2966/1356 1949/2965/1355 1937/2952/1343
f 1939/2954/1345 1951/2967/1357 1950/2966/1356 1938/2953/1344
f 1940/2955/1346 1952/2968/1358 1951/2967/1357 1939/2954/1345
f 1941/2956/1347 1953/2969/1359 1952/2968/1358 1940/2955/1346
f 1942/2957/1348 1954/2970/1360 1953/2969/1359 1941/2956/1347
f 1943/2958/1349 1955/2971/1361 1954/2970/1360 1942/2957/1348
f 1944/2959/1350 1956/2972/1362 1955/2971/1361 1943/2958/1349
f 1945/2960/1351 1957/2973/1363 1956/2972/1362 1944/2959/1350
f 1946/2961/1352 1958/2974/1364 1957/2973/1363 1945/2960/1351
f 1947/2962/1342 1959/2975/1354 1958/2974/1364 1946/2961/1352
f 1948/2963/1353 1960/2976/1365 1971/2988/1366 1959/2975/1354
f 1949/2965/1355 1961/2978/1367 1960/2977/1365 1948/2964/1353
f 1950/2966/1356 1962/2979/1368 1961/2978/1367 1949/2965/1355
f 1951/2967/1357 1963/2980/1369 1962/2979/1368 1950/2966/1356
f 1952/2968/1358 1964/2981/1370 1963/2980/1369 1951/2967/1357
f 1953/2969/1359 1965/2982/1371 1964/2981/1370 1952/2968/1358
f 1954/2970/1360 1966/2983/1372 1965/2982/1371 1953/2969/1359
f 1955/2971/1361 1967/2984/1373 1966/2983/1372 1954/2970/1360
f 1956/2972/1362 1968/2985/1374 1967/2984/1373 1955/2971/1361
f 1957/2973/1363 1969/2986/1375 1968/2985/1374 1956/2972/1362
f 1958/2974/1364 1970/2987/1376 1969/2986/1375 1957/2973/1363
f 1959/2975/1354 1971/2988/1366 1970/2987/1376 1958/2974/1364
f 1960/2976/1365 1972/2989/1377 1983/3001/1378 1971/2988/1366
f 1961/2978/1367 1973/2991/1379 1972/2990/1377 1960/2977/1365
f 1962/2979/1368 1974/2992/1380 1973/2991/1379 1961/2978/1367
f 1963/2980/1369 1975/2993/1381 1974/2992/1380 1962/2979/1368
f 1964/2981/1370 1976/2994/1382 1975/2993/1381 1963/2980/1369
f 1965/2982/1371 1977/2995/1383 1976/2994/1382 1964/2981/1370
f 1966/2983/1372 1978/2996/1384 1977/2995/1383 1965/2982/1371
f 1967/2984/1373 1979/2997/1385 1978/2996/1384 1966/2983/1372
f 1968/2985/1374 1980/2998/1386 1979/2997/1385 1967/2984/1373
f 1969/2986/1375 1981/2999/1387 1980/2998/1386 1968/2985/1374
f 1970/2987/1376 1982/3000/1388 1981/2999/1387 1969/2986/1375
f 1971/2988/1366 1983/3001/1378 1982/3000/1388 1970/2987/1376
f 1972/2989/1377 1984/3002/1389 1995/3014/1390 1983/3001/1378
f 1973/2991/1379 1985/3004/1391 1984/3003/1389 1972/2990/1377
f 1974/2992/1380 1986/3005/1392 1985/3004/1391 1973/2991/1379
f 1975/2993/1381 1987/3006/1393 1986/3005/1392 1974/2992/1380
f 1976/2994/1382 1988/3007/1394 1987/3006/1393 1975/2993/1381
f 1977/2995/1383 1989/3008/1395 1988/3007/1394 1976/2994/1382
f 1978/2996/1384 1990/3009/1396 1989/3008/1395 1977/2995/1383
f 1979/2997/1385 1991/3010/1397 1990/3009/1396 1978/2996/1384
f 1980/2998/1386 1992/3011/1398 1991/3010/1397 1979/2997/1385
f 1981/2999/1387 1993/3012/1399 1992/3011/1398 1980/2998/1386
f 1982/3000/1388 1994/3013/1400 1993/3012/1399 1981/2999/1387
f 1983/3001/1378 1995/3014/1390 1994/3013/1400 1982/3000/1388
f 1984/3002/1389 1996/3015/1401 2007/3027/1402 1995/3014/1390
f 1985/3004/1391 1997/3017/1403 1996/3016/1401 1984/3003/1389
f 1986/3005/1392 1998/3018/1404 1997/3017/1403 1985/3004/1391
f 1987/3006/1393 1999/3019/1405 1998/3018/1404 1986/3005/1392
f 1988/3007/1394 2000/3020/1406 1999/3019/1405 1987/3006/1393
f 1989/3008/1395 2001/3021/1407 2000/3020/1406 1988/3007/1394
f 1990/3009/1396 2002/3022/1408 2001/3021/1407 1989/3008/1395
f 1991/3010/1397 2003/3023/1409 2002/3022/1408 1990/3009/1396
f 1992/3011/1398 2004/3024/1410 2003/3023/1409 1991/3010/1397
f 1993/3012/1399 2005/3025/1411 2004/3024/1410 1992/3011/1398
f 1994/3013/1400 2006/3026/1412 2005/3025/1411 1993/3012/1399
f 1995/3014/1390 2007/3027/1402 2006/3026/1412 1994/3013/1400
f 1996/3015/1401 2008/3028/1413 2019/3040/1414 2007/3027/1402
f 1997/3017/1403 2009/3030/1415 2008/3029/1413 1996/3016/1401
f 1998/3018/1404 2010/3031/1416 2009/3030/1415 1997/3017/1403
f 1999/3019/1405 2011/3032/1417 2010/3031/1416 1998/3018/1404
f 2000/3020/1406 2012/3033/1418 2011/3032/1417 1999/3019/1405
f 2001/3021/1407 2013/3034/1419 2012/3033/1418 2000/3020/1406
f 2002/3022/1408 2014/3035/1420 2013/3034/1419 2001/3021/1407
f 2003/3023/1409 2015/3036/1421 2014/3035/1420 2002/3022/1408
f 2004/3024/1410 2016/3037/1422 2015/3036/1421 2003/3023/1409
f 2005/3025/1411 2017/3038/1423 2016/3037/1422 2004/3024/1410
f 2006/3026/1412 2018/3039/1424 2017/3038/1423 2005/3025/1411
f 2007/3027/1402 2019/3040/1414 2018/3039/1424 2006/3026/1412
o BezierKrzywa.001
v 0.447841 3.916986 1.991916
v 0.453005 3.920637 1.988264
v 0.460059 3.921973 1.986928
v 0.467112 3.920637 1.988264
v 0.472276 3.916986 1.991916
v 0.474166 3.911998 1.996904
v 0.472276 3.907010 2.001891
v 0.467112 3.903359 2.005543
v 0.460059 3.902022 2.006879
v 0.453005 3.903359 2.005543
v 0.447841 3.907010 2.001891
v 0.445951 3.911998 1.996904
v 0.447841 3.827582 1.916978
v 0.453005 3.830482 1.912705
v 0.460059 3.831544 1.911141
v 0.467112 3.830482 1.912705
v 0.472276 3.827582 1.916978
v 0.474166 3.823621 1.922814
v 0.472276 3.819659 1.928650
v 0.467112 3.816759 1.932923
v 0.460059 3.815697 1.934486
v 0.453005 3.816759 1.932923
v 0.447841 3.819659 1.928650
v 0.445951 3.823621 1.922814
v 0.447841 3.736680 1.867909
v 0.453005 3.738628 1.863126
v 0.460059 3.739341 1.861376
v 0.467112 3.738628 1.863126
v 0.472276 3.736680 1.867909
v 0.474166 3.734019 1.874441
v 0.472276 3.731358 1.880974
v 0.467112 3.729410 1.885756
v 0.460059 3.728697 1.887507
v 0.453005 3.729410 1.885756
v 0.447841 3.731358 1.880974
v 0.445951 3.734019 1.874441
v 0.447841 3.643237 1.841173
v 0.453005 3.644165 1.836093
v 0.460059 3.644505 1.834234
v 0.467112 3.644165 1.836093
v 0.472276 3.643237 1.841173
v 0.474166 3.641968 1.848112
v 0.472276 3.640700 1.855051
v 0.467112 3.639772 1.860130
v 0.460059 3.639432 1.861990
v 0.453005 3.639772 1.860130
v 0.447841 3.640700 1.855051
v 0.445951 3.641968 1.848112
v 0.447841 3.546301 1.833098
v 0.453005 3.546342 1.827935
v 0.460059 3.546358 1.826045
v 0.467112 3.546342 1.827935
v 0.472276 3.546301 1.833098
v 0.474166 3.546244 1.840152
v 0.472276 3.546187 1.847205
v 0.467112 3.546145 1.852369
v 0.460059 3.546130 1.854259
v 0.453005 3.546145 1.852369
v 0.447841 3.546187 1.847205
v 0.445951 3.546244 1.840152
v 0.447841 3.444805 1.839881
v 0.453005 3.444209 1.834751
v 0.460059 3.443990 1.832874
v 0.467112 3.444209 1.834751
v 0.472276 3.444805 1.839881
v 0.474166 3.445621 1.846887
v 0.472276 3.446436 1.853894
v 0.467112 3.447033 1.859023
v 0.460059 3.447251 1.860900
v 0.453005 3.447033 1.859023
v 0.447841 3.446436 1.853894
v 0.445951 3.445621 1.846887
v 0.447841 3.337538 1.857718
v 0.453005 3.336559 1.852648
v 0.460059 3.336200 1.850792
v 0.467112 3.336559 1.852648
v 0.472276 3.337538 1.857718
v 0.474166 3.338875 1.864644
v 0.472276 3.340212 1.871570
v 0.467112 3.341191 1.876640
v 0.460059 3.341549 1.878496
v 0.453005 3.341191 1.876640
v 0.447841 3.340212 1.871570
v 0.445951 3.338875 1.864644
v 0.447841 3.223217 1.882871
v 0.453005 3.222072 1.877835
v 0.460059 3.221653 1.875992
v 0.467112 3.222072 1.877835
v 0.472276 3.223217 1.882871
v 0.474166 3.224781 1.889749
v 0.472276 3.226344 1.896627
v 0.467112 3.227489 1.901663
v 0.460059 3.227908 1.903506
v 0.453005 3.227489 1.901663
v 0.447841 3.226344 1.896627
v 0.445951 3.224781 1.889749
v 0.447841 3.100560 1.911647
v 0.453005 3.099422 1.906610
v 0.460059 3.099005 1.904767
v 0.467112 3.099422 1.906610
v 0.472276 3.100560 1.911647
v 0.474166 3.102114 1.918528
v 0.472276 3.103669 1.925408
v 0.467112 3.104806 1.930445
v 0.460059 3.105223 1.932289
v 0.453005 3.104806 1.930445
v 0.447841 3.103669 1.925408
v 0.445951 3.102114 1.918528
v 0.447841 2.968294 1.940384
v 0.453005 2.967300 1.935317
v 0.460059 2.966937 1.933462
v 0.467112 2.967300 1.935317
v 0.472276 2.968294 1.940384
v 0.474166 2.969651 1.947306
v 0.472276 2.971008 1.954229
v 0.467112 2.972001 1.959296
v 0.460059 2.972365 1.961151
v 0.453005 2.972001 1.959296
v 0.447841 2.971008 1.954229
v 0.445951 2.969651 1.947306
v 0.447841 2.825158 1.965430
v 0.453005 2.824420 1.960319
v 0.460059 2.824150 1.958448
v 0.467112 2.824420 1.960319
v 0.472276 2.825158 1.965430
v 0.474166 2.826166 1.972411
v 0.472276 2.827173 1.979393
v 0.467112 2.827911 1.984503
v 0.460059 2.828182 1.986374
v 0.453005 2.827911 1.984503
v 0.447841 2.827173 1.979393
v 0.445951 2.826166 1.972411
v 0.447841 2.669894 1.983135
v 0.453005 2.669499 1.977986
v 0.460059 2.669354 1.976102
v 0.467112 2.669499 1.977986
v 0.472276 2.669894 1.983135
v 0.474166 2.670434 1.990168
v 0.472276 2.670975 1.997201
v 0.467112 2.671370 2.002350
v 0.460059 2.671515 2.004235
v 0.453005 2.671370 2.002350
v 0.447841 2.670975 1.997201
v 0.445951 2.670434 1.990168
v 0.447841 2.501232 1.989850
v 0.453005 2.501232 1.984686
v 0.460059 2.501232 1.982796
v 0.467113 2.501232 1.984686
v 0.472276 2.501232 1.989850
v 0.474166 2.501232 1.996904
v 0.472276 2.501232 2.003957
v 0.467113 2.501232 2.009121
v 0.460059 2.501232 2.011011
v 0.453005 2.501232 2.009121
v 0.447841 2.501232 2.003957
v 0.445951 2.501232 1.996904
vn -0.8588 0.3291 -0.3927
vn -0.8588 0.2877 -0.4239
vn -0.9999 0.0094 -0.0138
vn -0.9999 0.0093 -0.0111
vn -0.4922 0.5592 -0.6671
vn -0.4930 0.4886 -0.7199
vn -0.0000 0.6423 -0.7664
vn -0.0000 0.5615 -0.8275
vn 0.4922 0.5592 -0.6671
vn 0.4930 0.4886 -0.7199
vn 0.8588 0.3291 -0.3927
vn 0.8588 0.2877 -0.4239
vn 0.9999 0.0093 -0.0111
vn 0.9999 0.0094 -0.0138
vn 0.8714 -0.3152 0.3760
vn 0.8733 -0.2737 0.4031
vn 0.5047 -0.5547 0.6615
vn 0.5074 -0.4840 0.7129
vn -0.0000 -0.6426 0.7662
vn -0.0000 -0.5617 0.8273
vn -0.5047 -0.5547 0.6615
vn -0.5074 -0.4840 0.7129
vn -0.8714 -0.3152 0.3760
vn -0.8733 -0.2737 0.4031
vn -0.8584 0.1935 -0.4751
vn -0.9998 0.0067 -0.0165
vn -0.4926 0.3283 -0.8060
vn -0.0000 0.3773 -0.9261
vn 0.4926 0.3283 -0.8060
vn 0.8584 0.1935 -0.4751
vn 0.9998 0.0067 -0.0165
vn 0.8738 -0.1834 0.4503
vn 0.5080 -0.3249 0.7977
vn -0.0000 -0.3772 0.9261
vn -0.5080 -0.3249 0.7977
vn -0.8738 -0.1834 0.4503
vn -0.8591 0.0921 -0.5035
vn -0.9999 0.0029 -0.0158
vn -0.4932 0.1566 -0.8557
vn -0.0000 0.1800 -0.9837
vn 0.4932 0.1566 -0.8557
vn 0.8591 0.0921 -0.5035
vn 0.9999 0.0029 -0.0158
vn 0.8730 -0.0876 0.4797
vn 0.5072 -0.1548 0.8478
vn -0.0000 -0.1796 0.9837
vn -0.5072 -0.1548 0.8478
vn -0.8730 -0.0876 0.4797
vn -0.8607 0.0042 -0.5092
vn -0.9999 0.0001 -0.0123
vn -0.4947 0.0072 -0.8690
vn -0.0000 0.0083 -1.0000
vn 0.4947 0.0072 -0.8690
vn 0.8607 0.0042 -0.5092
vn 0.9999 0.0001 -0.0123
vn 0.8713 -0.0039 0.4907
vn 0.5054 -0.0068 0.8629
vn -0.0000 -0.0078 1.0000
vn -0.5054 -0.0068 0.8629
vn -0.8713 -0.0039 0.4907
vn -0.8625 -0.0584 -0.5027
vn -1.0000 -0.0009 -0.0080
vn -0.4965 -0.1002 -0.8622
vn -0.0000 -0.1154 -0.9933
vn 0.4965 -0.1002 -0.8622
vn 0.8625 -0.0584 -0.5027
vn 1.0000 -0.0009 -0.0080
vn 0.8695 0.0571 0.4906
vn 0.5035 0.1000 0.8582
vn -0.0000 0.1157 0.9933
vn -0.5035 0.1000 0.8582
vn -0.8695 0.0571 0.4906
vn -0.8642 -0.0954 -0.4941
vn -1.0000 -0.0008 -0.0042
vn -0.4981 -0.1643 -0.8514
vn -0.0000 -0.1895 -0.9819
vn 0.4981 -0.1643 -0.8514
vn 0.8642 -0.0954 -0.4941
vn 1.0000 -0.0008 -0.0042
vn 0.8678 0.0942 0.4878
vn 0.5018 0.1640 0.8493
vn -0.0000 0.1896 0.9819
vn -0.5018 0.1640 0.8493
vn -0.8678 0.0942 0.4878
vn -0.8655 -0.1110 -0.4884
vn -1.0000 -0.0003 -0.0011
vn -0.4995 -0.1920 -0.8448
vn -0.0000 -0.2216 -0.9751
vn 0.4995 -0.1920 -0.8448
vn 0.8655 -0.1110 -0.4884
vn 1.0000 -0.0003 -0.0011
vn 0.8665 0.1106 0.4868
vn 0.5005 0.1919 0.8442
vn -0.0000 0.2217 0.9751
vn -0.5005 0.1919 0.8442
vn -0.8665 0.1106 0.4868
vn -0.8666 -0.1100 -0.4867
vn -1.0000 0.0003 0.0013
vn -0.5006 -0.1908 -0.8444
vn -0.0000 -0.2204 -0.9754
vn 0.5006 -0.1908 -0.8444
vn 0.8666 -0.1100 -0.4867
vn 1.0000 0.0003 0.0013
vn 0.8654 0.1104 0.4887
vn 0.4994 0.1909 0.8451
vn -0.0000 0.2204 0.9754
vn -0.4994 0.1909 0.8451
vn -0.8654 0.1104 0.4887
vn -0.8675 -0.0957 -0.4882
vn -1.0000 0.0006 0.0033
vn -0.5014 -0.1664 -0.8490
vn -0.0000 -0.1924 -0.9813
vn 0.5014 -0.1664 -0.8490
vn 0.8675 -0.0957 -0.4882
vn 1.0000 0.0006 0.0033
vn 0.8646 0.0967 0.4931
vn 0.4985 0.1667 0.8507
vn -0.0000 0.1923 0.9813
vn -0.4985 0.1667 0.8507
vn -0.8646 0.0967 0.4931
vn -0.8682 -0.0709 -0.4912
vn -1.0000 0.0007 0.0049
vn -0.5021 -0.1236 -0.8559
vn -0.0000 -0.1429 -0.9897
vn 0.5021 -0.1236 -0.8559
vn 0.8682 -0.0709 -0.4912
vn 1.0000 0.0007 0.0049
vn 0.8639 0.0720 0.4985
vn 0.4979 0.1239 0.8583
vn -0.0000 0.1429 0.9897
vn -0.4979 0.1239 0.8583
vn -0.8639 0.0720 0.4985
vn -0.8687 -0.0379 -0.4939
vn -1.0000 0.0005 0.0061
vn -0.5027 -0.0662 -0.8619
vn -0.0000 -0.0766 -0.9971
vn 0.5027 -0.0662 -0.8619
vn 0.8687 -0.0379 -0.4939
vn 1.0000 0.0005 0.0061
vn 0.8634 0.0386 0.5030
vn 0.4974 0.0664 0.8650
vn -0.0000 0.0766 0.9971
vn -0.4974 0.0664 0.8650
vn -0.8634 0.0386 0.5030
vn -0.8687 -0.0197 -0.4949
vn -1.0000 0.0003 0.0066
vn -0.5026 -0.0344 -0.8638
vn -0.0000 -0.0398 -0.9992
vn 0.5026 -0.0344 -0.8638
vn 0.8687 -0.0197 -0.4949
vn 1.0000 0.0003 0.0066
vn 0.8630 0.0201 0.5048
vn 0.4969 0.0345 0.8671
vn -0.0000 0.0398 0.9992
vn -0.4969 0.0345 0.8671
vn -0.8630 0.0201 0.5048
vt 0.000000 1.000000
vt 0.000000 0.000000
vt 0.000000 0.083333
vt 0.000000 0.166667
vt 0.000000 0.250000
vt 0.000000 0.333333
vt 0.000000 0.416667
vt 0.000000 0.500000
vt 0.000000 0.583333
vt 0.000000 0.666667
vt 0.000000 0.750000
vt 0.000000 0.833333
vt 0.000000 0.916667
vt 0.083333 1.000000
vt 0.083333 0.000000
vt 0.083333 0.083333
vt 0.083333 0.166667
vt 0.083333 0.250000
vt 0.083333 0.333333
vt 0.083333 0.416667
vt 0.083333 0.500000
vt 0.083333 0.583333
vt 0.083333 0.666667
vt 0.083333 0.750000
vt 0.083333 0.833333
vt 0.083333 0.916667
vt 0.166667 1.000000
vt 0.166667 0.000000
vt 0.166667 0.083333
vt 0.166667 0.166667
vt 0.166667 0.250000
vt 0.166667 0.333333
vt 0.166667 0.416667
vt 0.166667 0.500000
vt 0.166667 0.583333
vt 0.166667 0.666667
vt 0.166667 0.750000
vt 0.166667 0.833333
vt 0.166667 0.916667
vt 0.250000 1.000000
vt 0.250000 0.000000
vt 0.250000 0.083333
vt 0.250000 0.166667
vt 0.250000 0.250000
vt 0.250000 0.333333
vt 0.250000 0.416667
vt 0.250000 0.500000
vt 0.250000 0.583333
vt 0.250000 0.666667
vt 0.250000 0.750000
vt 0.250000 0.833333
vt 0.250000 0.916667
vt 0.333333 1.000000
vt 0.333333 0.000000
vt 0.333333 0.083333
vt 0.333333 0.166667
vt 0.333333 0.250000
vt 0.333333 0.333333
vt 0.333333 0.416667
vt 0.333333 0.500000
vt 0.333333 0.583333
vt 0.333333 0.666667
vt 0.333333 0.750000
vt 0.333333 0.833333
vt 0.333333 0.916667
vt 0.416667 1.000000
vt 0.416667 0.000000
vt 0.416667 0.083333
vt 0.416667 0.166667
vt 0.416667 0.250000
vt 0.416667 0.333333
vt 0.416667 0.416667
vt 0.416667 0.500000
vt 0.416667 0.583333
vt 0.416667 0.666667
vt 0.416667 0.750000
vt 0.416667 0.833333
vt 0.416667 0.916667
vt 0.500000 1.000000
vt 0.500000 0.000000
vt 0.500000 0.083333
vt 0.500000 0.166667
vt 0.500000 0.250000
vt 0.500000 0.333333
vt 0.500000 0.416667
vt 0.500000 0.500000
vt 0.500000 0.583333
vt 0.500000 0.666667
vt 0.500000 0.750000
vt 0.500000 0.833333
vt 0.500000 0.916667
vt 0.583333 1.000000
vt 0.583333 0.000000
vt 0.583333 0.083333
vt 0.583333 0.166667
vt 0.583333 0.250000
vt 0.583333 0.333333
vt 0.583333 0.416667
vt 0.583333 0.500000
vt 0.583333 0.583333
vt 0.583333 0.666667
vt 0.583333 0.750000
vt 0.583333 0.833333
vt 0.583333 0.916667
vt 0.666667 1.000000
vt 0.666667 0.000000
vt 0.666667 0.083333
vt 0.666667 0.166667
vt 0.666667 0.250000
vt 0.666667 0.333333
vt 0.666667 0.416667
vt 0.666667 0.500000
vt 0.666667 0.583333
vt 0.666667 0.666667
vt 0.666667 0.750000
vt 0.666667 0.833333
vt 0.666667 0.916667
vt 0.750000 1.000000
vt 0.750000 0.000000
vt 0.750000 0.083333
vt 0.750000 0.166667
vt 0.750000 0.250000
vt 0.750000 0.333333
vt 0.750000 0.416667
vt 0.750000 0.500000
vt 0.750000 0.583333
vt 0.750000 0.666667
vt 0.750000 0.750000
vt 0.750000 0.833333
vt 0.750000 0.916667
vt 0.833333 1.000000
vt 0.833333 0.000000
vt 0.833333 0.083333
vt 0.833333 0.166667
vt 0.833333 0.250000
vt 0.833333 0.333333
vt 0.833333 0.416667
vt 0.833333 0.500000
vt 0.833333 0.583333
vt 0.833333 0.666667
vt 0.833333 0.750000
vt 0.833333 0.833333
vt 0.833333 0.916667
vt 0.916667 1.000000
vt 0.916667 0.000000
vt 0.916667 0.083333
vt 0.916667 0.166667
vt 0.916667 0.250000
vt 0.916667 0.333333
vt 0.916667 0.416667
vt 0.916667 0.500000
vt 0.916667 0.583333
vt 0.916667 0.666667
vt 0.916667 0.750000
vt 0.916667 0.833333
vt 0.916667 0.916667
vt 1.000000 1.000000
vt 1.000000 0.000000
vt 1.000000 0.083333
vt 1.000000 0.166667
vt 1.000000 0.250000
vt 1.000000 0.333333
vt 1.000000 0.416667
vt 1.000000 0.500000
vt 1.000000 0.583333
vt 1.000000 0.666667
vt 1.000000 0.750000
vt 1.000000 0.833333
vt 1.000000 0.916667
s 1
f 2020/3041/1425 2032/3054/1426 2043/3066/1427 2031/3053/1428
f 2021/3043/1429 2033/3056/1430 2032/3055/1426 2020/3042/1425
f 2022/3044/1431 2034/3057/1432 2033/3056/1430 2021/3043/1429
f 2023/3045/1433 2035/3058/1434 2034/3057/1432 2022/3044/1431
f 2024/3046/1435 2036/3059/1436 2035/3058/1434 2023/3045/1433
f 2025/3047/1437 2037/3060/1438 2036/3059/1436 2024/3046/1435
f 2026/3048/1439 2038/3061/1440 2037/3060/1438 2025/3047/1437
f 2027/3049/1441 2039/3062/1442 2038/3061/1440 2026/3048/1439
f 2028/3050/1443 2040/3063/1444 2039/3062/1442 2027/3049/1441
f 2029/3051/1445 2041/3064/1446 2040/3063/1444 2028/3050/1443
f 2030/3052/1447 2042/3065/1448 2041/3064/1446 2029/3051/1445
f 2031/3053/1428 2043/3066/1427 2042/3065/1448 2030/3052/1447
f 2032/3054/1426 2044/3067/1449 2055/3079/1450 2043/3066/1427
f 2033/3056/1430 2045/3069/1451 2044/3068/1449 2032/3055/1426
f 2034/3057/1432 2046/3070/1452 2045/3069/1451 2033/3056/1430
f 2035/3058/1434 2047/3071/1453 2046/3070/1452 2034/3057/1432
f 2036/3059/1436 2048/3072/1454 2047/3071/1453 2035/3058/1434
f 2037/3060/1438 2049/3073/1455 2048/3072/1454 2036/3059/1436
f 2038/3061/1440 2050/3074/1456 2049/3073/1455 2037/3060/1438
f 2039/3062/1442 2051/3075/1457 2050/3074/1456 2038/3061/1440
f 2040/3063/1444 2052/3076/1458 2051/3075/1457 2039/3062/1442
f 2041/3064/1446 2053/3077/1459 2052/3076/1458 2040/3063/1444
f 2042/3065/1448 2054/3078/1460 2053/3077/1459 2041/3064/1446
f 2043/3066/1427 2055/3079/1450 2054/3078/1460 2042/3065/1448
f 2044/3067/1449 2056/3080/1461 2067/3092/1462 2055/3079/1450
f 2045/3069/1451 2057/3082/1463 2056/3081/1461 2044/3068/1449
f 2046/3070/1452 2058/3083/1464 2057/3082/1463 2045/3069/1451
f 2047/3071/1453 2059/3084/1465 2058/3083/1464 2046/3070/1452
f 2048/3072/1454 2060/3085/1466 2059/3084/1465 2047/3071/1453
f 2049/3073/1455 2061/3086/1467 2060/3085/1466 2048/3072/1454
f 2050/3074/1456 2062/3087/1468 2061/3086/1467 2049/3073/1455
f 2051/3075/1457 2063/3088/1469 2062/3087/1468 2050/3074/1456
f 2052/3076/1458 2064/3089/1470 2063/3088/1469 2051/3075/1457
f 2053/3077/1459 2065/3090/1471 2064/3089/1470 2052/3076/1458
f 2054/3078/1460 2066/3091/1472 2065/3090/1471 2053/3077/1459
f 2055/3079/1450 2067/3092/1462 2066/3091/1472 2054/3078/1460
f 2056/3080/1461 2068/3093/1473 2079/3105/1474 2067/3092/1462
f 2057/3082/1463 2069/3095/1475 2068/3094/1473 2056/3081/1461
f 2058/3083/1464 2070/3096/1476 2069/3095/1475 2057/3082/1463
f 2059/3084/1465 2071/3097/1477 2070/3096/1476 2058/3083/1464
f 2060/3085/1466 2072/3098/1478 2071/3097/1477 2059/3084/1465
f 2061/3086/1467 2073/3099/1479 2072/3098/1478 2060/3085/1466
f 2062/3087/1468 2074/3100/1480 2073/3099/1479 2061/3086/1467
f 2063/3088/1469 2075/3101/1481 2074/3100/1480 2062/3087/1468
f 2064/3089/1470 2076/3102/1482 2075/3101/1481 2063/3088/1469
f 2065/3090/1471 2077/3103/1483 2076/3102/1482 2064/3089/1470
f 2066/3091/1472 2078/3104/1484 2077/3103/1483 2065/3090/1471
f 2067/3092/1462 2079/3105/1474 2078/3104/1484 2066/3091/1472
f 2068/3093/1473 2080/3106/1485 2091/3118/1486 2079/3105/1474
f 2069/3095/1475 2081/3108/1487 2080/3107/1485 2068/3094/1473
f 2070/3096/1476 2082/3109/1488 2081/3108/1487 2069/3095/1475
f 2071/3097/1477 2083/3110/1489 2082/3109/1488 2070/3096/1476
f 2072/3098/1478 2084/3111/1490 2083/3110/1489 2071/3097/1477
f 2073/3099/1479 2085/3112/1491 2084/3111/1490 2072/3098/1478
f 2074/3100/1480 2086/3113/1492 2085/3112/1491 2073/3099/1479
f 2075/3101/1481 2087/3114/1493 2086/3113/1492 2074/3100/1480
f 2076/3102/1482 2088/3115/1494 2087/3114/1493 2075/3101/1481
f 2077/3103/1483 2089/3116/1495 2088/3115/1494 2076/3102/1482
f 2078/3104/1484 2090/3117/1496 2089/3116/1495 2077/3103/1483
f 2079/3105/1474 2091/3118/1486 2090/3117/1496 2078/3104/1484
f 2080/3106/1485 2092/3119/1497 2103/3131/1498 2091/3118/1486
f 2081/3108/1487 2093/3121/1499 2092/3120/1497 2080/3107/1485
f 2082/3109/1488 2094/3122/1500 2093/3121/1499 2081/3108/1487
f 2083/3110/1489 2095/3123/1501 2094/3122/1500 2082/3109/1488
f 2084/3111/1490 2096/3124/1502 2095/3123/1501 2083/3110/1489
f 2085/3112/1491 2097/3125/1503 2096/3124/1502 2084/3111/1490
f 2086/3113/1492 2098/3126/1504 2097/3125/1503 2085/3112/1491
f 2087/3114/1493 2099/3127/1505 2098/3126/1504 2086/3113/1492
f 2088/3115/1494 2100/3128/1506 2099/3127/1505 2087/3114/1493
f 2089/3116/1495 2101/3129/1507 2100/3128/1506 2088/3115/1494
f 2090/3117/1496 2102/3130/1508 2101/3129/1507 2089/3116/1495
f 2091/3118/1486 2103/3131/1498 2102/3130/1508 2090/3117/1496
f 2092/3119/1497 2104/3132/1509 2115/3144/1510 2103/3131/1498
f 2093/3121/1499 2105/3134/1511 2104/3133/1509 2092/3120/1497
f 2094/3122/1500 2106/3135/1512 2105/3134/1511 2093/3121/1499
f 2095/3123/1501 2107/3136/1513 2106/3135/1512 2094/3122/1500
f 2096/3124/1502 2108/3137/1514 2107/3136/1513 2095/3123/1501
f 2097/3125/1503 2109/3138/1515 2108/3137/1514 2096/3124/1502
f 2098/3126/1504 2110/3139/1516 2109/3138/1515 2097/3125/1503
f 2099/3127/1505 2111/3140/1517 2110/3139/1516 2098/3126/1504
f 2100/3128/1506 2112/3141/1518 2111/3140/1517 2099/3127/1505
f 2101/3129/1507 2113/3142/1519 2112/3141/1518 2100/3128/1506
f 2102/3130/1508 2114/3143/1520 2113/3142/1519 2101/3129/1507
f 2103/3131/1498 2115/3144/1510 2114/3143/1520 2102/3130/1508
f 2104/3132/1509 2116/3145/1521 2127/3157/1522 2115/3144/1510
f 2105/3134/1511 2117/3147/1523 2116/3146/1521 2104/3133/1509
f 2106/3135/1512 2118/3148/1524 2117/3147/1523 2105/3134/1511
f 2107/3136/1513 2119/3149/1525 2118/3148/1524 2106/3135/1512
f 2108/3137/1514 2120/3150/1526 2119/3149/1525 2107/3136/1513
f 2109/3138/1515 2121/3151/1527 2120/3150/1526 2108/3137/1514
f 2110/3139/1516 2122/3152/1528 2121/3151/1527 2109/3138/1515
f 2111/3140/1517 2123/3153/1529 2122/3152/1528 2110/3139/1516
f 2112/3141/1518 2124/3154/1530 2123/3153/1529 2111/3140/1517
f 2113/3142/1519 2125/3155/1531 2124/3154/1530 2112/3141/1518
f 2114/3143/1520 2126/3156/1532 2125/3155/1531 2113/3142/1519
f 2115/3144/1510 2127/3157/1522 2126/3156/1532 2114/3143/1520
f 2116/3145/1521 2128/3158/1533 2139/3170/1534 2127/3157/1522
f 2117/3147/1523 2129/3160/1535 2128/3159/1533 2116/3146/1521
f 2118/3148/1524 2130/3161/1536 2129/3160/1535 2117/3147/1523
f 2119/3149/1525 2131/3162/1537 2130/3161/1536 2118/3148/1524
f 2120/3150/1526 2132/3163/1538 2131/3162/1537 2119/3149/1525
f 2121/3151/1527 2133/3164/1539 2132/3163/1538 2120/3150/1526
f 2122/3152/1528 2134/3165/1540 2133/3164/1539 2121/3151/1527
f 2123/3153/1529 2135/3166/1541 2134/3165/1540 2122/3152/1528
f 2124/3154/1530 2136/3167/1542 2135/3166/1541 2123/3153/1529
f 2125/3155/1531 2137/3168/1543 2136/3167/1542 2124/3154/1530
f 2126/3156/1532 2138/3169/1544 2137/3168/1543 2125/3155/1531
f 2127/3157/1522 2139/3170/1534 2138/3169/1544 2126/3156/1532
f 2128/3158/1533 2140/3171/1545 2151/3183/1546 2139/3170/1534
f 2129/3160/1535 2141/3173/1547 2140/3172/1545 2128/3159/1533
f 2130/3161/1536 2142/3174/1548 2141/3173/1547 2129/3160/1535
f 2131/3162/1537 2143/3175/1549 2142/3174/1548 2130/3161/1536
f 2132/3163/1538 2144/3176/1550 2143/3175/1549 2131/3162/1537
f 2133/3164/1539 2145/3177/1551 2144/3176/1550 2132/3163/1538
f 2134/3165/1540 2146/3178/1552 2145/3177/1551 2133/3164/1539
f 2135/3166/1541 2147/3179/1553 2146/3178/1552 2134/3165/1540
f 2136/3167/1542 2148/3180/1554 2147/3179/1553 2135/3166/1541
f 2137/3168/1543 2149/3181/1555 2148/3180/1554 2136/3167/1542
f 2138/3169/1544 2150/3182/1556 2149/3181/1555 2137/3168/1543
f 2139/3170/1534 2151/3183/1546 2150/3182/1556 2138/3169/1544
f 2140/3171/1545 2152/3184/1557 2163/3196/1558 2151/3183/1546
f 2141/3173/1547 2153/3186/1559 2152/3185/1557 2140/3172/1545
f 2142/3174/1548 2154/3187/1560 2153/3186/1559 2141/3173/1547
f 2143/3175/1549 2155/3188/1561 2154/3187/1560 2142/3174/1548
f 2144/3176/1550 2156/3189/1562 2155/3188/1561 2143/3175/1549
f 2145/3177/1551 2157/3190/1563 2156/3189/1562 2144/3176/1550
f 2146/3178/1552 2158/3191/1564 2157/3190/1563 2145/3177/1551
f 2147/3179/1553 2159/3192/1565 2158/3191/1564 2146/3178/1552
f 2148/3180/1554 2160/3193/1566 2159/3192/1565 2147/3179/1553
f 2149/3181/1555 2161/3194/1567 2160/3193/1566 2148/3180/1554
f 2150/3182/1556 2162/3195/1568 2161/3194/1567 2149/3181/1555
f 2151/3183/1546 2163/3196/1558 2162/3195/1568 2150/3182/1556
f 2152/3184/1557 2164/3197/1569 2175/3209/1570 2163/3196/1558
f 2153/3186/1559 2165/3199/1571 2164/3198/1569 2152/3185/1557
f 2154/3187/1560 2166/3200/1572 2165/3199/1571 2153/3186/1559
f 2155/3188/1561 2167/3201/1573 2166/3200/1572 2154/3187/1560
f 2156/3189/1562 2168/3202/1574 2167/3201/1573 2155/3188/1561
f 2157/3190/1563 2169/3203/1575 2168/3202/1574 2156/3189/1562
f 2158/3191/1564 2170/3204/1576 2169/3203/1575 2157/3190/1563
f 2159/3192/1565 2171/3205/1577 2170/3204/1576 2158/3191/1564
f 2160/3193/1566 2172/3206/1578 2171/3205/1577 2159/3192/1565
f 2161/3194/1567 2173/3207/1579 2172/3206/1578 2160/3193/1566
f 2162/3195/1568 2174/3208/1580 2173/3207/1579 2161/3194/1567
f 2163/3196/1558 2175/3209/1570 2174/3208/1580 2162/3195/1568
o BezierKrzywa.002
v 0.471694 2.506887 1.678622
v 0.466185 2.510671 1.675679
v 0.459034 2.512055 1.675153
v 0.452158 2.510671 1.677184
v 0.447399 2.506887 1.681229
v 0.446031 2.501719 1.686204
v 0.448423 2.496550 1.690775
v 0.453932 2.492766 1.693718
v 0.461083 2.491382 1.694245
v 0.467959 2.492766 1.692213
v 0.472719 2.496550 1.688168
v 0.474086 2.501719 1.683194
v 0.479792 2.591485 1.754616
v 0.474213 2.594537 1.751025
v 0.467037 2.595649 1.750257
v 0.460185 2.594525 1.752520
v 0.455494 2.591465 1.757206
v 0.454221 2.587290 1.763060
v 0.456706 2.583117 1.768513
v 0.462284 2.580065 1.772105
v 0.469461 2.578952 1.772872
v 0.476312 2.580076 1.770609
v 0.481003 2.583136 1.765924
v 0.482277 2.587312 1.760069
v 0.485063 2.677978 1.805253
v 0.479428 2.680092 1.801116
v 0.472230 2.680856 1.800147
v 0.465399 2.680067 1.802603
v 0.460764 2.677934 1.807828
v 0.459567 2.675030 1.814421
v 0.462129 2.672133 1.820615
v 0.467764 2.670020 1.824752
v 0.474962 2.669255 1.825721
v 0.481793 2.670045 1.823265
v 0.486428 2.672178 1.818040
v 0.487625 2.675081 1.811447
v 0.487929 2.767630 1.834369
v 0.482261 2.768731 1.829898
v 0.475051 2.769119 1.828804
v 0.468231 2.768690 1.831380
v 0.463629 2.767560 1.836936
v 0.462477 2.766031 1.843983
v 0.465085 2.764513 1.850633
v 0.470752 2.763412 1.855105
v 0.477962 2.763025 1.856199
v 0.484782 2.763453 1.853623
v 0.489384 2.764583 1.848067
v 0.490536 2.766112 1.841020
v 0.488796 2.861801 1.845672
v 0.483119 2.862013 1.841083
v 0.475906 2.862071 1.839946
v 0.469089 2.861959 1.842563
v 0.464496 2.861707 1.848235
v 0.463357 2.861382 1.855441
v 0.465977 2.861072 1.862250
v 0.471654 2.860860 1.866839
v 0.478868 2.860802 1.867976
v 0.485684 2.860914 1.865359
v 0.490277 2.861166 1.859687
v 0.491416 2.861491 1.852481
v 0.488057 2.961739 1.842732
v 0.482383 2.961308 1.838154
v 0.475172 2.961127 1.837020
v 0.468354 2.961244 1.839634
v 0.463757 2.961627 1.845296
v 0.462612 2.962175 1.852487
v 0.465227 2.962739 1.859282
v 0.470901 2.963170 1.863860
v 0.478113 2.963351 1.864994
v 0.484930 2.963234 1.862380
v 0.489527 2.962851 1.856719
v 0.490672 2.962303 1.849527
v 0.486103 3.068547 1.829119
v 0.480436 3.067731 1.824586
v 0.473226 3.067406 1.823469
v 0.466406 3.067661 1.826067
v 0.461803 3.068426 1.831684
v 0.460650 3.069497 1.838815
v 0.463256 3.070587 1.845549
v 0.468922 3.071403 1.850082
v 0.476132 3.071728 1.851199
v 0.482952 3.071473 1.848601
v 0.487555 3.070708 1.842984
v 0.488709 3.069637 1.835853
v 0.483333 3.183263 1.808460
v 0.477670 3.182278 1.803955
v 0.470462 3.181892 1.802848
v 0.463640 3.182206 1.805436
v 0.459033 3.183137 1.811025
v 0.457875 3.184436 1.818117
v 0.460475 3.185754 1.824813
v 0.466138 3.186739 1.829317
v 0.473346 3.187125 1.830424
v 0.480168 3.186811 1.827836
v 0.484775 3.185880 1.822247
v 0.485934 3.184581 1.815155
v 0.480151 3.306916 1.784429
v 0.474488 3.305938 1.779924
v 0.467280 3.305554 1.778817
v 0.460459 3.305866 1.781405
v 0.455851 3.306790 1.786995
v 0.454693 3.308080 1.794089
v 0.457294 3.309389 1.800786
v 0.462957 3.310366 1.805292
v 0.470165 3.310751 1.806399
v 0.476987 3.310439 1.803810
v 0.481594 3.309514 1.798220
v 0.482752 3.308225 1.791126
v 0.476965 3.440547 1.760731
v 0.471299 3.439715 1.756200
v 0.464090 3.439385 1.755084
v 0.457269 3.439645 1.757681
v 0.452666 3.440425 1.763296
v 0.451512 3.441516 1.770424
v 0.454117 3.442626 1.777155
v 0.459784 3.443457 1.781685
v 0.466993 3.443787 1.782802
v 0.473813 3.443527 1.780205
v 0.478417 3.442747 1.774590
v 0.479571 3.441656 1.767462
v 0.474184 3.585207 1.741078
v 0.468512 3.584634 1.736514
v 0.461301 3.584400 1.735385
v 0.454483 3.584567 1.737994
v 0.449884 3.585092 1.743642
v 0.448737 3.585832 1.750816
v 0.451349 3.586590 1.757593
v 0.457020 3.587163 1.762158
v 0.464231 3.587397 1.763287
v 0.471050 3.587229 1.760678
v 0.475649 3.586705 1.755029
v 0.476796 3.585965 1.747856
v 0.472215 3.741950 1.729190
v 0.466540 3.741723 1.724601
v 0.459327 3.741617 1.723462
v 0.452510 3.741662 1.726081
v 0.447915 3.741844 1.731753
v 0.446774 3.742116 1.738961
v 0.449391 3.742405 1.745772
v 0.455067 3.742632 1.750362
v 0.462280 3.742738 1.751500
v 0.469097 3.742693 1.748882
v 0.473692 3.742511 1.743209
v 0.474833 3.742239 1.736001
v 0.471468 3.911819 1.728782
v 0.465791 3.911990 1.724192
v 0.458578 3.912032 1.723053
v 0.451761 3.911935 1.725672
v 0.447168 3.911724 1.731345
v 0.446029 3.911456 1.738554
v 0.448649 3.911203 1.745365
v 0.454326 3.911033 1.749955
v 0.461540 3.910990 1.751094
v 0.468356 3.911088 1.748475
v 0.472949 3.911299 1.742802
v 0.474088 3.911566 1.735594
vn 0.8276 0.3292 -0.4546
vn 0.8265 0.2890 -0.4830
vn 0.9957 -0.0091 -0.0926
vn 0.9954 -0.0094 -0.0956
vn 0.4336 0.5789 -0.6906
vn 0.4306 0.5104 -0.7444
vn -0.0791 0.6704 -0.7378
vn -0.0858 0.5919 -0.8014
vn -0.5701 0.5786 -0.5833
vn -0.5785 0.5096 -0.6369
vn -0.9052 0.3286 -0.2694
vn -0.9102 0.2877 -0.2980
vn -0.9931 -0.0101 0.1170
vn -0.9928 -0.0107 0.1194
vn -0.8133 -0.3437 0.4694
vn -0.8100 -0.3038 0.5017
vn -0.4204 -0.5836 0.6947
vn -0.4154 -0.5152 0.7497
vn 0.0793 -0.6702 0.7379
vn 0.0860 -0.5917 0.8016
vn 0.5584 -0.5832 0.5900
vn 0.5650 -0.5144 0.6451
vn 0.8945 -0.3431 0.2867
vn 0.8980 -0.3024 0.3196
vn 0.8219 0.2015 -0.5328
vn 0.9960 -0.0055 -0.0892
vn 0.4219 0.3550 -0.8342
vn -0.0967 0.4111 -0.9064
vn -0.5885 0.3532 -0.7272
vn -0.9160 0.1984 -0.3487
vn -0.9925 -0.0091 0.1215
vn -0.8039 -0.2125 0.5555
vn -0.4055 -0.3587 0.8407
vn 0.0969 -0.4112 0.9064
vn 0.5742 -0.3569 0.7368
vn 0.9033 -0.2094 0.3744
vn 0.8179 0.1078 -0.5651
vn 0.9960 -0.0006 -0.0894
vn 0.4155 0.1875 -0.8901
vn -0.1031 0.2158 -0.9710
vn -0.5932 0.1845 -0.7836
vn -0.9185 0.1028 -0.3818
vn -0.9927 -0.0064 0.1207
vn -0.8015 -0.1131 0.5872
vn -0.4007 -0.1895 0.8964
vn 0.1033 -0.2162 0.9709
vn 0.5803 -0.1866 0.7927
vn 0.9072 -0.1081 0.4066
vn 0.8150 0.0254 -0.5788
vn 0.9957 0.0033 -0.0926
vn 0.4121 0.0406 -0.9103
vn -0.1049 0.0447 -0.9935
vn -0.5931 0.0367 -0.8043
vn -0.9180 0.0187 -0.3961
vn -0.9931 -0.0044 0.1172
vn -0.8024 -0.0263 0.5962
vn -0.4007 -0.0412 0.9153
vn 0.1050 -0.0452 0.9934
vn 0.5832 -0.0374 0.8114
vn 0.9094 -0.0197 0.4155
vn 0.8132 -0.0350 -0.5809
vn 0.9953 0.0052 -0.0969
vn 0.4107 -0.0659 -0.9094
vn -0.1042 -0.0790 -0.9914
vn -0.5907 -0.0705 -0.8038
vn -0.9162 -0.0429 -0.3985
vn -0.9936 -0.0039 0.1129
vn -0.8050 0.0359 0.5922
vn -0.4032 0.0660 0.9127
vn 0.1043 0.0787 0.9914
vn 0.5842 0.0706 0.8085
vn 0.9105 0.0438 0.4112
vn 0.8119 -0.0718 -0.5794
vn 0.9949 0.0056 -0.1008
vn 0.4100 -0.1301 -0.9028
vn -0.1029 -0.1532 -0.9828
vn -0.5881 -0.1350 -0.7975
vn -0.9142 -0.0804 -0.3972
vn -0.9940 -0.0043 0.1092
vn -0.8075 0.0728 0.5853
vn -0.4061 0.1303 0.9045
vn 0.1030 0.1531 0.9828
vn 0.5847 0.1352 0.7999
vn 0.9112 0.0813 0.4039
vn 0.8107 -0.0881 -0.5788
vn 0.9946 0.0054 -0.1039
vn 0.4092 -0.1580 -0.8987
vn -0.1022 -0.1855 -0.9773
vn -0.5862 -0.1632 -0.7936
vn -0.9127 -0.0971 -0.3969
vn -0.9943 -0.0049 0.1061
vn -0.8095 0.0885 0.5804
vn -0.4081 0.1581 0.8991
vn 0.1022 0.1855 0.9773
vn 0.5853 0.1633 0.7942
vn 0.9119 0.0974 0.3986
vn 0.8094 -0.0878 -0.5807
vn 0.9943 0.0049 -0.1063
vn 0.4080 -0.1570 -0.8994
vn -0.1023 -0.1842 -0.9776
vn -0.5852 -0.1621 -0.7945
vn -0.9119 -0.0967 -0.3989
vn -0.9946 -0.0054 0.1037
vn -0.8108 0.0875 0.5788
vn -0.4093 0.1569 0.8988
vn 0.1023 0.1842 0.9776
vn 0.5863 0.1620 0.7937
vn 0.9128 0.0964 0.3968
vn 0.8081 -0.0741 -0.5844
vn 0.9941 0.0045 -0.1083
vn 0.4066 -0.1327 -0.9039
vn -0.1029 -0.1560 -0.9824
vn -0.5850 -0.1377 -0.7993
vn -0.9115 -0.0827 -0.4029
vn -0.9948 -0.0055 0.1017
vn -0.8115 0.0733 0.5798
vn -0.4097 0.1325 0.9026
vn 0.1029 0.1560 0.9824
vn 0.5877 0.1375 0.7973
vn 0.9139 0.0819 0.3977
vn 0.8068 -0.0494 -0.5887
vn 0.9939 0.0042 -0.1098
vn 0.4051 -0.0898 -0.9099
vn -0.1039 -0.1062 -0.9889
vn -0.5852 -0.0945 -0.8054
vn -0.9114 -0.0576 -0.4074
vn -0.9950 -0.0052 0.1001
vn -0.8118 0.0487 0.5819
vn -0.4096 0.0895 0.9079
vn 0.1038 0.1063 0.9889
vn 0.5891 0.0942 0.8025
vn 0.9149 0.0568 0.3997
vn 0.8058 -0.0163 -0.5919
vn 0.9938 0.0041 -0.1109
vn 0.4038 -0.0323 -0.9143
vn -0.1047 -0.0397 -0.9937
vn -0.5855 -0.0366 -0.8099
vn -0.9114 -0.0238 -0.4108
vn -0.9951 -0.0046 0.0989
vn -0.8120 0.0159 0.5834
vn -0.4094 0.0322 0.9118
vn 0.1046 0.0397 0.9937
vn 0.5903 0.0365 0.8063
vn 0.9157 0.0234 0.4012
vn 0.8053 0.0021 -0.5929
vn 0.9938 0.0041 -0.1114
vn 0.4031 -0.0004 -0.9152
vn -0.1049 -0.0028 -0.9945
vn -0.5852 -0.0045 -0.8109
vn -0.9112 -0.0050 -0.4118
vn -0.9951 -0.0041 0.0984
vn -0.8120 -0.0022 0.5837
vn -0.4092 0.0004 0.9125
vn 0.1049 0.0029 0.9945
vn 0.5905 0.0045 0.8071
vn 0.9159 0.0050 0.4015
vt 0.000000 1.000000
vt 0.000000 0.000000
vt 0.000000 0.083333
vt 0.000000 0.166667
vt 0.000000 0.250000
vt 0.000000 0.333333
vt 0.000000 0.416667
vt 0.000000 0.500000
vt 0.000000 0.583333
vt 0.000000 0.666667
vt 0.000000 0.750000
vt 0.000000 0.833333
vt 0.000000 0.916667
vt 0.083333 1.000000
vt 0.083333 0.000000
vt 0.083333 0.083333
vt 0.083333 0.166667
vt 0.083333 0.250000
vt 0.083333 0.333333
vt 0.083333 0.416667
vt 0.083333 0.500000
vt 0.083333 0.583333
vt 0.083333 0.666667
vt 0.083333 0.750000
vt 0.083333 0.833333
vt 0.083333 0.916667
vt 0.166667 1.000000
vt 0.166667 0.000000
vt 0.166667 0.083333
vt 0.166667 0.166667
vt 0.166667 0.250000
vt 0.166667 0.333333
vt 0.166667 0.416667
vt 0.166667 0.500000
vt 0.166667 0.583333
vt 0.166667 0.666667
vt 0.166667 0.750000
vt 0.166667 0.833333
vt 0.166667 0.916667
vt 0.250000 1.000000
vt 0.250000 0.000000
vt 0.250000 0.083333
vt 0.250000 0.166667
vt 0.250000 0.250000
vt 0.250000 0.333333
vt 0.250000 0.416667
vt 0.250000 0.500000
vt 0.250000 0.583333
vt 0.250000 0.666667
vt 0.250000 0.750000
vt 0.250000 0.833333
vt 0.250000 0.916667
vt 0.333333 1.000000
vt 0.333333 0.000000
vt 0.333333 0.083333
vt 0.333333 0.166667
vt 0.333333 0.250000
vt 0.333333 0.333333
vt 0.333333 0.416667
vt 0.333333 0.500000
vt 0.333333 0.583333
vt 0.333333 0.666667
vt 0.333333 0.750000
vt 0.333333 0.833333
vt 0.333333 0.916667
vt 0.416667 1.000000
vt 0.416667 0.000000
vt 0.416667 0.083333
vt 0.416667 0.166667
vt 0.416667 0.250000
vt 0.416667 0.333333
vt 0.416667 0.416667
vt 0.416667 0.500000
vt 0.416667 0.583333
vt 0.416667 0.666667
vt 0.416667 0.750000
vt 0.416667 0.833333
vt 0.416667 0.916667
vt 0.500000 1.000000
vt 0.500000 0.000000
vt 0.500000 0.083333
vt 0.500000 0.166667
vt 0.500000 0.250000
vt 0.500000 0.333333
vt 0.500000 0.416667
vt 0.500000 0.500000
vt 0.500000 0.583333
vt 0.500000 0.666667
vt 0.500000 0.750000
vt 0.500000 0.833333
vt 0.500000 0.916667
vt 0.583333 1.000000
vt 0.583333 0.000000
vt 0.583333 0.083333
vt 0.583333 0.166667
vt 0.583333 0.250000
vt 0.583333 0.333333
vt 0.583333 0.416667
vt 0.583333 0.500000
vt 0.583333 0.583333
vt 0.583333 0.666667
vt 0.583333 0.750000
vt 0.583333 0.833333
vt 0.583333 0.916667
vt 0.666667 1.000000
vt 0.666667 0.000000
vt 0.666667 0.083333
vt 0.666667 0.166667
vt 0.666667 0.250000
vt 0.666667 0.333333
vt 0.666667 0.416667
vt 0.666667 0.500000
vt 0.666667 0.583333
vt 0.666667 0.666667
vt 0.666667 0.750000
vt 0.666667 0.833333
vt 0.666667 0.916667
vt 0.750000 1.000000
vt 0.750000 0.000000
vt 0.750000 0.083333
vt 0.750000 0.166667
vt 0.750000 0.250000
vt 0.750000 0.333333
vt 0.750000 0.416667
vt 0.750000 0.500000
vt 0.750000 0.583333
vt 0.750000 0.666667
vt 0.750000 0.750000
vt 0.750000 0.833333
vt 0.750000 0.916667
vt 0.833333 1.000000
vt 0.833333 0.000000
vt 0.833333 0.083333
vt 0.833333 0.166667
vt 0.833333 0.250000
vt 0.833333 0.333333
vt 0.833333 0.416667
vt 0.833333 0.500000
vt 0.833333 0.583333
vt 0.833333 0.666667
vt 0.833333 0.750000
vt 0.833333 0.833333
vt 0.833333 0.916667
vt 0.916667 1.000000
vt 0.916667 0.000000
vt 0.916667 0.083333
vt 0.916667 0.166667
vt 0.916667 0.250000
vt 0.916667 0.333333
vt 0.916667 0.416667
vt 0.916667 0.500000
vt 0.916667 0.583333
vt 0.916667 0.666667
vt 0.916667 0.750000
vt 0.916667 0.833333
vt 0.916667 0.916667
vt 1.000000 1.000000
vt 1.000000 0.000000
vt 1.000000 0.083333
vt 1.000000 0.166667
vt 1.000000 0.250000
vt 1.000000 0.333333
vt 1.000000 0.416667
vt 1.000000 0.500000
vt 1.000000 0.583333
vt 1.000000 0.666667
vt 1.000000 0.750000
vt 1.000000 0.833333
vt 1.000000 0.916667
s 1
f 2176/3210/1581 2188/3223/1582 2199/3235/1583 2187/3222/1584
f 2177/3212/1585 2189/3225/1586 2188/3224/1582 2176/3211/1581
f 2178/3213/1587 2190/3226/1588 2189/3225/1586 2177/3212/1585
f 2179/3214/1589 2191/3227/1590 2190/3226/1588 2178/3213/1587
f 2180/3215/1591 2192/3228/1592 2191/3227/1590 2179/3214/1589
f 2181/3216/1593 2193/3229/1594 2192/3228/1592 2180/3215/1591
f 2182/3217/1595 2194/3230/1596 2193/3229/1594 2181/3216/1593
f 2183/3218/1597 2195/3231/1598 2194/3230/1596 2182/3217/1595
f 2184/3219/1599 2196/3232/1600 2195/3231/1598 2183/3218/1597
f 2185/3220/1601 2197/3233/1602 2196/3232/1600 2184/3219/1599
f 2186/3221/1603 2198/3234/1604 2197/3233/1602 2185/3220/1601
f 2187/3222/1584 2199/3235/1583 2198/3234/1604 2186/3221/1603
f 2188/3223/1582 2200/3236/1605 2211/3248/1606 2199/3235/1583
f 2189/3225/1586 2201/3238/1607 2200/3237/1605 2188/3224/1582
f 2190/3226/1588 2202/3239/1608 2201/3238/1607 2189/3225/1586
f 2191/3227/1590 2203/3240/1609 2202/3239/1608 2190/3226/1588
f 2192/3228/1592 2204/3241/1610 2203/3240/1609 2191/3227/1590
f 2193/3229/1594 2205/3242/1611 2204/3241/1610 2192/3228/1592
f 2194/3230/1596 2206/3243/1612 2205/3242/1611 2193/3229/1594
f 2195/3231/1598 2207/3244/1613 2206/3243/1612 2194/3230/1596
f 2196/3232/1600 2208/3245/1614 2207/3244/1613 2195/3231/1598
f 2197/3233/1602 2209/3246/1615 2208/3245/1614 2196/3232/1600
f 2198/3234/1604 2210/3247/1616 2209/3246/1615 2197/3233/1602
f 2199/3235/1583 2211/3248/1606 2210/3247/1616 2198/3234/1604
f 2200/3236/1605 2212/3249/1617 2223/3261/1618 2211/3248/1606
f 2201/3238/1607 2213/3251/1619 2212/3250/1617 2200/3237/1605
f 2202/3239/1608 2214/3252/1620 2213/3251/1619 2201/3238/1607
f 2203/3240/1609 2215/3253/1621 2214/3252/1620 2202/3239/1608
f 2204/3241/1610 2216/3254/1622 2215/3253/1621 2203/3240/1609
f 2205/3242/1611 2217/3255/1623 2216/3254/1622 2204/3241/1610
f 2206/3243/1612 2218/3256/1624 2217/3255/1623 2205/3242/1611
f 2207/3244/1613 2219/3257/1625 2218/3256/1624 2206/3243/1612
f 2208/3245/1614 2220/3258/1626 2219/3257/1625 2207/3244/1613
f 2209/3246/1615 2221/3259/1627 2220/3258/1626 2208/3245/1614
f 2210/3247/1616 2222/3260/1628 2221/3259/1627 2209/3246/1615
f 2211/3248/1606 2223/3261/1618 2222/3260/1628 2210/3247/1616
f 2212/3249/1617 2224/3262/1629 2235/3274/1630 2223/3261/1618
f 2213/3251/1619 2225/3264/1631 2224/3263/1629 2212/3250/1617
f 2214/3252/1620 2226/3265/1632 2225/3264/1631 2213/3251/1619
f 2215/3253/1621 2227/3266/1633 2226/3265/1632 2214/3252/1620
f 2216/3254/1622 2228/3267/1634 2227/3266/1633 2215/3253/1621
f 2217/3255/1623 2229/3268/1635 2228/3267/1634 2216/3254/1622
f 2218/3256/1624 2230/3269/1636 2229/3268/1635 2217/3255/1623
f 2219/3257/1625 2231/3270/1637 2230/3269/1636 2218/3256/1624
f 2220/3258/1626 2232/3271/1638 2231/3270/1637 2219/3257/1625
f 2221/3259/1627 2233/3272/1639 2232/3271/1638 2220/3258/1626
f 2222/3260/1628 2234/3273/1640 2233/3272/1639 2221/3259/1627
f 2223/3261/1618 2235/3274/1630 2234/3273/1640 2222/3260/1628
f 2224/3262/1629 2236/3275/1641 2247/3287/1642 2235/3274/1630
f 2225/3264/1631 2237/3277/1643 2236/3276/1641 2224/3263/1629
f 2226/3265/1632 2238/3278/1644 2237/3277/1643 2225/3264/1631
f 2227/3266/1633 2239/3279/1645 2238/3278/1644 2226/3265/1632
f 2228/3267/1634 2240/3280/1646 2239/3279/1645 2227/3266/1633
f 2229/3268/1635 2241/3281/1647 2240/3280/1646 2228/3267/1634
f 2230/3269/1636 2242/3282/1648 2241/3281/1647 2229/3268/1635
f 2231/3270/1637 2243/3283/1649 2242/3282/1648 2230/3269/1636
f 2232/3271/1638 2244/3284/1650 2243/3283/1649 2231/3270/1637
f 2233/3272/1639 2245/3285/1651 2244/3284/1650 2232/3271/1638
f 2234/3273/1640 2246/3286/1652 2245/3285/1651 2233/3272/1639
f 2235/3274/1630 2247/3287/1642 2246/3286/1652 2234/3273/1640
f 2236/3275/1641 2248/3288/1653 2259/3300/1654 2247/3287/1642
f 2237/3277/1643 2249/3290/1655 2248/3289/1653 2236/3276/1641
f 2238/3278/1644 2250/3291/1656 2249/3290/1655 2237/3277/1643
f 2239/3279/1645 2251/3292/1657 2250/3291/1656 2238/3278/1644
f 2240/3280/1646 2252/3293/1658 2251/3292/1657 2239/3279/1645
f 2241/3281/1647 2253/3294/1659 2252/3293/1658 2240/3280/1646
f 2242/3282/1648 2254/3295/1660 2253/3294/1659 2241/3281/1647
f 2243/3283/1649 2255/3296/1661 2254/3295/1660 2242/3282/1648
f 2244/3284/1650 2256/3297/1662 2255/3296/1661 2243/3283/1649
f 2245/3285/1651 2257/3298/1663 2256/3297/1662 2244/3284/1650
f 2246/3286/1652 2258/3299/1664 2257/3298/1663 2245/3285/1651
f 2247/3287/1642 2259/3300/1654 2258/3299/1664 2246/3286/1652
f 2248/3288/1653 2260/3301/1665 2271/3313/1666 2259/3300/1654
f 2249/3290/1655 2261/3303/1667 2260/3302/1665 2248/3289/1653
f 2250/3291/1656 2262/3304/1668 2261/3303/1667 2249/3290/1655
f 2251/3292/1657 2263/3305/1669 2262/3304/1668 2250/3291/1656
f 2252/3293/1658 2264/3306/1670 2263/3305/1669 2251/3292/1657
f 2253/3294/1659 2265/3307/1671 2264/3306/1670 2252/3293/1658
f 2254/3295/1660 2266/3308/1672 2265/3307/1671 2253/3294/1659
f 2255/3296/1661 2267/3309/1673 2266/3308/1672 2254/3295/1660
f 2256/3297/1662 2268/3310/1674 2267/3309/1673 2255/3296/1661
f 2257/3298/1663 2269/3311/1675 2268/3310/1674 2256/3297/1662
f 2258/3299/1664 2270/3312/1676 2269/3311/1675 2257/3298/1663
f 2259/3300/1654 2271/3313/1666 2270/3312/1676 2258/3299/1664
f 2260/3301/1665 2272/3314/1677 2283/3326/1678 2271/3313/1666
f 2261/3303/1667 2273/3316/1679 2272/3315/1677 2260/3302/1665
f 2262/3304/1668 2274/3317/1680 2273/3316/1679 2261/3303/1667
f 2263/3305/1669 2275/3318/1681 2274/3317/1680 2262/3304/1668
f 2264/3306/1670 2276/3319/1682 2275/3318/1681 2263/3305/1669
f 2265/3307/1671 2277/3320/1683 2276/3319/1682 2264/3306/1670
f 2266/3308/1672 2278/3321/1684 2277/3320/1683 2265/3307/1671
f 2267/3309/1673 2279/3322/1685 2278/3321/1684 2266/3308/1672
f 2268/3310/1674 2280/3323/1686 2279/3322/1685 2267/3309/1673
f 2269/3311/1675 2281/3324/1687 2280/3323/1686 2268/3310/1674
f 2270/3312/1676 2282/3325/1688 2281/3324/1687 2269/3311/1675
f 2271/3313/1666 2283/3326/1678 2282/3325/1688 2270/3312/1676
f 2272/3314/1677 2284/3327/1689 2295/3339/1690 2283/3326/1678
f 2273/3316/1679 2285/3329/1691 2284/3328/1689 2272/3315/1677
f 2274/3317/1680 2286/3330/1692 2285/3329/1691 2273/3316/1679
f 2275/3318/1681 2287/3331/1693 2286/3330/1692 2274/3317/1680
f 2276/3319/1682 2288/3332/1694 2287/3331/1693 2275/3318/1681
f 2277/3320/1683 2289/3333/1695 2288/3332/1694 2276/3319/1682
f 2278/3321/1684 2290/3334/1696 2289/3333/1695 2277/3320/1683
f 2279/3322/1685 2291/3335/1697 2290/3334/1696 2278/3321/1684
f 2280/3323/1686 2292/3336/1698 2291/3335/1697 2279/3322/1685
f 2281/3324/1687 2293/3337/1699 2292/3336/1698 2280/3323/1686
f 2282/3325/1688 2294/3338/1700 2293/3337/1699 2281/3324/1687
f 2283/3326/1678 2295/3339/1690 2294/3338/1700 2282/3325/1688
f 2284/3327/1689 2296/3340/1701 2307/3352/1702 2295/3339/1690
f 2285/3329/1691 2297/3342/1703 2296/3341/1701 2284/3328/1689
f 2286/3330/1692 2298/3343/1704 2297/3342/1703 2285/3329/1691
f 2287/3331/1693 2299/3344/1705 2298/3343/1704 2286/3330/1692
f 2288/3332/1694 2300/3345/1706 2299/3344/1705 2287/3331/1693
f 2289/3333/1695 2301/3346/1707 2300/3345/1706 2288/3332/1694
f 2290/3334/1696 2302/3347/1708 2301/3346/1707 2289/3333/1695
f 2291/3335/1697 2303/3348/1709 2302/3347/1708 2290/3334/1696
f 2292/3336/1698 2304/3349/1710 2303/3348/1709 2291/3335/1697
f 2293/3337/1699 2305/3350/1711 2304/3349/1710 2292/3336/1698
f 2294/3338/1700 2306/3351/1712 2305/3350/1711 2293/3337/1699
f 2295/3339/1690 2307/3352/1702 2306/3351/1712 2294/3338/1700
f 2296/3340/1701 2308/3353/1713 2319/3365/1714 2307/3352/1702
f 2297/3342/1703 2309/3355/1715 2308/3354/1713 2296/3341/1701
f 2298/3343/1704 2310/3356/1716 2309/3355/1715 2297/3342/1703
f 2299/3344/1705 2311/3357/1717 2310/3356/1716 2298/3343/1704
f 2300/3345/1706 2312/3358/1718 2311/3357/1717 2299/3344/1705
f 2301/3346/1707 2313/3359/1719 2312/3358/1718 2300/3345/1706
f 2302/3347/1708 2314/3360/1720 2313/3359/1719 2301/3346/1707
f 2303/3348/1709 2315/3361/1721 2314/3360/1720 2302/3347/1708
f 2304/3349/1710 2316/3362/1722 2315/3361/1721 2303/3348/1709
f 2305/3350/1711 2317/3363/1723 2316/3362/1722 2304/3349/1710
f 2306/3351/1712 2318/3364/1724 2317/3363/1723 2305/3350/1711
f 2307/3352/1702 2319/3365/1714 2318/3364/1724 2306/3351/1712
f 2308/3353/1713 2320/3366/1725 2331/3378/1726 2319/3365/1714
f 2309/3355/1715 2321/3368/1727 2320/3367/1725 2308/3354/1713
f 2310/3356/1716 2322/3369/1728 2321/3368/1727 2309/3355/1715
f 2311/3357/1717 2323/3370/1729 2322/3369/1728 2310/3356/1716
f 2312/3358/1718 2324/3371/1730 2323/3370/1729 2311/3357/1717
f 2313/3359/1719 2325/3372/1731 2324/3371/1730 2312/3358/1718
f 2314/3360/1720 2326/3373/1732 2325/3372/1731 2313/3359/1719
f 2315/3361/1721 2327/3374/1733 2326/3373/1732 2314/3360/1720
f 2316/3362/1722 2328/3375/1734 2327/3374/1733 2315/3361/1721
f 2317/3363/1723 2329/3376/1735 2328/3375/1734 2316/3362/1722
f 2318/3364/1724 2330/3377/1736 2329/3376/1735 2317/3363/1723
f 2319/3365/1714 2331/3378/1726 2330/3377/1736 2318/3364/1724
o BezierKrzywa.002
v 0.471694 2.506887 1.678622
v 0.466185 2.510671 1.675679
v 0.459034 2.512055 1.675153
v 0.452158 2.510671 1.677184
v 0.447399 2.506887 1.681229
v 0.446031 2.501719 1.686204
v 0.448423 2.496550 1.690775
v 0.453932 2.492766 1.693718
v 0.461083 2.491382 1.694245
v 0.467959 2.492766 1.692213
v 0.472719 2.496550 1.688168
v 0.474086 2.501719 1.683194
v 0.479792 2.591485 1.754616
v 0.474213 2.594537 1.751025
v 0.467037 2.595649 1.750257
v 0.460185 2.594525 1.752520
v 0.455494 2.591465 1.757206
v 0.454221 2.587290 1.763060
v 0.456706 2.583117 1.768513
v 0.462284 2.580065 1.772105
v 0.469461 2.578952 1.772872
v 0.476312 2.580076 1.770609
v 0.481003 2.583136 1.765924
v 0.482277 2.587312 1.760069
v 0.485063 2.677978 1.805253
v 0.479428 2.680092 1.801116
v 0.472230 2.680856 1.800147
v 0.465399 2.680067 1.802603
v 0.460764 2.677934 1.807828
v 0.459567 2.675030 1.814421
v 0.462129 2.672133 1.820615
v 0.467764 2.670020 1.824752
v 0.474962 2.669255 1.825721
v 0.481793 2.670045 1.823265
v 0.486428 2.672178 1.818040
v 0.487625 2.675081 1.811447
v 0.487929 2.767630 1.834369
v 0.482261 2.768731 1.829898
v 0.475051 2.769119 1.828804
v 0.468231 2.768690 1.831380
v 0.463629 2.767560 1.836936
v 0.462477 2.766031 1.843983
v 0.465085 2.764513 1.850633
v 0.470752 2.763412 1.855105
v 0.477962 2.763025 1.856199
v 0.484782 2.763453 1.853623
v 0.489384 2.764583 1.848067
v 0.490536 2.766112 1.841020
v 0.488796 2.861801 1.845672
v 0.483119 2.862013 1.841083
v 0.475906 2.862071 1.839946
v 0.469089 2.861959 1.842563
v 0.464496 2.861707 1.848235
v 0.463357 2.861382 1.855441
v 0.465977 2.861072 1.862250
v 0.471654 2.860860 1.866839
v 0.478868 2.860802 1.867976
v 0.485684 2.860914 1.865359
v 0.490277 2.861166 1.859687
v 0.491416 2.861491 1.852481
v 0.488057 2.961739 1.842732
v 0.482383 2.961308 1.838154
v 0.475172 2.961127 1.837020
v 0.468354 2.961244 1.839634
v 0.463757 2.961627 1.845296
v 0.462612 2.962175 1.852487
v 0.465227 2.962739 1.859282
v 0.470901 2.963170 1.863860
v 0.478113 2.963351 1.864994
v 0.484930 2.963234 1.862380
v 0.489527 2.962851 1.856719
v 0.490672 2.962303 1.849527
v 0.486103 3.068547 1.829119
v 0.480436 3.067731 1.824586
v 0.473226 3.067406 1.823469
v 0.466406 3.067661 1.826067
v 0.461803 3.068426 1.831684
v 0.460650 3.069497 1.838815
v 0.463256 3.070587 1.845549
v 0.468922 3.071403 1.850082
v 0.476132 3.071728 1.851199
v 0.482952 3.071473 1.848601
v 0.487555 3.070708 1.842984
v 0.488709 3.069637 1.835853
v 0.483333 3.183263 1.808460
v 0.477670 3.182278 1.803955
v 0.470462 3.181892 1.802848
v 0.463640 3.182206 1.805436
v 0.459033 3.183137 1.811025
v 0.457875 3.184436 1.818117
v 0.460475 3.185754 1.824813
v 0.466138 3.186739 1.829317
v 0.473346 3.187125 1.830424
v 0.480168 3.186811 1.827836
v 0.484775 3.185880 1.822247
v 0.485934 3.184581 1.815155
v 0.480151 3.306916 1.784429
v 0.474488 3.305938 1.779924
v 0.467280 3.305554 1.778817
v 0.460459 3.305866 1.781405
v 0.455851 3.306790 1.786995
v 0.454693 3.308080 1.794089
v 0.457294 3.309389 1.800786
v 0.462957 3.310366 1.805292
v 0.470165 3.310751 1.806399
v 0.476987 3.310439 1.803810
v 0.481594 3.309514 1.798220
v 0.482752 3.308225 1.791126
v 0.476965 3.440547 1.760731
v 0.471299 3.439715 1.756200
v 0.464090 3.439385 1.755084
v 0.457269 3.439645 1.757681
v 0.452666 3.440425 1.763296
v 0.451512 3.441516 1.770424
v 0.454117 3.442626 1.777155
v 0.459784 3.443457 1.781685
v 0.466993 3.443787 1.782802
v 0.473813 3.443527 1.780205
v 0.478417 3.442747 1.774590
v 0.479571 3.441656 1.767462
v 0.474184 3.585207 1.741078
v 0.468512 3.584634 1.736514
v 0.461301 3.584400 1.735385
v 0.454483 3.584567 1.737994
v 0.449884 3.585092 1.743642
v 0.448737 3.585832 1.750816
v 0.451349 3.586590 1.757593
v 0.457020 3.587163 1.762158
v 0.464231 3.587397 1.763287
v 0.471050 3.587229 1.760678
v 0.475649 3.586705 1.755029
v 0.476796 3.585965 1.747856
v 0.472215 3.741950 1.729190
v 0.466540 3.741723 1.724601
v 0.459327 3.741617 1.723462
v 0.452510 3.741662 1.726081
v 0.447915 3.741844 1.731753
v 0.446774 3.742116 1.738961
v 0.449391 3.742405 1.745772
v 0.455067 3.742632 1.750362
v 0.462280 3.742738 1.751500
v 0.469097 3.742693 1.748882
v 0.473692 3.742511 1.743209
v 0.474833 3.742239 1.736001
v 0.471468 3.911819 1.728782
v 0.465791 3.911990 1.724192
v 0.458578 3.912032 1.723053
v 0.451761 3.911935 1.725672
v 0.447168 3.911724 1.731345
v 0.446029 3.911456 1.738554
v 0.448649 3.911203 1.745365
v 0.454326 3.911033 1.749955
v 0.461540 3.910990 1.751094
v 0.468356 3.911088 1.748475
v 0.472949 3.911299 1.742802
v 0.474088 3.911566 1.735594
vn 0.8276 0.3292 -0.4546
vn 0.8265 0.2890 -0.4830
vn 0.9957 -0.0091 -0.0926
vn 0.9954 -0.0094 -0.0956
vn 0.4336 0.5789 -0.6906
vn 0.4306 0.5104 -0.7444
vn -0.0791 0.6704 -0.7378
vn -0.0858 0.5919 -0.8014
vn -0.5701 0.5786 -0.5833
vn -0.5785 0.5096 -0.6369
vn -0.9052 0.3286 -0.2694
vn -0.9102 0.2877 -0.2980
vn -0.9931 -0.0101 0.1170
vn -0.9928 -0.0107 0.1194
vn -0.8133 -0.3437 0.4694
vn -0.8100 -0.3038 0.5017
vn -0.4204 -0.5836 0.6947
vn -0.4154 -0.5152 0.7497
vn 0.0793 -0.6702 0.7379
vn 0.0860 -0.5917 0.8016
vn 0.5584 -0.5832 0.5900
vn 0.5650 -0.5144 0.6451
vn 0.8945 -0.3431 0.2867
vn 0.8980 -0.3024 0.3196
vn 0.8219 0.2015 -0.5328
vn 0.9960 -0.0055 -0.0892
vn 0.4219 0.3550 -0.8342
vn -0.0967 0.4111 -0.9064
vn -0.5885 0.3532 -0.7272
vn -0.9160 0.1984 -0.3487
vn -0.9925 -0.0091 0.1215
vn -0.8039 -0.2125 0.5555
vn -0.4055 -0.3587 0.8407
vn 0.0969 -0.4112 0.9064
vn 0.5742 -0.3569 0.7368
vn 0.9033 -0.2094 0.3744
vn 0.8179 0.1078 -0.5651
vn 0.9960 -0.0006 -0.0894
vn 0.4155 0.1875 -0.8901
vn -0.1031 0.2158 -0.9710
vn -0.5932 0.1845 -0.7836
vn -0.9185 0.1028 -0.3818
vn -0.9927 -0.0064 0.1207
vn -0.8015 -0.1131 0.5872
vn -0.4007 -0.1895 0.8964
vn 0.1033 -0.2162 0.9709
vn 0.5803 -0.1866 0.7927
vn 0.9072 -0.1081 0.4066
vn 0.8150 0.0254 -0.5788
vn 0.9957 0.0033 -0.0926
vn 0.4121 0.0406 -0.9103
vn -0.1049 0.0447 -0.9935
vn -0.5931 0.0367 -0.8043
vn -0.9180 0.0187 -0.3961
vn -0.9931 -0.0044 0.1172
vn -0.8024 -0.0263 0.5962
vn -0.4007 -0.0412 0.9153
vn 0.1050 -0.0452 0.9934
vn 0.5832 -0.0374 0.8114
vn 0.9094 -0.0197 0.4155
vn 0.8132 -0.0350 -0.5809
vn 0.9953 0.0052 -0.0969
vn 0.4107 -0.0659 -0.9094
vn -0.1042 -0.0790 -0.9914
vn -0.5907 -0.0705 -0.8038
vn -0.9162 -0.0429 -0.3985
vn -0.9936 -0.0039 0.1129
vn -0.8050 0.0359 0.5922
vn -0.4032 0.0660 0.9127
vn 0.1043 0.0787 0.9914
vn 0.5842 0.0706 0.8085
vn 0.9105 0.0438 0.4112
vn 0.8119 -0.0718 -0.5794
vn 0.9949 0.0056 -0.1008
vn 0.4100 -0.1301 -0.9028
vn -0.1029 -0.1532 -0.9828
vn -0.5881 -0.1350 -0.7975
vn -0.9142 -0.0804 -0.3972
vn -0.9940 -0.0043 0.1092
vn -0.8075 0.0728 0.5853
vn -0.4061 0.1303 0.9045
vn 0.1030 0.1531 0.9828
vn 0.5847 0.1352 0.7999
vn 0.9112 0.0813 0.4039
vn 0.8107 -0.0881 -0.5788
vn 0.9946 0.0054 -0.1039
vn 0.4092 -0.1580 -0.8987
vn -0.1022 -0.1855 -0.9773
vn -0.5862 -0.1632 -0.7936
vn -0.9127 -0.0971 -0.3969
vn -0.9943 -0.0049 0.1061
vn -0.8095 0.0885 0.5804
vn -0.4081 0.1581 0.8991
vn 0.1022 0.1855 0.9773
vn 0.5853 0.1633 0.7942
vn 0.9119 0.0974 0.3986
vn 0.8094 -0.0878 -0.5807
vn 0.9943 0.0049 -0.1063
vn 0.4080 -0.1570 -0.8994
vn -0.1023 -0.1842 -0.9776
vn -0.5852 -0.1621 -0.7945
vn -0.9119 -0.0967 -0.3989
vn -0.9946 -0.0054 0.1037
vn -0.8108 0.0875 0.5788
vn -0.4093 0.1569 0.8988
vn 0.1023 0.1842 0.9776
vn 0.5863 0.1620 0.7937
vn 0.9128 0.0964 0.3968
vn 0.8081 -0.0741 -0.5844
vn 0.9941 0.0045 -0.1083
vn 0.4066 -0.1327 -0.9039
vn -0.1029 -0.1560 -0.9824
vn -0.5850 -0.1377 -0.7993
vn -0.9115 -0.0827 -0.4029
vn -0.9948 -0.0055 0.1017
vn -0.8115 0.0733 0.5798
vn -0.4097 0.1325 0.9026
vn 0.1029 0.1560 0.9824
vn 0.5877 0.1375 0.7973
vn 0.9139 0.0819 0.3977
vn 0.8068 -0.0494 -0.5887
vn 0.9939 0.0042 -0.1098
vn 0.4051 -0.0898 -0.9099
vn -0.1039 -0.1062 -0.9889
vn -0.5852 -0.0945 -0.8054
vn -0.9114 -0.0576 -0.4074
vn -0.9950 -0.0052 0.1001
vn -0.8118 0.0487 0.5819
vn -0.4096 0.0895 0.9079
vn 0.1038 0.1063 0.9889
vn 0.5891 0.0942 0.8025
vn 0.9149 0.0568 0.3997
vn 0.8058 -0.0163 -0.5919
vn 0.9938 0.0041 -0.1109
vn 0.4038 -0.0323 -0.9143
vn -0.1047 -0.0397 -0.9937
vn -0.5855 -0.0366 -0.8099
vn -0.9114 -0.0238 -0.4108
vn -0.9951 -0.0046 0.0989
vn -0.8120 0.0159 0.5834
vn -0.4094 0.0322 0.9118
vn 0.1046 0.0397 0.9937
vn 0.5903 0.0365 0.8063
vn 0.9157 0.0234 0.4012
vn 0.8053 0.0021 -0.5929
vn 0.9938 0.0041 -0.1114
vn 0.4031 -0.0004 -0.9152
vn -0.1049 -0.0028 -0.9945
vn -0.5852 -0.0045 -0.8109
vn -0.9112 -0.0050 -0.4118
vn -0.9951 -0.0041 0.0984
vn -0.8120 -0.0022 0.5837
vn -0.4092 0.0004 0.9125
vn 0.1049 0.0029 0.9945
vn 0.5905 0.0045 0.8071
vn 0.9159 0.0050 0.4015
vt 0.000000 1.000000
vt 0.000000 0.000000
vt 0.000000 0.083333
vt 0.000000 0.166667
vt 0.000000 0.250000
vt 0.000000 0.333333
vt 0.000000 0.416667
vt 0.000000 0.500000
vt 0.000000 0.583333
vt 0.000000 0.666667
vt 0.000000 0.750000
vt 0.000000 0.833333
vt 0.000000 0.916667
vt 0.083333 1.000000
vt 0.083333 0.000000
vt 0.083333 0.083333
vt 0.083333 0.166667
vt 0.083333 0.250000
vt 0.083333 0.333333
vt 0.083333 0.416667
vt 0.083333 0.500000
vt 0.083333 0.583333
vt 0.083333 0.666667
vt 0.083333 0.750000
vt 0.083333 0.833333
vt 0.083333 0.916667
vt 0.166667 1.000000
vt 0.166667 0.000000
vt 0.166667 0.083333
vt 0.166667 0.166667
vt 0.166667 0.250000
vt 0.166667 0.333333
vt 0.166667 0.416667
vt 0.166667 0.500000
vt 0.166667 0.583333
vt 0.166667 0.666667
vt 0.166667 0.750000
vt 0.166667 0.833333
vt 0.166667 0.916667
vt 0.250000 1.000000
vt 0.250000 0.000000
vt 0.250000 0.083333
vt 0.250000 0.166667
vt 0.250000 0.250000
vt 0.250000 0.333333
vt 0.250000 0.416667
vt 0.250000 0.500000
vt 0.250000 0.583333
vt 0.250000 0.666667
vt 0.250000 0.750000
vt 0.250000 0.833333
vt 0.250000 0.916667
vt 0.333333 1.000000
vt 0.333333 0.000000
vt 0.333333 0.083333
vt 0.333333 0.166667
vt 0.333333 0.250000
vt 0.333333 0.333333
vt 0.333333 0.416667
vt 0.333333 0.500000
vt 0.333333 0.583333
vt 0.333333 0.666667
vt 0.333333 0.750000
vt 0.333333 0.833333
vt 0.333333 0.916667
vt 0.416667 1.000000
vt 0.416667 0.000000
vt 0.416667 0.083333
vt 0.416667 0.166667
vt 0.416667 0.250000
vt 0.416667 0.333333
vt 0.416667 0.416667
vt 0.416667 0.500000
vt 0.416667 0.583333
vt 0.416667 0.666667
vt 0.416667 0.750000
vt 0.416667 0.833333
vt 0.416667 0.916667
vt 0.500000 1.000000
vt 0.500000 0.000000
vt 0.500000 0.083333
vt 0.500000 0.166667
vt 0.500000 0.250000
vt 0.500000 0.333333
vt 0.500000 0.416667
vt 0.500000 0.500000
vt 0.500000 0.583333
vt 0.500000 0.666667
vt 0.500000 0.750000
vt 0.500000 0.833333
vt 0.500000 0.916667
vt 0.583333 1.000000
vt 0.583333 0.000000
vt 0.583333 0.083333
vt 0.583333 0.166667
vt 0.583333 0.250000
vt 0.583333 0.333333
vt 0.583333 0.416667
vt 0.583333 0.500000
vt 0.583333 0.583333
vt 0.583333 0.666667
vt 0.583333 0.750000
vt 0.583333 0.833333
vt 0.583333 0.916667
vt 0.666667 1.000000
vt 0.666667 0.000000
vt 0.666667 0.083333
vt 0.666667 0.166667
vt 0.666667 0.250000
vt 0.666667 0.333333
vt 0.666667 0.416667
vt 0.666667 0.500000
vt 0.666667 0.583333
vt 0.666667 0.666667
vt 0.666667 0.750000
vt 0.666667 0.833333
vt 0.666667 0.916667
vt 0.750000 1.000000
vt 0.750000 0.000000
vt 0.750000 0.083333
vt 0.750000 0.166667
vt 0.750000 0.250000
vt 0.750000 0.333333
vt 0.750000 0.416667
vt 0.750000 0.500000
vt 0.750000 0.583333
vt 0.750000 0.666667
vt 0.750000 0.750000
vt 0.750000 0.833333
vt 0.750000 0.916667
vt 0.833333 1.000000
vt 0.833333 0.000000
vt 0.833333 0.083333
vt 0.833333 0.166667
vt 0.833333 0.250000
vt 0.833333 0.333333
vt 0.833333 0.416667
vt 0.833333 0.500000
vt 0.833333 0.583333
vt 0.833333 0.666667
vt 0.833333 0.750000
vt 0.833333 0.833333
vt 0.833333 0.916667
vt 0.916667 1.000000
vt 0.916667 0.000000
vt 0.916667 0.083333
vt 0.916667 0.166667
vt 0.916667 0.250000
vt 0.916667 0.333333
vt 0.916667 0.416667
vt 0.916667 0.500000
vt 0.916667 0.583333
vt 0.916667 0.666667
vt 0.916667 0.750000
vt 0.916667 0.833333
vt 0.916667 0.916667
vt 1.000000 1.000000
vt 1.000000 0.000000
vt 1.000000 0.083333
vt 1.000000 0.166667
vt 1.000000 0.250000
vt 1.000000 0.333333
vt 1.000000 0.416667
vt 1.000000 0.500000
vt 1.000000 0.583333
vt 1.000000 0.666667
vt 1.000000 0.750000
vt 1.000000 0.833333
vt 1.000000 0.916667
s 1
f 2332/3379/1737 2344/3392/1738 2355/3404/1739 2343/3391/1740
f 2333/3381/1741 2345/3394/1742 2344/3393/1738 2332/3380/1737
f 2334/3382/1743 2346/3395/1744 2345/3394/1742 2333/3381/1741
f 2335/3383/1745 2347/3396/1746 2346/3395/1744 2334/3382/1743
f 2336/3384/1747 2348/3397/1748 2347/3396/1746 2335/3383/1745
f 2337/3385/1749 2349/3398/1750 2348/3397/1748 2336/3384/1747
f 2338/3386/1751 2350/3399/1752 2349/3398/1750 2337/3385/1749
f 2339/3387/1753 2351/3400/1754 2350/3399/1752 2338/3386/1751
f 2340/3388/1755 2352/3401/1756 2351/3400/1754 2339/3387/1753
f 2341/3389/1757 2353/3402/1758 2352/3401/1756 2340/3388/1755
f 2342/3390/1759 2354/3403/1760 2353/3402/1758 2341/3389/1757
f 2343/3391/1740 2355/3404/1739 2354/3403/1760 2342/3390/1759
f 2344/3392/1738 2356/3405/1761 2367/3417/1762 2355/3404/1739
f 2345/3394/1742 2357/3407/1763 2356/3406/1761 2344/3393/1738
f 2346/3395/1744 2358/3408/1764 2357/3407/1763 2345/3394/1742
f 2347/3396/1746 2359/3409/1765 2358/3408/1764 2346/3395/1744
f 2348/3397/1748 2360/3410/1766 2359/3409/1765 2347/3396/1746
f 2349/3398/1750 2361/3411/1767 2360/3410/1766 2348/3397/1748
f 2350/3399/1752 2362/3412/1768 2361/3411/1767 2349/3398/1750
f 2351/3400/1754 2363/3413/1769 2362/3412/1768 2350/3399/1752
f 2352/3401/1756 2364/3414/1770 2363/3413/1769 2351/3400/1754
f 2353/3402/1758 2365/3415/1771 2364/3414/1770 2352/3401/1756
f 2354/3403/1760 2366/3416/1772 2365/3415/1771 2353/3402/1758
f 2355/3404/1739 2367/3417/1762 2366/3416/1772 2354/3403/1760
f 2356/3405/1761 2368/3418/1773 2379/3430/1774 2367/3417/1762
f 2357/3407/1763 2369/3420/1775 2368/3419/1773 2356/3406/1761
f 2358/3408/1764 2370/3421/1776 2369/3420/1775 2357/3407/1763
f 2359/3409/1765 2371/3422/1777 2370/3421/1776 2358/3408/1764
f 2360/3410/1766 2372/3423/1778 2371/3422/1777 2359/3409/1765
f 2361/3411/1767 2373/3424/1779 2372/3423/1778 2360/3410/1766
f 2362/3412/1768 2374/3425/1780 2373/3424/1779 2361/3411/1767
f 2363/3413/1769 2375/3426/1781 2374/3425/1780 2362/3412/1768
f 2364/3414/1770 2376/3427/1782 2375/3426/1781 2363/3413/1769
f 2365/3415/1771 2377/3428/1783 2376/3427/1782 2364/3414/1770
f 2366/3416/1772 2378/3429/1784 2377/3428/1783 2365/3415/1771
f 2367/3417/1762 2379/3430/1774 2378/3429/1784 2366/3416/1772
f 2368/3418/1773 2380/3431/1785 2391/3443/1786 2379/3430/1774
f 2369/3420/1775 2381/3433/1787 2380/3432/1785 2368/3419/1773
f 2370/3421/1776 2382/3434/1788 2381/3433/1787 2369/3420/1775
f 2371/3422/1777 2383/3435/1789 2382/3434/1788 2370/3421/1776
f 2372/3423/1778 2384/3436/1790 2383/3435/1789 2371/3422/1777
f 2373/3424/1779 2385/3437/1791 2384/3436/1790 2372/3423/1778
f 2374/3425/1780 2386/3438/1792 2385/3437/1791 2373/3424/1779
f 2375/3426/1781 2387/3439/1793 2386/3438/1792 2374/3425/1780
f 2376/3427/1782 2388/3440/1794 2387/3439/1793 2375/3426/1781
f 2377/3428/1783 2389/3441/1795 2388/3440/1794 2376/3427/1782
f 2378/3429/1784 2390/3442/1796 2389/3441/1795 2377/3428/1783
f 2379/3430/1774 2391/3443/1786 2390/3442/1796 2378/3429/1784
f 2380/3431/1785 2392/3444/1797 2403/3456/1798 2391/3443/1786
f 2381/3433/1787 2393/3446/1799 2392/3445/1797 2380/3432/1785
f 2382/3434/1788 2394/3447/1800 2393/3446/1799 2381/3433/1787
f 2383/3435/1789 2395/3448/1801 2394/3447/1800 2382/3434/1788
f 2384/3436/1790 2396/3449/1802 2395/3448/1801 2383/3435/1789
f 2385/3437/1791 2397/3450/1803 2396/3449/1802 2384/3436/1790
f 2386/3438/1792 2398/3451/1804 2397/3450/1803 2385/3437/1791
f 2387/3439/1793 2399/3452/1805 2398/3451/1804 2386/3438/1792
f 2388/3440/1794 2400/3453/1806 2399/3452/1805 2387/3439/1793
f 2389/3441/1795 2401/3454/1807 2400/3453/1806 2388/3440/1794
f 2390/3442/1796 2402/3455/1808 2401/3454/1807 2389/3441/1795
f 2391/3443/1786 2403/3456/1798 2402/3455/1808 2390/3442/1796
f 2392/3444/1797 2404/3457/1809 2415/3469/1810 2403/3456/1798
f 2393/3446/1799 2405/3459/1811 2404/3458/1809 2392/3445/1797
f 2394/3447/1800 2406/3460/1812 2405/3459/1811 2393/3446/1799
f 2395/3448/1801 2407/3461/1813 2406/3460/1812 2394/3447/1800
f 2396/3449/1802 2408/3462/1814 2407/3461/1813 2395/3448/1801
f 2397/3450/1803 2409/3463/1815 2408/3462/1814 2396/3449/1802
f 2398/3451/1804 2410/3464/1816 2409/3463/1815 2397/3450/1803
f 2399/3452/1805 2411/3465/1817 2410/3464/1816 2398/3451/1804
f 2400/3453/1806 2412/3466/1818 2411/3465/1817 2399/3452/1805
f 2401/3454/1807 2413/3467/1819 2412/3466/1818 2400/3453/1806
f 2402/3455/1808 2414/3468/1820 2413/3467/1819 2401/3454/1807
f 2403/3456/1798 2415/3469/1810 2414/3468/1820 2402/3455/1808
f 2404/3457/1809 2416/3470/1821 2427/3482/1822 2415/3469/1810
f 2405/3459/1811 2417/3472/1823 2416/3471/1821 2404/3458/1809
f 2406/3460/1812 2418/3473/1824 2417/3472/1823 2405/3459/1811
f 2407/3461/1813 2419/3474/1825 2418/3473/1824 2406/3460/1812
f 2408/3462/1814 2420/3475/1826 2419/3474/1825 2407/3461/1813
f 2409/3463/1815 2421/3476/1827 2420/3475/1826 2408/3462/1814
f 2410/3464/1816 2422/3477/1828 2421/3476/1827 2409/3463/1815
f 2411/3465/1817 2423/3478/1829 2422/3477/1828 2410/3464/1816
f 2412/3466/1818 2424/3479/1830 2423/3478/1829 2411/3465/1817
f 2413/3467/1819 2425/3480/1831 2424/3479/1830 2412/3466/1818
f 2414/3468/1820 2426/3481/1832 2425/3480/1831 2413/3467/1819
f 2415/3469/1810 2427/3482/1822 2426/3481/1832 2414/3468/1820
f 2416/3470/1821 2428/3483/1833 2439/3495/1834 2427/3482/1822
f 2417/3472/1823 2429/3485/1835 2428/3484/1833 2416/3471/1821
f 2418/3473/1824 2430/3486/1836 2429/3485/1835 2417/3472/1823
f 2419/3474/1825 2431/3487/1837 2430/3486/1836 2418/3473/1824
f 2420/3475/1826 2432/3488/1838 2431/3487/1837 2419/3474/1825
f 2421/3476/1827 2433/3489/1839 2432/3488/1838 2420/3475/1826
f 2422/3477/1828 2434/3490/1840 2433/3489/1839 2421/3476/1827
f 2423/3478/1829 2435/3491/1841 2434/3490/1840 2422/3477/1828
f 2424/3479/1830 2436/3492/1842 2435/3491/1841 2423/3478/1829
f 2425/3480/1831 2437/3493/1843 2436/3492/1842 2424/3479/1830
f 2426/3481/1832 2438/3494/1844 2437/3493/1843 2425/3480/1831
f 2427/3482/1822 2439/3495/1834 2438/3494/1844 2426/3481/1832
f 2428/3483/1833 2440/3496/1845 2451/3508/1846 2439/3495/1834
f 2429/3485/1835 2441/3498/1847 2440/3497/1845 2428/3484/1833
f 2430/3486/1836 2442/3499/1848 2441/3498/1847 2429/3485/1835
f 2431/3487/1837 2443/3500/1849 2442/3499/1848 2430/3486/1836
f 2432/3488/1838 2444/3501/1850 2443/3500/1849 2431/3487/1837
f 2433/3489/1839 2445/3502/1851 2444/3501/1850 2432/3488/1838
f 2434/3490/1840 2446/3503/1852 2445/3502/1851 2433/3489/1839
f 2435/3491/1841 2447/3504/1853 2446/3503/1852 2434/3490/1840
f 2436/3492/1842 2448/3505/1854 2447/3504/1853 2435/3491/1841
f 2437/3493/1843 2449/3506/1855 2448/3505/1854 2436/3492/1842
f 2438/3494/1844 2450/3507/1856 2449/3506/1855 2437/3493/1843
f 2439/3495/1834 2451/3508/1846 2450/3507/1856 2438/3494/1844
f 2440/3496/1845 2452/3509/1857 2463/3521/1858 2451/3508/1846
f 2441/3498/1847 2453/3511/1859 2452/3510/1857 2440/3497/1845
f 2442/3499/1848 2454/3512/1860 2453/3511/1859 2441/3498/1847
f 2443/3500/1849 2455/3513/1861 2454/3512/1860 2442/3499/1848
f 2444/3501/1850 2456/3514/1862 2455/3513/1861 2443/3500/1849
f 2445/3502/1851 2457/3515/1863 2456/3514/1862 2444/3501/1850
f 2446/3503/1852 2458/3516/1864 2457/3515/1863 2445/3502/1851
f 2447/3504/1853 2459/3517/1865 2458/3516/1864 2446/3503/1852
f 2448/3505/1854 2460/3518/1866 2459/3517/1865 2447/3504/1853
f 2449/3506/1855 2461/3519/1867 2460/3518/1866 2448/3505/1854
f 2450/3507/1856 2462/3520/1868 2461/3519/1867 2449/3506/1855
f 2451/3508/1846 2463/3521/1858 2462/3520/1868 2450/3507/1856
f 2452/3509/1857 2464/3522/1869 2475/3534/1870 2463/3521/1858
f 2453/3511/1859 2465/3524/1871 2464/3523/1869 2452/3510/1857
f 2454/3512/1860 2466/3525/1872 2465/3524/1871 2453/3511/1859
f 2455/3513/1861 2467/3526/1873 2466/3525/1872 2454/3512/1860
f 2456/3514/1862 2468/3527/1874 2467/3526/1873 2455/3513/1861
f 2457/3515/1863 2469/3528/1875 2468/3527/1874 2456/3514/1862
f 2458/3516/1864 2470/3529/1876 2469/3528/1875 2457/3515/1863
f 2459/3517/1865 2471/3530/1877 2470/3529/1876 2458/3516/1864
f 2460/3518/1866 2472/3531/1878 2471/3530/1877 2459/3517/1865
f 2461/3519/1867 2473/3532/1879 2472/3531/1878 2460/3518/1866
f 2462/3520/1868 2474/3533/1880 2473/3532/1879 2461/3519/1867
f 2463/3521/1858 2475/3534/1870 2474/3533/1880 2462/3520/1868
f 2464/3522/1869 2476/3535/1881 2487/3547/1882 2475/3534/1870
f 2465/3524/1871 2477/3537/1883 2476/3536/1881 2464/3523/1869
f 2466/3525/1872 2478/3538/1884 2477/3537/1883 2465/3524/1871
f 2467/3526/1873 2479/3539/1885 2478/3538/1884 2466/3525/1872
f 2468/3527/1874 2480/3540/1886 2479/3539/1885 2467/3526/1873
f 2469/3528/1875 2481/3541/1887 2480/3540/1886 2468/3527/1874
f 2470/3529/1876 2482/3542/1888 2481/3541/1887 2469/3528/1875
f 2471/3530/1877 2483/3543/1889 2482/3542/1888 2470/3529/1876
f 2472/3531/1878 2484/3544/1890 2483/3543/1889 2471/3530/1877
f 2473/3532/1879 2485/3545/1891 2484/3544/1890 2472/3531/1878
f 2474/3533/1880 2486/3546/1892 2485/3545/1891 2473/3532/1879
f 2475/3534/1870 2487/3547/1882 2486/3546/1892 2474/3533/1880
o BezierKrzywa.003
v 0.514647 2.525784 2.229937
v 0.509137 2.529568 2.226994
v 0.501987 2.530952 2.226468
v 0.495110 2.529568 2.228499
v 0.490351 2.525784 2.232544
v 0.488984 2.520616 2.237519
v 0.491375 2.515447 2.242090
v 0.496884 2.511663 2.245033
v 0.504035 2.510279 2.245559
v 0.510911 2.511663 2.243528
v 0.515671 2.515447 2.239483
v 0.517038 2.520616 2.234509
v 0.522744 2.610382 2.305931
v 0.517166 2.613434 2.302340
v 0.509989 2.614547 2.301572
v 0.503138 2.613422 2.303835
v 0.498446 2.610363 2.308521
v 0.497173 2.606187 2.314375
v 0.499658 2.602014 2.319828
v 0.505236 2.598962 2.323420
v 0.512413 2.597849 2.324187
v 0.519265 2.598973 2.321924
v 0.523956 2.602033 2.317238
v 0.525229 2.606209 2.311384
v 0.528015 2.696875 2.356568
v 0.522380 2.698989 2.352432
v 0.515183 2.699753 2.351462
v 0.508351 2.698964 2.353918
v 0.503716 2.696831 2.359143
v 0.502519 2.693927 2.365736
v 0.505082 2.691031 2.371930
v 0.510717 2.688917 2.376066
v 0.517914 2.688152 2.377036
v 0.524746 2.688942 2.374580
v 0.529381 2.691075 2.369355
v 0.530577 2.693978 2.362762
v 0.530881 2.786528 2.385684
v 0.525213 2.787628 2.381213
v 0.518003 2.788016 2.380119
v 0.511184 2.787587 2.382695
v 0.506581 2.786457 2.388251
v 0.505429 2.784928 2.395298
v 0.508037 2.783410 2.401948
v 0.513705 2.782309 2.406420
v 0.520914 2.781922 2.407514
v 0.527734 2.782350 2.404938
v 0.532337 2.783480 2.399382
v 0.533488 2.785009 2.392335
v 0.531748 2.880698 2.396987
v 0.526071 2.880910 2.392398
v 0.518858 2.880968 2.391261
v 0.512041 2.880856 2.393878
v 0.507448 2.880604 2.399550
v 0.506309 2.880279 2.406756
v 0.508929 2.879969 2.413565
v 0.514606 2.879757 2.418154
v 0.521820 2.879699 2.419291
v 0.528636 2.879811 2.416674
v 0.533229 2.880064 2.411002
v 0.534369 2.880388 2.403796
v 0.531009 2.980636 2.394047
v 0.525336 2.980205 2.389469
v 0.518124 2.980024 2.388335
v 0.511306 2.980141 2.390949
v 0.506709 2.980525 2.396610
v 0.505565 2.981072 2.403802
v 0.508179 2.981637 2.410597
v 0.513853 2.982067 2.415175
v 0.521065 2.982248 2.416309
v 0.527883 2.982131 2.413695
v 0.532480 2.981748 2.408034
v 0.533624 2.981200 2.400842
v 0.529055 3.087444 2.380434
v 0.523388 3.086628 2.375901
v 0.516179 3.086303 2.374784
v 0.509358 3.086558 2.377382
v 0.504755 3.087323 2.382999
v 0.503602 3.088394 2.390130
v 0.506208 3.089484 2.396864
v 0.511875 3.090300 2.401397
v 0.519084 3.090625 2.402514
v 0.525904 3.090370 2.399916
v 0.530508 3.089605 2.394299
v 0.531661 3.088534 2.387168
v 0.526285 3.202160 2.359774
v 0.520622 3.201175 2.355270
v 0.513414 3.200789 2.354163
v 0.506592 3.201103 2.356751
v 0.501985 3.202034 2.362340
v 0.500827 3.203333 2.369432
v 0.503427 3.204651 2.376127
v 0.509090 3.205636 2.380632
v 0.516298 3.206023 2.381738
v 0.523120 3.205708 2.379151
v 0.527727 3.204777 2.373562
v 0.528886 3.203478 2.366470
v 0.523103 3.325813 2.335744
v 0.517440 3.324835 2.331239
v 0.510232 3.324451 2.330131
v 0.503411 3.324763 2.332720
v 0.498804 3.325687 2.338310
v 0.497645 3.326977 2.345404
v 0.500246 3.328286 2.352101
v 0.505909 3.329263 2.356606
v 0.513117 3.329648 2.357713
v 0.519939 3.329336 2.355125
v 0.524546 3.328411 2.349535
v 0.525704 3.327122 2.342441
v 0.519918 3.459444 2.312045
v 0.514251 3.458612 2.307515
v 0.507042 3.458282 2.306398
v 0.500221 3.458542 2.308995
v 0.495618 3.459322 2.314610
v 0.494464 3.460413 2.321738
v 0.497070 3.461523 2.328470
v 0.502736 3.462354 2.333000
v 0.509945 3.462684 2.334116
v 0.516766 3.462424 2.331519
v 0.521369 3.461644 2.325905
v 0.522523 3.460553 2.318777
v 0.517136 3.604104 2.292393
v 0.511464 3.603531 2.287828
v 0.504253 3.603297 2.286700
v 0.497435 3.603464 2.289309
v 0.492836 3.603989 2.294957
v 0.491689 3.604729 2.302131
v 0.494301 3.605487 2.308908
v 0.499972 3.606060 2.313473
v 0.507183 3.606294 2.314602
v 0.514002 3.606127 2.311992
v 0.518601 3.605602 2.306344
v 0.519748 3.604862 2.299170
v 0.515167 3.760847 2.280505
v 0.509492 3.760620 2.275915
v 0.502279 3.760514 2.274777
v 0.495462 3.760559 2.277395
v 0.490867 3.760741 2.283068
v 0.489726 3.761014 2.290276
v 0.492344 3.761302 2.297087
v 0.498019 3.761529 2.301677
v 0.505232 3.761635 2.302815
v 0.512049 3.761590 2.300197
v 0.516644 3.761408 2.294524
v 0.517785 3.761136 2.287316
v 0.514421 3.930717 2.280097
v 0.508743 3.930887 2.275507
v 0.501530 3.930929 2.274369
v 0.494714 3.930832 2.276987
v 0.490120 3.930621 2.282660
v 0.488981 3.930353 2.289868
v 0.491601 3.930100 2.296680
v 0.497279 3.929930 2.301270
v 0.504492 3.929888 2.302408
v 0.511308 3.929985 2.299790
v 0.515902 3.930196 2.294117
v 0.517041 3.930464 2.286909
vn 0.8276 0.3292 -0.4546
vn 0.8265 0.2890 -0.4830
vn 0.9957 -0.0091 -0.0926
vn 0.9954 -0.0094 -0.0956
vn 0.4336 0.5789 -0.6906
vn 0.4306 0.5104 -0.7444
vn -0.0791 0.6704 -0.7378
vn -0.0858 0.5919 -0.8014
vn -0.5701 0.5786 -0.5833
vn -0.5785 0.5096 -0.6369
vn -0.9052 0.3286 -0.2694
vn -0.9102 0.2877 -0.2980
vn -0.9931 -0.0101 0.1170
vn -0.9928 -0.0107 0.1193
vn -0.8133 -0.3437 0.4694
vn -0.8100 -0.3038 0.5017
vn -0.4204 -0.5836 0.6947
vn -0.4154 -0.5152 0.7497
vn 0.0793 -0.6702 0.7380
vn 0.0860 -0.5917 0.8016
vn 0.5584 -0.5832 0.5900
vn 0.5650 -0.5144 0.6451
vn 0.8945 -0.3431 0.2867
vn 0.8980 -0.3024 0.3196
vn 0.8219 0.2015 -0.5328
vn 0.9960 -0.0055 -0.0892
vn 0.4219 0.3550 -0.8342
vn -0.0967 0.4111 -0.9064
vn -0.5885 0.3532 -0.7272
vn -0.9160 0.1984 -0.3487
vn -0.9925 -0.0091 0.1215
vn -0.8039 -0.2125 0.5555
vn -0.4055 -0.3587 0.8407
vn 0.0969 -0.4112 0.9064
vn 0.5742 -0.3569 0.7368
vn 0.9033 -0.2094 0.3745
vn 0.8179 0.1078 -0.5651
vn 0.9960 -0.0006 -0.0894
vn 0.4155 0.1875 -0.8901
vn -0.1031 0.2158 -0.9710
vn -0.5932 0.1845 -0.7836
vn -0.9185 0.1028 -0.3818
vn -0.9927 -0.0064 0.1207
vn -0.8015 -0.1131 0.5872
vn -0.4007 -0.1895 0.8964
vn 0.1033 -0.2162 0.9709
vn 0.5803 -0.1866 0.7927
vn 0.9072 -0.1081 0.4066
vn 0.8150 0.0254 -0.5788
vn 0.9957 0.0033 -0.0926
vn 0.4121 0.0406 -0.9103
vn -0.1049 0.0447 -0.9935
vn -0.5931 0.0367 -0.8043
vn -0.9180 0.0187 -0.3961
vn -0.9931 -0.0044 0.1172
vn -0.8024 -0.0263 0.5962
vn -0.4007 -0.0412 0.9153
vn 0.1050 -0.0452 0.9934
vn 0.5832 -0.0374 0.8114
vn 0.9094 -0.0197 0.4155
vn 0.8132 -0.0350 -0.5809
vn 0.9953 0.0052 -0.0969
vn 0.4107 -0.0659 -0.9094
vn -0.1042 -0.0790 -0.9914
vn -0.5907 -0.0705 -0.8038
vn -0.9162 -0.0429 -0.3985
vn -0.9936 -0.0039 0.1129
vn -0.8050 0.0359 0.5922
vn -0.4032 0.0660 0.9127
vn 0.1043 0.0787 0.9914
vn 0.5842 0.0706 0.8085
vn 0.9105 0.0438 0.4112
vn 0.8119 -0.0718 -0.5794
vn 0.9949 0.0056 -0.1008
vn 0.4100 -0.1301 -0.9028
vn -0.1030 -0.1532 -0.9828
vn -0.5881 -0.1350 -0.7975
vn -0.9142 -0.0804 -0.3972
vn -0.9940 -0.0043 0.1092
vn -0.8075 0.0728 0.5853
vn -0.4060 0.1303 0.9045
vn 0.1030 0.1531 0.9828
vn 0.5847 0.1352 0.7999
vn 0.9112 0.0813 0.4039
vn 0.8107 -0.0881 -0.5788
vn 0.9946 0.0054 -0.1039
vn 0.4092 -0.1580 -0.8987
vn -0.1022 -0.1855 -0.9773
vn -0.5862 -0.1632 -0.7936
vn -0.9127 -0.0971 -0.3969
vn -0.9943 -0.0049 0.1061
vn -0.8095 0.0885 0.5804
vn -0.4081 0.1581 0.8991
vn 0.1022 0.1855 0.9773
vn 0.5853 0.1633 0.7942
vn 0.9119 0.0974 0.3986
vn 0.8094 -0.0878 -0.5807
vn 0.9943 0.0049 -0.1063
vn 0.4080 -0.1570 -0.8994
vn -0.1023 -0.1842 -0.9776
vn -0.5852 -0.1621 -0.7945
vn -0.9119 -0.0967 -0.3989
vn -0.9946 -0.0054 0.1037
vn -0.8108 0.0875 0.5788
vn -0.4093 0.1569 0.8988
vn 0.1022 0.1842 0.9776
vn 0.5863 0.1620 0.7937
vn 0.9128 0.0964 0.3968
vn 0.8081 -0.0741 -0.5844
vn 0.9941 0.0045 -0.1083
vn 0.4066 -0.1327 -0.9039
vn -0.1029 -0.1560 -0.9824
vn -0.5850 -0.1377 -0.7993
vn -0.9115 -0.0827 -0.4029
vn -0.9948 -0.0055 0.1017
vn -0.8115 0.0733 0.5798
vn -0.4097 0.1325 0.9026
vn 0.1029 0.1560 0.9824
vn 0.5877 0.1375 0.7973
vn 0.9139 0.0819 0.3977
vn 0.8068 -0.0494 -0.5887
vn 0.9939 0.0042 -0.1098
vn 0.4050 -0.0898 -0.9099
vn -0.1039 -0.1062 -0.9889
vn -0.5852 -0.0945 -0.8054
vn -0.9114 -0.0576 -0.4074
vn -0.9950 -0.0052 0.1001
vn -0.8118 0.0487 0.5819
vn -0.4096 0.0895 0.9079
vn 0.1038 0.1063 0.9889
vn 0.5891 0.0943 0.8025
vn 0.9149 0.0568 0.3997
vn 0.8058 -0.0163 -0.5919
vn 0.9938 0.0041 -0.1109
vn 0.4038 -0.0323 -0.9143
vn -0.1047 -0.0397 -0.9937
vn -0.5855 -0.0366 -0.8099
vn -0.9114 -0.0238 -0.4108
vn -0.9951 -0.0046 0.0989
vn -0.8120 0.0159 0.5834
vn -0.4094 0.0322 0.9118
vn 0.1046 0.0397 0.9937
vn 0.5903 0.0365 0.8063
vn 0.9157 0.0234 0.4012
vn 0.8053 0.0021 -0.5929
vn 0.9938 0.0041 -0.1114
vn 0.4031 -0.0004 -0.9152
vn -0.1049 -0.0028 -0.9945
vn -0.5852 -0.0045 -0.8109
vn -0.9112 -0.0050 -0.4118
vn -0.9951 -0.0041 0.0984
vn -0.8120 -0.0022 0.5837
vn -0.4091 0.0004 0.9125
vn 0.1049 0.0029 0.9945
vn 0.5905 0.0045 0.8071
vn 0.9159 0.0050 0.4015
vt 0.000000 1.000000
vt 0.000000 0.000000
vt 0.000000 0.083333
vt 0.000000 0.166667
vt 0.000000 0.250000
vt 0.000000 0.333333
vt 0.000000 0.416667
vt 0.000000 0.500000
vt 0.000000 0.583333
vt 0.000000 0.666667
vt 0.000000 0.750000
vt 0.000000 0.833333
vt 0.000000 0.916667
vt 0.083333 1.000000
vt 0.083333 0.000000
vt 0.083333 0.083333
vt 0.083333 0.166667
vt 0.083333 0.250000
vt 0.083333 0.333333
vt 0.083333 0.416667
vt 0.083333 0.500000
vt 0.083333 0.583333
vt 0.083333 0.666667
vt 0.083333 0.750000
vt 0.083333 0.833333
vt 0.083333 0.916667
vt 0.166667 1.000000
vt 0.166667 0.000000
vt 0.166667 0.083333
vt 0.166667 0.166667
vt 0.166667 0.250000
vt 0.166667 0.333333
vt 0.166667 0.416667
vt 0.166667 0.500000
vt 0.166667 0.583333
vt 0.166667 0.666667
vt 0.166667 0.750000
vt 0.166667 0.833333
vt 0.166667 0.916667
vt 0.250000 1.000000
vt 0.250000 0.000000
vt 0.250000 0.083333
vt 0.250000 0.166667
vt 0.250000 0.250000
vt 0.250000 0.333333
vt 0.250000 0.416667
vt 0.250000 0.500000
vt 0.250000 0.583333
vt 0.250000 0.666667
vt 0.250000 0.750000
vt 0.250000 0.833333
vt 0.250000 0.916667
vt 0.333333 1.000000
vt 0.333333 0.000000
vt 0.333333 0.083333
vt 0.333333 0.166667
vt 0.333333 0.250000
vt 0.333333 0.333333
vt 0.333333 0.416667
vt 0.333333 0.500000
vt 0.333333 0.583333
vt 0.333333 0.666667
vt 0.333333 0.750000
vt 0.333333 0.833333
vt 0.333333 0.916667
vt 0.416667 1.000000
vt 0.416667 0.000000
vt 0.416667 0.083333
vt 0.416667 0.166667
vt 0.416667 0.250000
vt 0.416667 0.333333
vt 0.416667 0.416667
vt 0.416667 0.500000
vt 0.416667 0.583333
vt 0.416667 0.666667
vt 0.416667 0.750000
vt 0.416667 0.833333
vt 0.416667 0.916667
vt 0.500000 1.000000
vt 0.500000 0.000000
vt 0.500000 0.083333
vt 0.500000 0.166667
vt 0.500000 0.250000
vt 0.500000 0.333333
vt 0.500000 0.416667
vt 0.500000 0.500000
vt 0.500000 0.583333
vt 0.500000 0.666667
vt 0.500000 0.750000
vt 0.500000 0.833333
vt 0.500000 0.916667
vt 0.583333 1.000000
vt 0.583333 0.000000
vt 0.583333 0.083333
vt 0.583333 0.166667
vt 0.583333 0.250000
vt 0.583333 0.333333
vt 0.583333 0.416667
vt 0.583333 0.500000
vt 0.583333 0.583333
vt 0.583333 0.666667
vt 0.583333 0.750000
vt 0.583333 0.833333
vt 0.583333 0.916667
vt 0.666667 1.000000
vt 0.666667 0.000000
vt 0.666667 0.083333
vt 0.666667 0.166667
vt 0.666667 0.250000
vt 0.666667 0.333333
vt 0.666667 0.416667
vt 0.666667 0.500000
vt 0.666667 0.583333
vt 0.666667 0.666667
vt 0.666667 0.750000
vt 0.666667 0.833333
vt 0.666667 0.916667
vt 0.750000 1.000000
vt 0.750000 0.000000
vt 0.750000 0.083333
vt 0.750000 0.166667
vt 0.750000 0.250000
vt 0.750000 0.333333
vt 0.750000 0.416667
vt 0.750000 0.500000
vt 0.750000 0.583333
vt 0.750000 0.666667
vt 0.750000 0.750000
vt 0.750000 0.833333
vt 0.750000 0.916667
vt 0.833333 1.000000
vt 0.833333 0.000000
vt 0.833333 0.083333
vt 0.833333 0.166667
vt 0.833333 0.250000
vt 0.833333 0.333333
vt 0.833333 0.416667
vt 0.833333 0.500000
vt 0.833333 0.583333
vt 0.833333 0.666667
vt 0.833333 0.750000
vt 0.833333 0.833333
vt 0.833333 0.916667
vt 0.916667 1.000000
vt 0.916667 0.000000
vt 0.916667 0.083333
vt 0.916667 0.166667
vt 0.916667 0.250000
vt 0.916667 0.333333
vt 0.916667 0.416667
vt 0.916667 0.500000
vt 0.916667 0.583333
vt 0.916667 0.666667
vt 0.916667 0.750000
vt 0.916667 0.833333
vt 0.916667 0.916667
vt 1.000000 1.000000
vt 1.000000 0.000000
vt 1.000000 0.083333
vt 1.000000 0.166667
vt 1.000000 0.250000
vt 1.000000 0.333333
vt 1.000000 0.416667
vt 1.000000 0.500000
vt 1.000000 0.583333
vt 1.000000 0.666667
vt 1.000000 0.750000
vt 1.000000 0.833333
vt 1.000000 0.916667
s 1
f 2488/3548/1893 2500/3561/1894 2511/3573/1895 2499/3560/1896
f 2489/3550/1897 2501/3563/1898 2500/3562/1894 2488/3549/1893
f 2490/3551/1899 2502/3564/1900 2501/3563/1898 2489/3550/1897
f 2491/3552/1901 2503/3565/1902 2502/3564/1900 2490/3551/1899
f 2492/3553/1903 2504/3566/1904 2503/3565/1902 2491/3552/1901
f 2493/3554/1905 2505/3567/1906 2504/3566/1904 2492/3553/1903
f 2494/3555/1907 2506/3568/1908 2505/3567/1906 2493/3554/1905
f 2495/3556/1909 2507/3569/1910 2506/3568/1908 2494/3555/1907
f 2496/3557/1911 2508/3570/1912 2507/3569/1910 2495/3556/1909
f 2497/3558/1913 2509/3571/1914 2508/3570/1912 2496/3557/1911
f 2498/3559/1915 2510/3572/1916 2509/3571/1914 2497/3558/1913
f 2499/3560/1896 2511/3573/1895 2510/3572/1916 2498/3559/1915
f 2500/3561/1894 2512/3574/1917 2523/3586/1918 2511/3573/1895
f 2501/3563/1898 2513/3576/1919 2512/3575/1917 2500/3562/1894
f 2502/3564/1900 2514/3577/1920 2513/3576/1919 2501/3563/1898
f 2503/3565/1902 2515/3578/1921 2514/3577/1920 2502/3564/1900
f 2504/3566/1904 2516/3579/1922 2515/3578/1921 2503/3565/1902
f 2505/3567/1906 2517/3580/1923 2516/3579/1922 2504/3566/1904
f 2506/3568/1908 2518/3581/1924 2517/3580/1923 2505/3567/1906
f 2507/3569/1910 2519/3582/1925 2518/3581/1924 2506/3568/1908
f 2508/3570/1912 2520/3583/1926 2519/3582/1925 2507/3569/1910
f 2509/3571/1914 2521/3584/1927 2520/3583/1926 2508/3570/1912
f 2510/3572/1916 2522/3585/1928 2521/3584/1927 2509/3571/1914
f 2511/3573/1895 2523/3586/1918 2522/3585/1928 2510/3572/1916
f 2512/3574/1917 2524/3587/1929 2535/3599/1930 2523/3586/1918
f 2513/3576/1919 2525/3589/1931 2524/3588/1929 2512/3575/1917
f 2514/3577/1920 2526/3590/1932 2525/3589/1931 2513/3576/1919
f 2515/3578/1921 2527/3591/1933 2526/3590/1932 2514/3577/1920
f 2516/3579/1922 2528/3592/1934 2527/3591/1933 2515/3578/1921
f 2517/3580/1923 2529/3593/1935 2528/3592/1934 2516/3579/1922
f 2518/3581/1924 2530/3594/1936 2529/3593/1935 2517/3580/1923
f 2519/3582/1925 2531/3595/1937 2530/3594/1936 2518/3581/1924
f 2520/3583/1926 2532/3596/1938 2531/3595/1937 2519/3582/1925
f 2521/3584/1927 2533/3597/1939 2532/3596/1938 2520/3583/1926
f 2522/3585/1928 2534/3598/1940 2533/3597/1939 2521/3584/1927
f 2523/3586/1918 2535/3599/1930 2534/3598/1940 2522/3585/1928
f 2524/3587/1929 2536/3600/1941 2547/3612/1942 2535/3599/1930
f 2525/3589/1931 2537/3602/1943 2536/3601/1941 2524/3588/1929
f 2526/3590/1932 2538/3603/1944 2537/3602/1943 2525/3589/1931
f 2527/3591/1933 2539/3604/1945 2538/3603/1944 2526/3590/1932
f 2528/3592/1934 2540/3605/1946 2539/3604/1945 2527/3591/1933
f 2529/3593/1935 2541/3606/1947 2540/3605/1946 2528/3592/1934
f 2530/3594/1936 2542/3607/1948 2541/3606/1947 2529/3593/1935
f 2531/3595/1937 2543/3608/1949 2542/3607/1948 2530/3594/1936
f 2532/3596/1938 2544/3609/1950 2543/3608/1949 2531/3595/1937
f 2533/3597/1939 2545/3610/1951 2544/3609/1950 2532/3596/1938
f 2534/3598/1940 2546/3611/1952 2545/3610/1951 2533/3597/1939
f 2535/3599/1930 2547/3612/1942 2546/3611/1952 2534/3598/1940
f 2536/3600/1941 2548/3613/1953 2559/3625/1954 2547/3612/1942
f 2537/3602/1943 2549/3615/1955 2548/3614/1953 2536/3601/1941
f 2538/3603/1944 2550/3616/1956 2549/3615/1955 2537/3602/1943
f 2539/3604/1945 2551/3617/1957 2550/3616/1956 2538/3603/1944
f 2540/3605/1946 2552/3618/1958 2551/3617/1957 2539/3604/1945
f 2541/3606/1947 2553/3619/1959 2552/3618/1958 2540/3605/1946
f 2542/3607/1948 2554/3620/1960 2553/3619/1959 2541/3606/1947
f 2543/3608/1949 2555/3621/1961 2554/3620/1960 2542/3607/1948
f 2544/3609/1950 2556/3622/1962 2555/3621/1961 2543/3608/1949
f 2545/3610/1951 2557/3623/1963 2556/3622/1962 2544/3609/1950
f 2546/3611/1952 2558/3624/1964 2557/3623/1963 2545/3610/1951
f 2547/3612/1942 2559/3625/1954 2558/3624/1964 2546/3611/1952
f 2548/3613/1953 2560/3626/1965 2571/3638/1966 2559/3625/1954
f 2549/3615/1955 2561/3628/1967 2560/3627/1965 2548/3614/1953
f 2550/3616/1956 2562/3629/1968 2561/3628/1967 2549/3615/1955
f 2551/3617/1957 2563/3630/1969 2562/3629/1968 2550/3616/1956
f 2552/3618/1958 2564/3631/1970 2563/3630/1969 2551/3617/1957
f 2553/3619/1959 2565/3632/1971 2564/3631/1970 2552/3618/1958
f 2554/3620/1960 2566/3633/1972 2565/3632/1971 2553/3619/1959
f 2555/3621/1961 2567/3634/1973 2566/3633/1972 2554/3620/1960
f 2556/3622/1962 2568/3635/1974 2567/3634/1973 2555/3621/1961
f 2557/3623/1963 2569/3636/1975 2568/3635/1974 2556/3622/1962
f 2558/3624/1964 2570/3637/1976 2569/3636/1975 2557/3623/1963
f 2559/3625/1954 2571/3638/1966 2570/3637/1976 2558/3624/1964
f 2560/3626/1965 2572/3639/1977 2583/3651/1978 2571/3638/1966
f 2561/3628/1967 2573/3641/1979 2572/3640/1977 2560/3627/1965
f 2562/3629/1968 2574/3642/1980 2573/3641/1979 2561/3628/1967
f 2563/3630/1969 2575/3643/1981 2574/3642/1980 2562/3629/1968
f 2564/3631/1970 2576/3644/1982 2575/3643/1981 2563/3630/1969
f 2565/3632/1971 2577/3645/1983 2576/3644/1982 2564/3631/1970
f 2566/3633/1972 2578/3646/1984 2577/3645/1983 2565/3632/1971
f 2567/3634/1973 2579/3647/1985 2578/3646/1984 2566/3633/1972
f 2568/3635/1974 2580/3648/1986 2579/3647/1985 2567/3634/1973
f 2569/3636/1975 2581/3649/1987 2580/3648/1986 2568/3635/1974
f 2570/3637/1976 2582/3650/1988 2581/3649/1987 2569/3636/1975
f 2571/3638/1966 2583/3651/1978 2582/3650/1988 2570/3637/1976
f 2572/3639/1977 2584/3652/1989 2595/3664/1990 2583/3651/1978
f 2573/3641/1979 2585/3654/1991 2584/3653/1989 2572/3640/1977
f 2574/3642/1980 2586/3655/1992 2585/3654/1991 2573/3641/1979
f 2575/3643/1981 2587/3656/1993 2586/3655/1992 2574/3642/1980
f 2576/3644/1982 2588/3657/1994 2587/3656/1993 2575/3643/1981
f 2577/3645/1983 2589/3658/1995 2588/3657/1994 2576/3644/1982
f 2578/3646/1984 2590/3659/1996 2589/3658/1995 2577/3645/1983
f 2579/3647/1985 2591/3660/1997 2590/3659/1996 2578/3646/1984
f 2580/3648/1986 2592/3661/1998 2591/3660/1997 2579/3647/1985
f 2581/3649/1987 2593/3662/1999 2592/3661/1998 2580/3648/1986
f 2582/3650/1988 2594/3663/2000 2593/3662/1999 2581/3649/1987
f 2583/3651/1978 2595/3664/1990 2594/3663/2000 2582/3650/1988
f 2584/3652/1989 2596/3665/2001 2607/3677/2002 2595/3664/1990
f 2585/3654/1991 2597/3667/2003 2596/3666/2001 2584/3653/1989
f 2586/3655/1992 2598/3668/2004 2597/3667/2003 2585/3654/1991
f 2587/3656/1993 2599/3669/2005 2598/3668/2004 2586/3655/1992
f 2588/3657/1994 2600/3670/2006 2599/3669/2005 2587/3656/1993
f 2589/3658/1995 2601/3671/2007 2600/3670/2006 2588/3657/1994
f 2590/3659/1996 2602/3672/2008 2601/3671/2007 2589/3658/1995
f 2591/3660/1997 2603/3673/2009 2602/3672/2008 2590/3659/1996
f 2592/3661/1998 2604/3674/2010 2603/3673/2009 2591/3660/1997
f 2593/3662/1999 2605/3675/2011 2604/3674/2010 2592/3661/1998
f 2594/3663/2000 2606/3676/2012 2605/3675/2011 2593/3662/1999
f 2595/3664/1990 2607/3677/2002 2606/3676/2012 2594/3663/2000
f 2596/3665/2001 2608/3678/2013 2619/3690/2014 2607/3677/2002
f 2597/3667/2003 2609/3680/2015 2608/3679/2013 2596/3666/2001
f 2598/3668/2004 2610/3681/2016 2609/3680/2015 2597/3667/2003
f 2599/3669/2005 2611/3682/2017 2610/3681/2016 2598/3668/2004
f 2600/3670/2006 2612/3683/2018 2611/3682/2017 2599/3669/2005
f 2601/3671/2007 2613/3684/2019 2612/3683/2018 2600/3670/2006
f 2602/3672/2008 2614/3685/2020 2613/3684/2019 2601/3671/2007
f 2603/3673/2009 2615/3686/2021 2614/3685/2020 2602/3672/2008
f 2604/3674/2010 2616/3687/2022 2615/3686/2021 2603/3673/2009
f 2605/3675/2011 2617/3688/2023 2616/3687/2022 2604/3674/2010
f 2606/3676/2012 2618/3689/2024 2617/3688/2023 2605/3675/2011
f 2607/3677/2002 2619/3690/2014 2618/3689/2024 2606/3676/2012
f 2608/3678/2013 2620/3691/2025 2631/3703/2026 2619/3690/2014
f 2609/3680/2015 2621/3693/2027 2620/3692/2025 2608/3679/2013
f 2610/3681/2016 2622/3694/2028 2621/3693/2027 2609/3680/2015
f 2611/3682/2017 2623/3695/2029 2622/3694/2028 2610/3681/2016
f 2612/3683/2018 2624/3696/2030 2623/3695/2029 2611/3682/2017
f 2613/3684/2019 2625/3697/2031 2624/3696/2030 2612/3683/2018
f 2614/3685/2020 2626/3698/2032 2625/3697/2031 2613/3684/2019
f 2615/3686/2021 2627/3699/2033 2626/3698/2032 2614/3685/2020
f 2616/3687/2022 2628/3700/2034 2627/3699/2033 2615/3686/2021
f 2617/3688/2023 2629/3701/2035 2628/3700/2034 2616/3687/2022
f 2618/3689/2024 2630/3702/2036 2629/3701/2035 2617/3688/2023
f 2619/3690/2014 2631/3703/2026 2630/3702/2036 2618/3689/2024
f 2620/3691/2025 2632/3704/2037 2643/3716/2038 2631/3703/2026
f 2621/3693/2027 2633/3706/2039 2632/3705/2037 2620/3692/2025
f 2622/3694/2028 2634/3707/2040 2633/3706/2039 2621/3693/2027
f 2623/3695/2029 2635/3708/2041 2634/3707/2040 2622/3694/2028
f 2624/3696/2030 2636/3709/2042 2635/3708/2041 2623/3695/2029
f 2625/3697/2031 2637/3710/2043 2636/3709/2042 2624/3696/2030
f 2626/3698/2032 2638/3711/2044 2637/3710/2043 2625/3697/2031
f 2627/3699/2033 2639/3712/2045 2638/3711/2044 2626/3698/2032
f 2628/3700/2034 2640/3713/2046 2639/3712/2045 2627/3699/2033
f 2629/3701/2035 2641/3714/2047 2640/3713/2046 2628/3700/2034
f 2630/3702/2036 2642/3715/2048 2641/3714/2047 2629/3701/2035
f 2631/3703/2026 2643/3716/2038 2642/3715/2048 2630/3702/2036
o BezierKrzywa.003
v 0.514647 2.525784 2.229937
v 0.509137 2.529568 2.226994
v 0.501987 2.530952 2.226468
v 0.495110 2.529568 2.228499
v 0.490351 2.525784 2.232544
v 0.488984 2.520616 2.237519
v 0.491375 2.515447 2.242090
v 0.496884 2.511663 2.245033
v 0.504035 2.510279 2.245559
v 0.510911 2.511663 2.243528
v 0.515671 2.515447 2.239483
v 0.517038 2.520616 2.234509
v 0.522744 2.610382 2.305931
v 0.517166 2.613434 2.302340
v 0.509989 2.614547 2.301572
v 0.503138 2.613422 2.303835
v 0.498446 2.610363 2.308521
v 0.497173 2.606187 2.314375
v 0.499658 2.602014 2.319828
v 0.505236 2.598962 2.323420
v 0.512413 2.597849 2.324187
v 0.519265 2.598973 2.321924
v 0.523956 2.602033 2.317238
v 0.525229 2.606209 2.311384
v 0.528015 2.696875 2.356568
v 0.522380 2.698989 2.352432
v 0.515183 2.699753 2.351462
v 0.508351 2.698964 2.353918
v 0.503716 2.696831 2.359143
v 0.502519 2.693927 2.365736
v 0.505082 2.691031 2.371930
v 0.510717 2.688917 2.376066
v 0.517914 2.688152 2.377036
v 0.524746 2.688942 2.374580
v 0.529381 2.691075 2.369355
v 0.530577 2.693978 2.362762
v 0.530881 2.786528 2.385684
v 0.525213 2.787628 2.381213
v 0.518003 2.788016 2.380119
v 0.511184 2.787587 2.382695
v 0.506581 2.786457 2.388251
v 0.505429 2.784928 2.395298
v 0.508037 2.783410 2.401948
v 0.513705 2.782309 2.406420
v 0.520914 2.781922 2.407514
v 0.527734 2.782350 2.404938
v 0.532337 2.783480 2.399382
v 0.533488 2.785009 2.392335
v 0.531748 2.880698 2.396987
v 0.526071 2.880910 2.392398
v 0.518858 2.880968 2.391261
v 0.512041 2.880856 2.393878
v 0.507448 2.880604 2.399550
v 0.506309 2.880279 2.406756
v 0.508929 2.879969 2.413565
v 0.514606 2.879757 2.418154
v 0.521820 2.879699 2.419291
v 0.528636 2.879811 2.416674
v 0.533229 2.880064 2.411002
v 0.534369 2.880388 2.403796
v 0.531009 2.980636 2.394047
v 0.525336 2.980205 2.389469
v 0.518124 2.980024 2.388335
v 0.511306 2.980141 2.390949
v 0.506709 2.980525 2.396610
v 0.505565 2.981072 2.403802
v 0.508179 2.981637 2.410597
v 0.513853 2.982067 2.415175
v 0.521065 2.982248 2.416309
v 0.527883 2.982131 2.413695
v 0.532480 2.981748 2.408034
v 0.533624 2.981200 2.400842
v 0.529055 3.087444 2.380434
v 0.523388 3.086628 2.375901
v 0.516179 3.086303 2.374784
v 0.509358 3.086558 2.377382
v 0.504755 3.087323 2.382999
v 0.503602 3.088394 2.390130
v 0.506208 3.089484 2.396864
v 0.511875 3.090300 2.401397
v 0.519084 3.090625 2.402514
v 0.525904 3.090370 2.399916
v 0.530508 3.089605 2.394299
v 0.531661 3.088534 2.387168
v 0.526285 3.202160 2.359774
v 0.520622 3.201175 2.355270
v 0.513414 3.200789 2.354163
v 0.506592 3.201103 2.356751
v 0.501985 3.202034 2.362340
v 0.500827 3.203333 2.369432
v 0.503427 3.204651 2.376127
v 0.509090 3.205636 2.380632
v 0.516298 3.206023 2.381738
v 0.523120 3.205708 2.379151
v 0.527727 3.204777 2.373562
v 0.528886 3.203478 2.366470
v 0.523103 3.325813 2.335744
v 0.517440 3.324835 2.331239
v 0.510232 3.324451 2.330131
v 0.503411 3.324763 2.332720
v 0.498804 3.325687 2.338310
v 0.497645 3.326977 2.345404
v 0.500246 3.328286 2.352101
v 0.505909 3.329263 2.356606
v 0.513117 3.329648 2.357713
v 0.519939 3.329336 2.355125
v 0.524546 3.328411 2.349535
v 0.525704 3.327122 2.342441
v 0.519918 3.459444 2.312045
v 0.514251 3.458612 2.307515
v 0.507042 3.458282 2.306398
v 0.500221 3.458542 2.308995
v 0.495618 3.459322 2.314610
v 0.494464 3.460413 2.321738
v 0.497070 3.461523 2.328470
v 0.502736 3.462354 2.333000
v 0.509945 3.462684 2.334116
v 0.516766 3.462424 2.331519
v 0.521369 3.461644 2.325905
v 0.522523 3.460553 2.318777
v 0.517136 3.604104 2.292393
v 0.511464 3.603531 2.287828
v 0.504253 3.603297 2.286700
v 0.497435 3.603464 2.289309
v 0.492836 3.603989 2.294957
v 0.491689 3.604729 2.302131
v 0.494301 3.605487 2.308908
v 0.499972 3.606060 2.313473
v 0.507183 3.606294 2.314602
v 0.514002 3.606127 2.311992
v 0.518601 3.605602 2.306344
v 0.519748 3.604862 2.299170
v 0.515167 3.760847 2.280505
v 0.509492 3.760620 2.275915
v 0.502279 3.760514 2.274777
v 0.495462 3.760559 2.277395
v 0.490867 3.760741 2.283068
v 0.489726 3.761014 2.290276
v 0.492344 3.761302 2.297087
v 0.498019 3.761529 2.301677
v 0.505232 3.761635 2.302815
v 0.512049 3.761590 2.300197
v 0.516644 3.761408 2.294524
v 0.517785 3.761136 2.287316
v 0.514421 3.930717 2.280097
v 0.508743 3.930887 2.275507
v 0.501530 3.930929 2.274369
v 0.494714 3.930832 2.276987
v 0.490120 3.930621 2.282660
v 0.488981 3.930353 2.289868
v 0.491601 3.930100 2.296680
v 0.497279 3.929930 2.301270
v 0.504492 3.929888 2.302408
v 0.511308 3.929985 2.299790
v 0.515902 3.930196 2.294117
v 0.517041 3.930464 2.286909
vn 0.8276 0.3292 -0.4546
vn 0.8265 0.2890 -0.4830
vn 0.9957 -0.0091 -0.0926
vn 0.9954 -0.0094 -0.0956
vn 0.4336 0.5789 -0.6906
vn 0.4306 0.5104 -0.7444
vn -0.0791 0.6704 -0.7378
vn -0.0858 0.5919 -0.8014
vn -0.5701 0.5786 -0.5833
vn -0.5785 0.5096 -0.6369
vn -0.9052 0.3286 -0.2694
vn -0.9102 0.2877 -0.2980
vn -0.9931 -0.0101 0.1170
vn -0.9928 -0.0107 0.1193
vn -0.8133 -0.3437 0.4694
vn -0.8100 -0.3038 0.5017
vn -0.4204 -0.5836 0.6947
vn -0.4154 -0.5152 0.7497
vn 0.0793 -0.6702 0.7380
vn 0.0860 -0.5917 0.8016
vn 0.5584 -0.5832 0.5900
vn 0.5650 -0.5144 0.6451
vn 0.8945 -0.3431 0.2867
vn 0.8980 -0.3024 0.3196
vn 0.8219 0.2015 -0.5328
vn 0.9960 -0.0055 -0.0892
vn 0.4219 0.3550 -0.8342
vn -0.0967 0.4111 -0.9064
vn -0.5885 0.3532 -0.7272
vn -0.9160 0.1984 -0.3487
vn -0.9925 -0.0091 0.1215
vn -0.8039 -0.2125 0.5555
vn -0.4055 -0.3587 0.8407
vn 0.0969 -0.4112 0.9064
vn 0.5742 -0.3569 0.7368
vn 0.9033 -0.2094 0.3745
vn 0.8179 0.1078 -0.5651
vn 0.9960 -0.0006 -0.0894
vn 0.4155 0.1875 -0.8901
vn -0.1031 0.2158 -0.9710
vn -0.5932 0.1845 -0.7836
vn -0.9185 0.1028 -0.3818
vn -0.9927 -0.0064 0.1207
vn -0.8015 -0.1131 0.5872
vn -0.4007 -0.1895 0.8964
vn 0.1033 -0.2162 0.9709
vn 0.5803 -0.1866 0.7927
vn 0.9072 -0.1081 0.4066
vn 0.8150 0.0254 -0.5788
vn 0.9957 0.0033 -0.0926
vn 0.4121 0.0406 -0.9103
vn -0.1049 0.0447 -0.9935
vn -0.5931 0.0367 -0.8043
vn -0.9180 0.0187 -0.3961
vn -0.9931 -0.0044 0.1172
vn -0.8024 -0.0263 0.5962
vn -0.4007 -0.0412 0.9153
vn 0.1050 -0.0452 0.9934
vn 0.5832 -0.0374 0.8114
vn 0.9094 -0.0197 0.4155
vn 0.8132 -0.0350 -0.5809
vn 0.9953 0.0052 -0.0969
vn 0.4107 -0.0659 -0.9094
vn -0.1042 -0.0790 -0.9914
vn -0.5907 -0.0705 -0.8038
vn -0.9162 -0.0429 -0.3985
vn -0.9936 -0.0039 0.1129
vn -0.8050 0.0359 0.5922
vn -0.4032 0.0660 0.9127
vn 0.1043 0.0787 0.9914
vn 0.5842 0.0706 0.8085
vn 0.9105 0.0438 0.4112
vn 0.8119 -0.0718 -0.5794
vn 0.9949 0.0056 -0.1008
vn 0.4100 -0.1301 -0.9028
vn -0.1030 -0.1532 -0.9828
vn -0.5881 -0.1350 -0.7975
vn -0.9142 -0.0804 -0.3972
vn -0.9940 -0.0043 0.1092
vn -0.8075 0.0728 0.5853
vn -0.4060 0.1303 0.9045
vn 0.1030 0.1531 0.9828
vn 0.5847 0.1352 0.7999
vn 0.9112 0.0813 0.4039
vn 0.8107 -0.0881 -0.5788
vn 0.9946 0.0054 -0.1039
vn 0.4092 -0.1580 -0.8987
vn -0.1022 -0.1855 -0.9773
vn -0.5862 -0.1632 -0.7936
vn -0.9127 -0.0971 -0.3969
vn -0.9943 -0.0049 0.1061
vn -0.8095 0.0885 0.5804
vn -0.4081 0.1581 0.8991
vn 0.1022 0.1855 0.9773
vn 0.5853 0.1633 0.7942
vn 0.9119 0.0974 0.3986
vn 0.8094 -0.0878 -0.5807
vn 0.9943 0.0049 -0.1063
vn 0.4080 -0.1570 -0.8994
vn -0.1023 -0.1842 -0.9776
vn -0.5852 -0.1621 -0.7945
vn -0.9119 -0.0967 -0.3989
vn -0.9946 -0.0054 0.1037
vn -0.8108 0.0875 0.5788
vn -0.4093 0.1569 0.8988
vn 0.1022 0.1842 0.9776
vn 0.5863 0.1620 0.7937
vn 0.9128 0.0964 0.3968
vn 0.8081 -0.0741 -0.5844
vn 0.9941 0.0045 -0.1083
vn 0.4066 -0.1327 -0.9039
vn -0.1029 -0.1560 -0.9824
vn -0.5850 -0.1377 -0.7993
vn -0.9115 -0.0827 -0.4029
vn -0.9948 -0.0055 0.1017
vn -0.8115 0.0733 0.5798
vn -0.4097 0.1325 0.9026
vn 0.1029 0.1560 0.9824
vn 0.5877 0.1375 0.7973
vn 0.9139 0.0819 0.3977
vn 0.8068 -0.0494 -0.5887
vn 0.9939 0.0042 -0.1098
vn 0.4050 -0.0898 -0.9099
vn -0.1039 -0.1062 -0.9889
vn -0.5852 -0.0945 -0.8054
vn -0.9114 -0.0576 -0.4074
vn -0.9950 -0.0052 0.1001
vn -0.8118 0.0487 0.5819
vn -0.4096 0.0895 0.9079
vn 0.1038 0.1063 0.9889
vn 0.5891 0.0943 0.8025
vn 0.9149 0.0568 0.3997
vn 0.8058 -0.0163 -0.5919
vn 0.9938 0.0041 -0.1109
vn 0.4038 -0.0323 -0.9143
vn -0.1047 -0.0397 -0.9937
vn -0.5855 -0.0366 -0.8099
vn -0.9114 -0.0238 -0.4108
vn -0.9951 -0.0046 0.0989
vn -0.8120 0.0159 0.5834
vn -0.4094 0.0322 0.9118
vn 0.1046 0.0397 0.9937
vn 0.5903 0.0365 0.8063
vn 0.9157 0.0234 0.4012
vn 0.8053 0.0021 -0.5929
vn 0.9938 0.0041 -0.1114
vn 0.4031 -0.0004 -0.9152
vn -0.1049 -0.0028 -0.9945
vn -0.5852 -0.0045 -0.8109
vn -0.9112 -0.0050 -0.4118
vn -0.9951 -0.0041 0.0984
vn -0.8120 -0.0022 0.5837
vn -0.4091 0.0004 0.9125
vn 0.1049 0.0029 0.9945
vn 0.5905 0.0045 0.8071
vn 0.9159 0.0050 0.4015
vt 0.000000 1.000000
vt 0.000000 0.000000
vt 0.000000 0.083333
vt 0.000000 0.166667
vt 0.000000 0.250000
vt 0.000000 0.333333
vt 0.000000 0.416667
vt 0.000000 0.500000
vt 0.000000 0.583333
vt 0.000000 0.666667
vt 0.000000 0.750000
vt 0.000000 0.833333
vt 0.000000 0.916667
vt 0.083333 1.000000
vt 0.083333 0.000000
vt 0.083333 0.083333
vt 0.083333 0.166667
vt 0.083333 0.250000
vt 0.083333 0.333333
vt 0.083333 0.416667
vt 0.083333 0.500000
vt 0.083333 0.583333
vt 0.083333 0.666667
vt 0.083333 0.750000
vt 0.083333 0.833333
vt 0.083333 0.916667
vt 0.166667 1.000000
vt 0.166667 0.000000
vt 0.166667 0.083333
vt 0.166667 0.166667
vt 0.166667 0.250000
vt 0.166667 0.333333
vt 0.166667 0.416667
vt 0.166667 0.500000
vt 0.166667 0.583333
vt 0.166667 0.666667
vt 0.166667 0.750000
vt 0.166667 0.833333
vt 0.166667 0.916667
vt 0.250000 1.000000
vt 0.250000 0.000000
vt 0.250000 0.083333
vt 0.250000 0.166667
vt 0.250000 0.250000
vt 0.250000 0.333333
vt 0.250000 0.416667
vt 0.250000 0.500000
vt 0.250000 0.583333
vt 0.250000 0.666667
vt 0.250000 0.750000
vt 0.250000 0.833333
vt 0.250000 0.916667
vt 0.333333 1.000000
vt 0.333333 0.000000
vt 0.333333 0.083333
vt 0.333333 0.166667
vt 0.333333 0.250000
vt 0.333333 0.333333
vt 0.333333 0.416667
vt 0.333333 0.500000
vt 0.333333 0.583333
vt 0.333333 0.666667
vt 0.333333 0.750000
vt 0.333333 0.833333
vt 0.333333 0.916667
vt 0.416667 1.000000
vt 0.416667 0.000000
vt 0.416667 0.083333
vt 0.416667 0.166667
vt 0.416667 0.250000
vt 0.416667 0.333333
vt 0.416667 0.416667
vt 0.416667 0.500000
vt 0.416667 0.583333
vt 0.416667 0.666667
vt 0.416667 0.750000
vt 0.416667 0.833333
vt 0.416667 0.916667
vt 0.500000 1.000000
vt 0.500000 0.000000
vt 0.500000 0.083333
vt 0.500000 0.166667
vt 0.500000 0.250000
vt 0.500000 0.333333
vt 0.500000 0.416667
vt 0.500000 0.500000
vt 0.500000 0.583333
vt 0.500000 0.666667
vt 0.500000 0.750000
vt 0.500000 0.833333
vt 0.500000 0.916667
vt 0.583333 1.000000
vt 0.583333 0.000000
vt 0.583333 0.083333
vt 0.583333 0.166667
vt 0.583333 0.250000
vt 0.583333 0.333333
vt 0.583333 0.416667
vt 0.583333 0.500000
vt 0.583333 0.583333
vt 0.583333 0.666667
vt 0.583333 0.750000
vt 0.583333 0.833333
vt 0.583333 0.916667
vt 0.666667 1.000000
vt 0.666667 0.000000
vt 0.666667 0.083333
vt 0.666667 0.166667
vt 0.666667 0.250000
vt 0.666667 0.333333
vt 0.666667 0.416667
vt 0.666667 0.500000
vt 0.666667 0.583333
vt 0.666667 0.666667
vt 0.666667 0.750000
vt 0.666667 0.833333
vt 0.666667 0.916667
vt 0.750000 1.000000
vt 0.750000 0.000000
vt 0.750000 0.083333
vt 0.750000 0.166667
vt 0.750000 0.250000
vt 0.750000 0.333333
vt 0.750000 0.416667
vt 0.750000 0.500000
vt 0.750000 0.583333
vt 0.750000 0.666667
vt 0.750000 0.750000
vt 0.750000 0.833333
vt 0.750000 0.916667
vt 0.833333 1.000000
vt 0.833333 0.000000
vt 0.833333 0.083333
vt 0.833333 0.166667
vt 0.833333 0.250000
vt 0.833333 0.333333
vt 0.833333 0.416667
vt 0.833333 0.500000
vt 0.833333 0.583333
vt 0.833333 0.666667
vt 0.833333 0.750000
vt 0.833333 0.833333
vt 0.833333 0.916667
vt 0.916667 1.000000
vt 0.916667 0.000000
vt 0.916667 0.083333
vt 0.916667 0.166667
vt 0.916667 0.250000
vt 0.916667 0.333333
vt 0.916667 0.416667
vt 0.916667 0.500000
vt 0.916667 0.583333
vt 0.916667 0.666667
vt 0.916667 0.750000
vt 0.916667 0.833333
vt 0.916667 0.916667
vt 1.000000 1.000000
vt 1.000000 0.000000
vt 1.000000 0.083333
vt 1.000000 0.166667
vt 1.000000 0.250000
vt 1.000000 0.333333
vt 1.000000 0.416667
vt 1.000000 0.500000
vt 1.000000 0.583333
vt 1.000000 0.666667
vt 1.000000 0.750000
vt 1.000000 0.833333
vt 1.000000 0.916667
s 1
f 2644/3717/2049 2656/3730/2050 2667/3742/2051 2655/3729/2052
f 2645/3719/2053 2657/3732/2054 2656/3731/2050 2644/3718/2049
f 2646/3720/2055 2658/3733/2056 2657/3732/2054 2645/3719/2053
f 2647/3721/2057 2659/3734/2058 2658/3733/2056 2646/3720/2055
f 2648/3722/2059 2660/3735/2060 2659/3734/2058 2647/3721/2057
f 2649/3723/2061 2661/3736/2062 2660/3735/2060 2648/3722/2059
f 2650/3724/2063 2662/3737/2064 2661/3736/2062 2649/3723/2061
f 2651/3725/2065 2663/3738/2066 2662/3737/2064 2650/3724/2063
f 2652/3726/2067 2664/3739/2068 2663/3738/2066 2651/3725/2065
f 2653/3727/2069 2665/3740/2070 2664/3739/2068 2652/3726/2067
f 2654/3728/2071 2666/3741/2072 2665/3740/2070 2653/3727/2069
f 2655/3729/2052 2667/3742/2051 2666/3741/2072 2654/3728/2071
f 2656/3730/2050 2668/3743/2073 2679/3755/2074 2667/3742/2051
f 2657/3732/2054 2669/3745/2075 2668/3744/2073 2656/3731/2050
f 2658/3733/2056 2670/3746/2076 2669/3745/2075 2657/3732/2054
f 2659/3734/2058 2671/3747/2077 2670/3746/2076 2658/3733/2056
f 2660/3735/2060 2672/3748/2078 2671/3747/2077 2659/3734/2058
f 2661/3736/2062 2673/3749/2079 2672/3748/2078 2660/3735/2060
f 2662/3737/2064 2674/3750/2080 2673/3749/2079 2661/3736/2062
f 2663/3738/2066 2675/3751/2081 2674/3750/2080 2662/3737/2064
f 2664/3739/2068 2676/3752/2082 2675/3751/2081 2663/3738/2066
f 2665/3740/2070 2677/3753/2083 2676/3752/2082 2664/3739/2068
f 2666/3741/2072 2678/3754/2084 2677/3753/2083 2665/3740/2070
f 2667/3742/2051 2679/3755/2074 2678/3754/2084 2666/3741/2072
f 2668/3743/2073 2680/3756/2085 2691/3768/2086 2679/3755/2074
f 2669/3745/2075 2681/3758/2087 2680/3757/2085 2668/3744/2073
f 2670/3746/2076 2682/3759/2088 2681/3758/2087 2669/3745/2075
f 2671/3747/2077 2683/3760/2089 2682/3759/2088 2670/3746/2076
f 2672/3748/2078 2684/3761/2090 2683/3760/2089 2671/3747/2077
f 2673/3749/2079 2685/3762/2091 2684/3761/2090 2672/3748/2078
f 2674/3750/2080 2686/3763/2092 2685/3762/2091 2673/3749/2079
f 2675/3751/2081 2687/3764/2093 2686/3763/2092 2674/3750/2080
f 2676/3752/2082 2688/3765/2094 2687/3764/2093 2675/3751/2081
f 2677/3753/2083 2689/3766/2095 2688/3765/2094 2676/3752/2082
f 2678/3754/2084 2690/3767/2096 2689/3766/2095 2677/3753/2083
f 2679/3755/2074 2691/3768/2086 2690/3767/2096 2678/3754/2084
f 2680/3756/2085 2692/3769/2097 2703/3781/2098 2691/3768/2086
f 2681/3758/2087 2693/3771/2099 2692/3770/2097 2680/3757/2085
f 2682/3759/2088 2694/3772/2100 2693/3771/2099 2681/3758/2087
f 2683/3760/2089 2695/3773/2101 2694/3772/2100 2682/3759/2088
f 2684/3761/2090 2696/3774/2102 2695/3773/2101 2683/3760/2089
f 2685/3762/2091 2697/3775/2103 2696/3774/2102 2684/3761/2090
f 2686/3763/2092 2698/3776/2104 2697/3775/2103 2685/3762/2091
f 2687/3764/2093 2699/3777/2105 2698/3776/2104 2686/3763/2092
f 2688/3765/2094 2700/3778/2106 2699/3777/2105 2687/3764/2093
f 2689/3766/2095 2701/3779/2107 2700/3778/2106 2688/3765/2094
f 2690/3767/2096 2702/3780/2108 2701/3779/2107 2689/3766/2095
f 2691/3768/2086 2703/3781/2098 2702/3780/2108 2690/3767/2096
f 2692/3769/2097 2704/3782/2109 2715/3794/2110 2703/3781/2098
f 2693/3771/2099 2705/3784/2111 2704/3783/2109 2692/3770/2097
f 2694/3772/2100 2706/3785/2112 2705/3784/2111 2693/3771/2099
f 2695/3773/2101 2707/3786/2113 2706/3785/2112 2694/3772/2100
f 2696/3774/2102 2708/3787/2114 2707/3786/2113 2695/3773/2101
f 2697/3775/2103 2709/3788/2115 2708/3787/2114 2696/3774/2102
f 2698/3776/2104 2710/3789/2116 2709/3788/2115 2697/3775/2103
f 2699/3777/2105 2711/3790/2117 2710/3789/2116 2698/3776/2104
f 2700/3778/2106 2712/3791/2118 2711/3790/2117 2699/3777/2105
f 2701/3779/2107 2713/3792/2119 2712/3791/2118 2700/3778/2106
f 2702/3780/2108 2714/3793/2120 2713/3792/2119 2701/3779/2107
f 2703/3781/2098 2715/3794/2110 2714/3793/2120 2702/3780/2108
f 2704/3782/2109 2716/3795/2121 2727/3807/2122 2715/3794/2110
f 2705/3784/2111 2717/3797/2123 2716/3796/2121 2704/3783/2109
f 2706/3785/2112 2718/3798/2124 2717/3797/2123 2705/3784/2111
f 2707/3786/2113 2719/3799/2125 2718/3798/2124 2706/3785/2112
f 2708/3787/2114 2720/3800/2126 2719/3799/2125 2707/3786/2113
f 2709/3788/2115 2721/3801/2127 2720/3800/2126 2708/3787/2114
f 2710/3789/2116 2722/3802/2128 2721/3801/2127 2709/3788/2115
f 2711/3790/2117 2723/3803/2129 2722/3802/2128 2710/3789/2116
f 2712/3791/2118 2724/3804/2130 2723/3803/2129 2711/3790/2117
f 2713/3792/2119 2725/3805/2131 2724/3804/2130 2712/3791/2118
f 2714/3793/2120 2726/3806/2132 2725/3805/2131 2713/3792/2119
f 2715/3794/2110 2727/3807/2122 2726/3806/2132 2714/3793/2120
f 2716/3795/2121 2728/3808/2133 2739/3820/2134 2727/3807/2122
f 2717/3797/2123 2729/3810/2135 2728/3809/2133 2716/3796/2121
f 2718/3798/2124 2730/3811/2136 2729/3810/2135 2717/3797/2123
f 2719/3799/2125 2731/3812/2137 2730/3811/2136 2718/3798/2124
f 2720/3800/2126 2732/3813/2138 2731/3812/2137 2719/3799/2125
f 2721/3801/2127 2733/3814/2139 2732/3813/2138 2720/3800/2126
f 2722/3802/2128 2734/3815/2140 2733/3814/2139 2721/3801/2127
f 2723/3803/2129 2735/3816/2141 2734/3815/2140 2722/3802/2128
f 2724/3804/2130 2736/3817/2142 2735/3816/2141 2723/3803/2129
f 2725/3805/2131 2737/3818/2143 2736/3817/2142 2724/3804/2130
f 2726/3806/2132 2738/3819/2144 2737/3818/2143 2725/3805/2131
f 2727/3807/2122 2739/3820/2134 2738/3819/2144 2726/3806/2132
f 2728/3808/2133 2740/3821/2145 2751/3833/2146 2739/3820/2134
f 2729/3810/2135 2741/3823/2147 2740/3822/2145 2728/3809/2133
f 2730/3811/2136 2742/3824/2148 2741/3823/2147 2729/3810/2135
f 2731/3812/2137 2743/3825/2149 2742/3824/2148 2730/3811/2136
f 2732/3813/2138 2744/3826/2150 2743/3825/2149 2731/3812/2137
f 2733/3814/2139 2745/3827/2151 2744/3826/2150 2732/3813/2138
f 2734/3815/2140 2746/3828/2152 2745/3827/2151 2733/3814/2139
f 2735/3816/2141 2747/3829/2153 2746/3828/2152 2734/3815/2140
f 2736/3817/2142 2748/3830/2154 2747/3829/2153 2735/3816/2141
f 2737/3818/2143 2749/3831/2155 2748/3830/2154 2736/3817/2142
f 2738/3819/2144 2750/3832/2156 2749/3831/2155 2737/3818/2143
f 2739/3820/2134 2751/3833/2146 2750/3832/2156 2738/3819/2144
f 2740/3821/2145 2752/3834/2157 2763/3846/2158 2751/3833/2146
f 2741/3823/2147 2753/3836/2159 2752/3835/2157 2740/3822/2145
f 2742/3824/2148 2754/3837/2160 2753/3836/2159 2741/3823/2147
f 2743/3825/2149 2755/3838/2161 2754/3837/2160 2742/3824/2148
f 2744/3826/2150 2756/3839/2162 2755/3838/2161 2743/3825/2149
f 2745/3827/2151 2757/3840/2163 2756/3839/2162 2744/3826/2150
f 2746/3828/2152 2758/3841/2164 2757/3840/2163 2745/3827/2151
f 2747/3829/2153 2759/3842/2165 2758/3841/2164 2746/3828/2152
f 2748/3830/2154 2760/3843/2166 2759/3842/2165 2747/3829/2153
f 2749/3831/2155 2761/3844/2167 2760/3843/2166 2748/3830/2154
f 2750/3832/2156 2762/3845/2168 2761/3844/2167 2749/3831/2155
f 2751/3833/2146 2763/3846/2158 2762/3845/2168 2750/3832/2156
f 2752/3834/2157 2764/3847/2169 2775/3859/2170 2763/3846/2158
f 2753/3836/2159 2765/3849/2171 2764/3848/2169 2752/3835/2157
f 2754/3837/2160 2766/3850/2172 2765/3849/2171 2753/3836/2159
f 2755/3838/2161 2767/3851/2173 2766/3850/2172 2754/3837/2160
f 2756/3839/2162 2768/3852/2174 2767/3851/2173 2755/3838/2161
f 2757/3840/2163 2769/3853/2175 2768/3852/2174 2756/3839/2162
f 2758/3841/2164 2770/3854/2176 2769/3853/2175 2757/3840/2163
f 2759/3842/2165 2771/3855/2177 2770/3854/2176 2758/3841/2164
f 2760/3843/2166 2772/3856/2178 2771/3855/2177 2759/3842/2165
f 2761/3844/2167 2773/3857/2179 2772/3856/2178 2760/3843/2166
f 2762/3845/2168 2774/3858/2180 2773/3857/2179 2761/3844/2167
f 2763/3846/2158 2775/3859/2170 2774/3858/2180 2762/3845/2168
f 2764/3847/2169 2776/3860/2181 2787/3872/2182 2775/3859/2170
f 2765/3849/2171 2777/3862/2183 2776/3861/2181 2764/3848/2169
f 2766/3850/2172 2778/3863/2184 2777/3862/2183 2765/3849/2171
f 2767/3851/2173 2779/3864/2185 2778/3863/2184 2766/3850/2172
f 2768/3852/2174 2780/3865/2186 2779/3864/2185 2767/3851/2173
f 2769/3853/2175 2781/3866/2187 2780/3865/2186 2768/3852/2174
f 2770/3854/2176 2782/3867/2188 2781/3866/2187 2769/3853/2175
f 2771/3855/2177 2783/3868/2189 2782/3867/2188 2770/3854/2176
f 2772/3856/2178 2784/3869/2190 2783/3868/2189 2771/3855/2177
f 2773/3857/2179 2785/3870/2191 2784/3869/2190 2772/3856/2178
f 2774/3858/2180 2786/3871/2192 2785/3870/2191 2773/3857/2179
f 2775/3859/2170 2787/3872/2182 2786/3871/2192 2774/3858/2180
f 2776/3860/2181 2788/3873/2193 2799/3885/2194 2787/3872/2182
f 2777/3862/2183 2789/3875/2195 2788/3874/2193 2776/3861/2181
f 2778/3863/2184 2790/3876/2196 2789/3875/2195 2777/3862/2183
f 2779/3864/2185 2791/3877/2197 2790/3876/2196 2778/3863/2184
f 2780/3865/2186 2792/3878/2198 2791/3877/2197 2779/3864/2185
f 2781/3866/2187 2793/3879/2199 2792/3878/2198 2780/3865/2186
f 2782/3867/2188 2794/3880/2200 2793/3879/2199 2781/3866/2187
f 2783/3868/2189 2795/3881/2201 2794/3880/2200 2782/3867/2188
f 2784/3869/2190 2796/3882/2202 2795/3881/2201 2783/3868/2189
f 2785/3870/2191 2797/3883/2203 2796/3882/2202 2784/3869/2190
f 2786/3871/2192 2798/3884/2204 2797/3883/2203 2785/3870/2191
f 2787/3872/2182 2799/3885/2194 2798/3884/2204 2786/3871/2192
o BezierKrzywa.004
v 0.309236 2.546293 1.303658
v 0.303727 2.550076 1.300714
v 0.296576 2.551461 1.300188
v 0.289700 2.550076 1.302219
v 0.284941 2.546293 1.306264
v 0.283573 2.541124 1.311239
v 0.285965 2.535956 1.315810
v 0.291474 2.532172 1.318753
v 0.298625 2.530787 1.319280
v 0.305501 2.532172 1.317248
v 0.310261 2.535956 1.313203
v 0.311628 2.541124 1.308229
v 0.317334 2.630890 1.379651
v 0.311755 2.633942 1.376060
v 0.304579 2.635055 1.375292
v 0.297727 2.633931 1.377555
v 0.293036 2.630871 1.382241
v 0.291763 2.626695 1.388095
v 0.294248 2.622522 1.393548
v 0.299826 2.619471 1.397140
v 0.307003 2.618358 1.397907
v 0.313854 2.619482 1.395645
v 0.318545 2.622542 1.390959
v 0.319819 2.626718 1.385105
v 0.322605 2.717384 1.430288
v 0.316970 2.719497 1.426152
v 0.309772 2.720262 1.425182
v 0.302941 2.719472 1.427638
v 0.298306 2.717340 1.432863
v 0.297109 2.714436 1.439456
v 0.299671 2.711539 1.445650
v 0.305306 2.709425 1.449787
v 0.312504 2.708661 1.450756
v 0.319335 2.709450 1.448300
v 0.323970 2.711583 1.443075
v 0.325167 2.714487 1.436482
v 0.325471 2.807036 1.459404
v 0.319803 2.808136 1.454933
v 0.312593 2.808524 1.453839
v 0.305773 2.808095 1.456415
v 0.301171 2.806965 1.461971
v 0.300019 2.805436 1.469018
v 0.302627 2.803918 1.475668
v 0.308294 2.802818 1.480140
v 0.315504 2.802430 1.481234
v 0.322324 2.802859 1.478658
v 0.326926 2.803989 1.473102
v 0.328078 2.805518 1.466055
v 0.326338 2.901206 1.470707
v 0.320661 2.901419 1.466118
v 0.313448 2.901477 1.464981
v 0.306631 2.901365 1.467598
v 0.302038 2.901112 1.473270
v 0.300899 2.900788 1.480476
v 0.303519 2.900478 1.487285
v 0.309196 2.900265 1.491874
v 0.316410 2.900208 1.493011
v 0.323226 2.900320 1.490394
v 0.327819 2.900572 1.484722
v 0.328958 2.900897 1.477516
v 0.325599 3.001144 1.467767
v 0.319925 3.000714 1.463189
v 0.312714 3.000533 1.462055
v 0.305896 3.000649 1.464669
v 0.301299 3.001033 1.470331
v 0.300154 3.001580 1.477522
v 0.302769 3.002145 1.484317
v 0.308443 3.002576 1.488895
v 0.315655 3.002757 1.490029
v 0.322472 3.002640 1.487415
v 0.327069 3.002256 1.481754
v 0.328214 3.001709 1.474562
v 0.323645 3.107953 1.454154
v 0.317978 3.107136 1.449621
v 0.310768 3.106812 1.448504
v 0.303948 3.107066 1.451102
v 0.299345 3.107831 1.456719
v 0.298192 3.108902 1.463850
v 0.300798 3.109992 1.470584
v 0.306464 3.110809 1.475117
v 0.313674 3.111134 1.476234
v 0.320494 3.110879 1.473636
v 0.325097 3.110114 1.468019
v 0.326251 3.109043 1.460888
v 0.320875 3.222668 1.433495
v 0.315212 3.221684 1.428990
v 0.308004 3.221297 1.427884
v 0.301182 3.221611 1.430471
v 0.296575 3.222543 1.436060
v 0.295417 3.223842 1.443152
v 0.298017 3.225160 1.449848
v 0.303680 3.226144 1.454352
v 0.310888 3.226531 1.455459
v 0.317710 3.226217 1.452871
v 0.322317 3.225286 1.447282
v 0.323476 3.223987 1.440190
v 0.317693 3.346321 1.409464
v 0.312030 3.345344 1.404959
v 0.304822 3.344959 1.403852
v 0.298001 3.345271 1.406440
v 0.293393 3.346196 1.412030
v 0.292235 3.347485 1.419124
v 0.294836 3.348794 1.425821
v 0.300499 3.349772 1.430327
v 0.307707 3.350156 1.431434
v 0.314529 3.349844 1.428845
v 0.319136 3.348920 1.423255
v 0.320294 3.347630 1.416161
v 0.314507 3.479952 1.385766
v 0.308841 3.479121 1.381235
v 0.301632 3.478791 1.380119
v 0.294811 3.479051 1.382716
v 0.290208 3.479831 1.388331
v 0.289054 3.480921 1.395459
v 0.291659 3.482031 1.402190
v 0.297326 3.482862 1.406721
v 0.304535 3.483192 1.407837
v 0.311355 3.482933 1.405240
v 0.315959 3.482153 1.399625
v 0.317113 3.481062 1.392497
v 0.311726 3.624612 1.366113
v 0.306054 3.624039 1.361549
v 0.298843 3.623805 1.360420
v 0.292025 3.623973 1.363029
v 0.287426 3.624497 1.368677
v 0.286279 3.625238 1.375851
v 0.288891 3.625996 1.382628
v 0.294562 3.626569 1.387193
v 0.301773 3.626803 1.388322
v 0.308592 3.626635 1.385713
v 0.313191 3.626111 1.380064
v 0.314338 3.625370 1.372891
v 0.309757 3.781356 1.354225
v 0.304082 3.781128 1.349636
v 0.296869 3.781023 1.348497
v 0.290052 3.781067 1.351116
v 0.285457 3.781250 1.356789
v 0.284316 3.781522 1.363996
v 0.286933 3.781810 1.370808
v 0.292609 3.782038 1.375397
v 0.299822 3.782143 1.376535
v 0.306639 3.782099 1.373917
v 0.311234 3.781916 1.368244
v 0.312375 3.781644 1.361036
v 0.309010 3.951225 1.353817
v 0.303333 3.951396 1.349227
v 0.296120 3.951438 1.348089
v 0.289303 3.951341 1.350707
v 0.284710 3.951130 1.356380
v 0.283571 3.950862 1.363589
v 0.286191 3.950609 1.370400
v 0.291868 3.950438 1.374990
v 0.299082 3.950396 1.376129
v 0.305898 3.950493 1.373510
v 0.310491 3.950704 1.367837
v 0.311630 3.950972 1.360629
vn 0.8276 0.3292 -0.4546
vn 0.8265 0.2890 -0.4830
vn 0.9957 -0.0091 -0.0926
vn 0.9954 -0.0094 -0.0956
vn 0.4335 0.5789 -0.6906
vn 0.4306 0.5104 -0.7444
vn -0.0791 0.6704 -0.7378
vn -0.0858 0.5919 -0.8014
vn -0.5701 0.5786 -0.5833
vn -0.5785 0.5096 -0.6369
vn -0.9052 0.3286 -0.2694
vn -0.9102 0.2877 -0.2980
vn -0.9931 -0.0101 0.1170
vn -0.9928 -0.0107 0.1194
vn -0.8133 -0.3437 0.4694
vn -0.8100 -0.3038 0.5017
vn -0.4204 -0.5836 0.6947
vn -0.4154 -0.5152 0.7497
vn 0.0792 -0.6702 0.7380
vn 0.0860 -0.5917 0.8016
vn 0.5584 -0.5832 0.5900
vn 0.5650 -0.5144 0.6451
vn 0.8945 -0.3431 0.2867
vn 0.8980 -0.3024 0.3196
vn 0.8219 0.2015 -0.5328
vn 0.9960 -0.0055 -0.0892
vn 0.4219 0.3550 -0.8342
vn -0.0967 0.4111 -0.9064
vn -0.5885 0.3532 -0.7272
vn -0.9160 0.1984 -0.3487
vn -0.9925 -0.0091 0.1215
vn -0.8039 -0.2125 0.5555
vn -0.4055 -0.3587 0.8407
vn 0.0969 -0.4112 0.9064
vn 0.5742 -0.3569 0.7368
vn 0.9033 -0.2094 0.3745
vn 0.8179 0.1078 -0.5651
vn 0.9960 -0.0006 -0.0894
vn 0.4155 0.1875 -0.8901
vn -0.1031 0.2158 -0.9710
vn -0.5932 0.1845 -0.7836
vn -0.9185 0.1028 -0.3818
vn -0.9927 -0.0064 0.1207
vn -0.8015 -0.1131 0.5872
vn -0.4007 -0.1895 0.8964
vn 0.1033 -0.2162 0.9709
vn 0.5803 -0.1866 0.7927
vn 0.9072 -0.1081 0.4066
vn 0.8150 0.0254 -0.5788
vn 0.9957 0.0033 -0.0926
vn 0.4121 0.0406 -0.9103
vn -0.1049 0.0447 -0.9935
vn -0.5931 0.0367 -0.8043
vn -0.9180 0.0187 -0.3961
vn -0.9931 -0.0044 0.1172
vn -0.8024 -0.0263 0.5962
vn -0.4007 -0.0412 0.9153
vn 0.1050 -0.0452 0.9934
vn 0.5832 -0.0374 0.8114
vn 0.9094 -0.0197 0.4155
vn 0.8132 -0.0350 -0.5809
vn 0.9953 0.0052 -0.0969
vn 0.4107 -0.0659 -0.9094
vn -0.1042 -0.0790 -0.9914
vn -0.5907 -0.0705 -0.8038
vn -0.9162 -0.0429 -0.3985
vn -0.9936 -0.0039 0.1129
vn -0.8050 0.0359 0.5922
vn -0.4032 0.0660 0.9127
vn 0.1043 0.0787 0.9914
vn 0.5842 0.0706 0.8085
vn 0.9105 0.0438 0.4112
vn 0.8119 -0.0718 -0.5794
vn 0.9949 0.0056 -0.1008
vn 0.4100 -0.1301 -0.9028
vn -0.1029 -0.1532 -0.9828
vn -0.5881 -0.1350 -0.7975
vn -0.9142 -0.0804 -0.3972
vn -0.9940 -0.0043 0.1092
vn -0.8075 0.0728 0.5853
vn -0.4060 0.1303 0.9045
vn 0.1030 0.1531 0.9828
vn 0.5847 0.1352 0.7999
vn 0.9112 0.0813 0.4039
vn 0.8107 -0.0881 -0.5788
vn 0.9946 0.0054 -0.1039
vn 0.4092 -0.1580 -0.8987
vn -0.1022 -0.1855 -0.9773
vn -0.5862 -0.1632 -0.7936
vn -0.9127 -0.0971 -0.3969
vn -0.9943 -0.0049 0.1061
vn -0.8095 0.0885 0.5804
vn -0.4081 0.1581 0.8991
vn 0.1022 0.1855 0.9773
vn 0.5853 0.1633 0.7942
vn 0.9119 0.0974 0.3986
vn 0.8094 -0.0878 -0.5807
vn 0.9943 0.0049 -0.1063
vn 0.4080 -0.1570 -0.8994
vn -0.1023 -0.1842 -0.9776
vn -0.5852 -0.1621 -0.7945
vn -0.9119 -0.0967 -0.3989
vn -0.9946 -0.0054 0.1037
vn -0.8108 0.0875 0.5788
vn -0.4093 0.1569 0.8988
vn 0.1022 0.1842 0.9776
vn 0.5863 0.1620 0.7937
vn 0.9128 0.0964 0.3968
vn 0.8081 -0.0741 -0.5844
vn 0.9941 0.0045 -0.1083
vn 0.4066 -0.1327 -0.9039
vn -0.1029 -0.1560 -0.9824
vn -0.5850 -0.1377 -0.7993
vn -0.9115 -0.0827 -0.4029
vn -0.9948 -0.0055 0.1017
vn -0.8115 0.0733 0.5798
vn -0.4097 0.1325 0.9026
vn 0.1029 0.1560 0.9824
vn 0.5877 0.1375 0.7973
vn 0.9139 0.0819 0.3977
vn 0.8068 -0.0494 -0.5887
vn 0.9939 0.0042 -0.1098
vn 0.4051 -0.0898 -0.9099
vn -0.1039 -0.1062 -0.9889
vn -0.5852 -0.0945 -0.8054
vn -0.9114 -0.0576 -0.4074
vn -0.9950 -0.0052 0.1001
vn -0.8118 0.0487 0.5819
vn -0.4096 0.0895 0.9079
vn 0.1038 0.1063 0.9889
vn 0.5891 0.0943 0.8025
vn 0.9149 0.0568 0.3997
vn 0.8058 -0.0163 -0.5919
vn 0.9938 0.0041 -0.1109
vn 0.4038 -0.0323 -0.9143
vn -0.1047 -0.0397 -0.9937
vn -0.5855 -0.0366 -0.8099
vn -0.9114 -0.0238 -0.4108
vn -0.9951 -0.0046 0.0989
vn -0.8120 0.0159 0.5834
vn -0.4094 0.0322 0.9118
vn 0.1046 0.0397 0.9937
vn 0.5903 0.0365 0.8063
vn 0.9157 0.0234 0.4012
vn 0.8053 0.0021 -0.5929
vn 0.9938 0.0041 -0.1114
vn 0.4031 -0.0004 -0.9152
vn -0.1049 -0.0028 -0.9945
vn -0.5852 -0.0045 -0.8109
vn -0.9112 -0.0050 -0.4118
vn -0.9951 -0.0041 0.0984
vn -0.8120 -0.0022 0.5837
vn -0.4092 0.0004 0.9125
vn 0.1049 0.0029 0.9945
vn 0.5905 0.0045 0.8071
vn 0.9159 0.0050 0.4015
vt 0.000000 1.000000
vt 0.000000 0.000000
vt 0.000000 0.083333
vt 0.000000 0.166667
vt 0.000000 0.250000
vt 0.000000 0.333333
vt 0.000000 0.416667
vt 0.000000 0.500000
vt 0.000000 0.583333
vt 0.000000 0.666667
vt 0.000000 0.750000
vt 0.000000 0.833333
vt 0.000000 0.916667
vt 0.083333 1.000000
vt 0.083333 0.000000
vt 0.083333 0.083333
vt 0.083333 0.166667
vt 0.083333 0.250000
vt 0.083333 0.333333
vt 0.083333 0.416667
vt 0.083333 0.500000
vt 0.083333 0.583333
vt 0.083333 0.666667
vt 0.083333 0.750000
vt 0.083333 0.833333
vt 0.083333 0.916667
vt 0.166667 1.000000
vt 0.166667 0.000000
vt 0.166667 0.083333
vt 0.166667 0.166667
vt 0.166667 0.250000
vt 0.166667 0.333333
vt 0.166667 0.416667
vt 0.166667 0.500000
vt 0.166667 0.583333
vt 0.166667 0.666667
vt 0.166667 0.750000
vt 0.166667 0.833333
vt 0.166667 0.916667
vt 0.250000 1.000000
vt 0.250000 0.000000
vt 0.250000 0.083333
vt 0.250000 0.166667
vt 0.250000 0.250000
vt 0.250000 0.333333
vt 0.250000 0.416667
vt 0.250000 0.500000
vt 0.250000 0.583333
vt 0.250000 0.666667
vt 0.250000 0.750000
vt 0.250000 0.833333
vt 0.250000 0.916667
vt 0.333333 1.000000
vt 0.333333 0.000000
vt 0.333333 0.083333
vt 0.333333 0.166667
vt 0.333333 0.250000
vt 0.333333 0.333333
vt 0.333333 0.416667
vt 0.333333 0.500000
vt 0.333333 0.583333
vt 0.333333 0.666667
vt 0.333333 0.750000
vt 0.333333 0.833333
vt 0.333333 0.916667
vt 0.416667 1.000000
vt 0.416667 0.000000
vt 0.416667 0.083333
vt 0.416667 0.166667
vt 0.416667 0.250000
vt 0.416667 0.333333
vt 0.416667 0.416667
vt 0.416667 0.500000
vt 0.416667 0.583333
vt 0.416667 0.666667
vt 0.416667 0.750000
vt 0.416667 0.833333
vt 0.416667 0.916667
vt 0.500000 1.000000
vt 0.500000 0.000000
vt 0.500000 0.083333
vt 0.500000 0.166667
vt 0.500000 0.250000
vt 0.500000 0.333333
vt 0.500000 0.416667
vt 0.500000 0.500000
vt 0.500000 0.583333
vt 0.500000 0.666667
vt 0.500000 0.750000
vt 0.500000 0.833333
vt 0.500000 0.916667
vt 0.583333 1.000000
vt 0.583333 0.000000
vt 0.583333 0.083333
vt 0.583333 0.166667
vt 0.583333 0.250000
vt 0.583333 0.333333
vt 0.583333 0.416667
vt 0.583333 0.500000
vt 0.583333 0.583333
vt 0.583333 0.666667
vt 0.583333 0.750000
vt 0.583333 0.833333
vt 0.583333 0.916667
vt 0.666667 1.000000
vt 0.666667 0.000000
vt 0.666667 0.083333
vt 0.666667 0.166667
vt 0.666667 0.250000
vt 0.666667 0.333333
vt 0.666667 0.416667
vt 0.666667 0.500000
vt 0.666667 0.583333
vt 0.666667 0.666667
vt 0.666667 0.750000
vt 0.666667 0.833333
vt 0.666667 0.916667
vt 0.750000 1.000000
vt 0.750000 0.000000
vt 0.750000 0.083333
vt 0.750000 0.166667
vt 0.750000 0.250000
vt 0.750000 0.333333
vt 0.750000 0.416667
vt 0.750000 0.500000
vt 0.750000 0.583333
vt 0.750000 0.666667
vt 0.750000 0.750000
vt 0.750000 0.833333
vt 0.750000 0.916667
vt 0.833333 1.000000
vt 0.833333 0.000000
vt 0.833333 0.083333
vt 0.833333 0.166667
vt 0.833333 0.250000
vt 0.833333 0.333333
vt 0.833333 0.416667
vt 0.833333 0.500000
vt 0.833333 0.583333
vt 0.833333 0.666667
vt 0.833333 0.750000
vt 0.833333 0.833333
vt 0.833333 0.916667
vt 0.916667 1.000000
vt 0.916667 0.000000
vt 0.916667 0.083333
vt 0.916667 0.166667
vt 0.916667 0.250000
vt 0.916667 0.333333
vt 0.916667 0.416667
vt 0.916667 0.500000
vt 0.916667 0.583333
vt 0.916667 0.666667
vt 0.916667 0.750000
vt 0.916667 0.833333
vt 0.916667 0.916667
vt 1.000000 1.000000
vt 1.000000 0.000000
vt 1.000000 0.083333
vt 1.000000 0.166667
vt 1.000000 0.250000
vt 1.000000 0.333333
vt 1.000000 0.416667
vt 1.000000 0.500000
vt 1.000000 0.583333
vt 1.000000 0.666667
vt 1.000000 0.750000
vt 1.000000 0.833333
vt 1.000000 0.916667
s 1
f 2800/3886/2205 2812/3899/2206 2823/3911/2207 2811/3898/2208
f 2801/3888/2209 2813/3901/2210 2812/3900/2206 2800/3887/2205
f 2802/3889/2211 2814/3902/2212 2813/3901/2210 2801/3888/2209
f 2803/3890/2213 2815/3903/2214 2814/3902/2212 2802/3889/2211
f 2804/3891/2215 2816/3904/2216 2815/3903/2214 2803/3890/2213
f 2805/3892/2217 2817/3905/2218 2816/3904/2216 2804/3891/2215
f 2806/3893/2219 2818/3906/2220 2817/3905/2218 2805/3892/2217
f 2807/3894/2221 2819/3907/2222 2818/3906/2220 2806/3893/2219
f 2808/3895/2223 2820/3908/2224 2819/3907/2222 2807/3894/2221
f 2809/3896/2225 2821/3909/2226 2820/3908/2224 2808/3895/2223
f 2810/3897/2227 2822/3910/2228 2821/3909/2226 2809/3896/2225
f 2811/3898/2208 2823/3911/2207 2822/3910/2228 2810/3897/2227
f 2812/3899/2206 2824/3912/2229 2835/3924/2230 2823/3911/2207
f 2813/3901/2210 2825/3914/2231 2824/3913/2229 2812/3900/2206
f 2814/3902/2212 2826/3915/2232 2825/3914/2231 2813/3901/2210
f 2815/3903/2214 2827/3916/2233 2826/3915/2232 2814/3902/2212
f 2816/3904/2216 2828/3917/2234 2827/3916/2233 2815/3903/2214
f 2817/3905/2218 2829/3918/2235 2828/3917/2234 2816/3904/2216
f 2818/3906/2220 2830/3919/2236 2829/3918/2235 2817/3905/2218
f 2819/3907/2222 2831/3920/2237 2830/3919/2236 2818/3906/2220
f 2820/3908/2224 2832/3921/2238 2831/3920/2237 2819/3907/2222
f 2821/3909/2226 2833/3922/2239 2832/3921/2238 2820/3908/2224
f 2822/3910/2228 2834/3923/2240 2833/3922/2239 2821/3909/2226
f 2823/3911/2207 2835/3924/2230 2834/3923/2240 2822/3910/2228
f 2824/3912/2229 2836/3925/2241 2847/3937/2242 2835/3924/2230
f 2825/3914/2231 2837/3927/2243 2836/3926/2241 2824/3913/2229
f 2826/3915/2232 2838/3928/2244 2837/3927/2243 2825/3914/2231
f 2827/3916/2233 2839/3929/2245 2838/3928/2244 2826/3915/2232
f 2828/3917/2234 2840/3930/2246 2839/3929/2245 2827/3916/2233
f 2829/3918/2235 2841/3931/2247 2840/3930/2246 2828/3917/2234
f 2830/3919/2236 2842/3932/2248 2841/3931/2247 2829/3918/2235
f 2831/3920/2237 2843/3933/2249 2842/3932/2248 2830/3919/2236
f 2832/3921/2238 2844/3934/2250 2843/3933/2249 2831/3920/2237
f 2833/3922/2239 2845/3935/2251 2844/3934/2250 2832/3921/2238
f 2834/3923/2240 2846/3936/2252 2845/3935/2251 2833/3922/2239
f 2835/3924/2230 2847/3937/2242 2846/3936/2252 2834/3923/2240
f 2836/3925/2241 2848/3938/2253 2859/3950/2254 2847/3937/2242
f 2837/3927/2243 2849/3940/2255 2848/3939/2253 2836/3926/2241
f 2838/3928/2244 2850/3941/2256 2849/3940/2255 2837/3927/2243
f 2839/3929/2245 2851/3942/2257 2850/3941/2256 2838/3928/2244
f 2840/3930/2246 2852/3943/2258 2851/3942/2257 2839/3929/2245
f 2841/3931/2247 2853/3944/2259 2852/3943/2258 2840/3930/2246
f 2842/3932/2248 2854/3945/2260 2853/3944/2259 2841/3931/2247
f 2843/3933/2249 2855/3946/2261 2854/3945/2260 2842/3932/2248
f 2844/3934/2250 2856/3947/2262 2855/3946/2261 2843/3933/2249
f 2845/3935/2251 2857/3948/2263 2856/3947/2262 2844/3934/2250
f 2846/3936/2252 2858/3949/2264 2857/3948/2263 2845/3935/2251
f 2847/3937/2242 2859/3950/2254 2858/3949/2264 2846/3936/2252
f 2848/3938/2253 2860/3951/2265 2871/3963/2266 2859/3950/2254
f 2849/3940/2255 2861/3953/2267 2860/3952/2265 2848/3939/2253
f 2850/3941/2256 2862/3954/2268 2861/3953/2267 2849/3940/2255
f 2851/3942/2257 2863/3955/2269 2862/3954/2268 2850/3941/2256
f 2852/3943/2258 2864/3956/2270 2863/3955/2269 2851/3942/2257
f 2853/3944/2259 2865/3957/2271 2864/3956/2270 2852/3943/2258
f 2854/3945/2260 2866/3958/2272 2865/3957/2271 2853/3944/2259
f 2855/3946/2261 2867/3959/2273 2866/3958/2272 2854/3945/2260
f 2856/3947/2262 2868/3960/2274 2867/3959/2273 2855/3946/2261
f 2857/3948/2263 2869/3961/2275 2868/3960/2274 2856/3947/2262
f 2858/3949/2264 2870/3962/2276 2869/3961/2275 2857/3948/2263
f 2859/3950/2254 2871/3963/2266 2870/3962/2276 2858/3949/2264
f 2860/3951/2265 2872/3964/2277 2883/3976/2278 2871/3963/2266
f 2861/3953/2267 2873/3966/2279 2872/3965/2277 2860/3952/2265
f 2862/3954/2268 2874/3967/2280 2873/3966/2279 2861/3953/2267
f 2863/3955/2269 2875/3968/2281 2874/3967/2280 2862/3954/2268
f 2864/3956/2270 2876/3969/2282 2875/3968/2281 2863/3955/2269
f 2865/3957/2271 2877/3970/2283 2876/3969/2282 2864/3956/2270
f 2866/3958/2272 2878/3971/2284 2877/3970/2283 2865/3957/2271
f 2867/3959/2273 2879/3972/2285 2878/3971/2284 2866/3958/2272
f 2868/3960/2274 2880/3973/2286 2879/3972/2285 2867/3959/2273
f 2869/3961/2275 2881/3974/2287 2880/3973/2286 2868/3960/2274
f 2870/3962/2276 2882/3975/2288 2881/3974/2287 2869/3961/2275
f 2871/3963/2266 2883/3976/2278 2882/3975/2288 2870/3962/2276
f 2872/3964/2277 2884/3977/2289 2895/3989/2290 2883/3976/2278
f 2873/3966/2279 2885/3979/2291 2884/3978/2289 2872/3965/2277
f 2874/3967/2280 2886/3980/2292 2885/3979/2291 2873/3966/2279
f 2875/3968/2281 2887/3981/2293 2886/3980/2292 2874/3967/2280
f 2876/3969/2282 2888/3982/2294 2887/3981/2293 2875/3968/2281
f 2877/3970/2283 2889/3983/2295 2888/3982/2294 2876/3969/2282
f 2878/3971/2284 2890/3984/2296 2889/3983/2295 2877/3970/2283
f 2879/3972/2285 2891/3985/2297 2890/3984/2296 2878/3971/2284
f 2880/3973/2286 2892/3986/2298 2891/3985/2297 2879/3972/2285
f 2881/3974/2287 2893/3987/2299 2892/3986/2298 2880/3973/2286
f 2882/3975/2288 2894/3988/2300 2893/3987/2299 2881/3974/2287
f 2883/3976/2278 2895/3989/2290 2894/3988/2300 2882/3975/2288
f 2884/3977/2289 2896/3990/2301 2907/4002/2302 2895/3989/2290
f 2885/3979/2291 2897/3992/2303 2896/3991/2301 2884/3978/2289
f 2886/3980/2292 2898/3993/2304 2897/3992/2303 2885/3979/2291
f 2887/3981/2293 2899/3994/2305 2898/3993/2304 2886/3980/2292
f 2888/3982/2294 2900/3995/2306 2899/3994/2305 2887/3981/2293
f 2889/3983/2295 2901/3996/2307 2900/3995/2306 2888/3982/2294
f 2890/3984/2296 2902/3997/2308 2901/3996/2307 2889/3983/2295
f 2891/3985/2297 2903/3998/2309 2902/3997/2308 2890/3984/2296
f 2892/3986/2298 2904/3999/2310 2903/3998/2309 2891/3985/2297
f 2893/3987/2299 2905/4000/2311 2904/3999/2310 2892/3986/2298
f 2894/3988/2300 2906/4001/2312 2905/4000/2311 2893/3987/2299
f 2895/3989/2290 2907/4002/2302 2906/4001/2312 2894/3988/2300
f 2896/3990/2301 2908/4003/2313 2919/4015/2314 2907/4002/2302
f 2897/3992/2303 2909/4005/2315 2908/4004/2313 2896/3991/2301
f 2898/3993/2304 2910/4006/2316 2909/4005/2315 2897/3992/2303
f 2899/3994/2305 2911/4007/2317 2910/4006/2316 2898/3993/2304
f 2900/3995/2306 2912/4008/2318 2911/4007/2317 2899/3994/2305
f 2901/3996/2307 2913/4009/2319 2912/4008/2318 2900/3995/2306
f 2902/3997/2308 2914/4010/2320 2913/4009/2319 2901/3996/2307
f 2903/3998/2309 2915/4011/2321 2914/4010/2320 2902/3997/2308
f 2904/3999/2310 2916/4012/2322 2915/4011/2321 2903/3998/2309
f 2905/4000/2311 2917/4013/2323 2916/4012/2322 2904/3999/2310
f 2906/4001/2312 2918/4014/2324 2917/4013/2323 2905/4000/2311
f 2907/4002/2302 2919/4015/2314 2918/4014/2324 2906/4001/2312
f 2908/4003/2313 2920/4016/2325 2931/4028/2326 2919/4015/2314
f 2909/4005/2315 2921/4018/2327 2920/4017/2325 2908/4004/2313
f 2910/4006/2316 2922/4019/2328 2921/4018/2327 2909/4005/2315
f 2911/4007/2317 2923/4020/2329 2922/4019/2328 2910/4006/2316
f 2912/4008/2318 2924/4021/2330 2923/4020/2329 2911/4007/2317
f 2913/4009/2319 2925/4022/2331 2924/4021/2330 2912/4008/2318
f 2914/4010/2320 2926/4023/2332 2925/4022/2331 2913/4009/2319
f 2915/4011/2321 2927/4024/2333 2926/4023/2332 2914/4010/2320
f 2916/4012/2322 2928/4025/2334 2927/4024/2333 2915/4011/2321
f 2917/4013/2323 2929/4026/2335 2928/4025/2334 2916/4012/2322
f 2918/4014/2324 2930/4027/2336 2929/4026/2335 2917/4013/2323
f 2919/4015/2314 2931/4028/2326 2930/4027/2336 2918/4014/2324
f 2920/4016/2325 2932/4029/2337 2943/4041/2338 2931/4028/2326
f 2921/4018/2327 2933/4031/2339 2932/4030/2337 2920/4017/2325
f 2922/4019/2328 2934/4032/2340 2933/4031/2339 2921/4018/2327
f 2923/4020/2329 2935/4033/2341 2934/4032/2340 2922/4019/2328
f 2924/4021/2330 2936/4034/2342 2935/4033/2341 2923/4020/2329
f 2925/4022/2331 2937/4035/2343 2936/4034/2342 2924/4021/2330
f 2926/4023/2332 2938/4036/2344 2937/4035/2343 2925/4022/2331
f 2927/4024/2333 2939/4037/2345 2938/4036/2344 2926/4023/2332
f 2928/4025/2334 2940/4038/2346 2939/4037/2345 2927/4024/2333
f 2929/4026/2335 2941/4039/2347 2940/4038/2346 2928/4025/2334
f 2930/4027/2336 2942/4040/2348 2941/4039/2347 2929/4026/2335
f 2931/4028/2326 2943/4041/2338 2942/4040/2348 2930/4027/2336
f 2932/4029/2337 2944/4042/2349 2955/4054/2350 2943/4041/2338
f 2933/4031/2339 2945/4044/2351 2944/4043/2349 2932/4030/2337
f 2934/4032/2340 2946/4045/2352 2945/4044/2351 2933/4031/2339
f 2935/4033/2341 2947/4046/2353 2946/4045/2352 2934/4032/2340
f 2936/4034/2342 2948/4047/2354 2947/4046/2353 2935/4033/2341
f 2937/4035/2343 2949/4048/2355 2948/4047/2354 2936/4034/2342
f 2938/4036/2344 2950/4049/2356 2949/4048/2355 2937/4035/2343
f 2939/4037/2345 2951/4050/2357 2950/4049/2356 2938/4036/2344
f 2940/4038/2346 2952/4051/2358 2951/4050/2357 2939/4037/2345
f 2941/4039/2347 2953/4052/2359 2952/4051/2358 2940/4038/2346
f 2942/4040/2348 2954/4053/2360 2953/4052/2359 2941/4039/2347
f 2943/4041/2338 2955/4054/2350 2954/4053/2360 2942/4040/2348
o BezierKrzywa.004
v 0.309236 2.546293 1.303658
v 0.303727 2.550076 1.300714
v 0.296576 2.551461 1.300188
v 0.289700 2.550076 1.302219
v 0.284941 2.546293 1.306264
v 0.283573 2.541124 1.311239
v 0.285965 2.535956 1.315810
v 0.291474 2.532172 1.318753
v 0.298625 2.530787 1.319280
v 0.305501 2.532172 1.317248
v 0.310261 2.535956 1.313203
v 0.311628 2.541124 1.308229
v 0.317334 2.630890 1.379651
v 0.311755 2.633942 1.376060
v 0.304579 2.635055 1.375292
v 0.297727 2.633931 1.377555
v 0.293036 2.630871 1.382241
v 0.291763 2.626695 1.388095
v 0.294248 2.622522 1.393548
v 0.299826 2.619471 1.397140
v 0.307003 2.618358 1.397907
v 0.313854 2.619482 1.395645
v 0.318545 2.622542 1.390959
v 0.319819 2.626718 1.385105
v 0.322605 2.717384 1.430288
v 0.316970 2.719497 1.426152
v 0.309772 2.720262 1.425182
v 0.302941 2.719472 1.427638
v 0.298306 2.717340 1.432863
v 0.297109 2.714436 1.439456
v 0.299671 2.711539 1.445650
v 0.305306 2.709425 1.449787
v 0.312504 2.708661 1.450756
v 0.319335 2.709450 1.448300
v 0.323970 2.711583 1.443075
v 0.325167 2.714487 1.436482
v 0.325471 2.807036 1.459404
v 0.319803 2.808136 1.454933
v 0.312593 2.808524 1.453839
v 0.305773 2.808095 1.456415
v 0.301171 2.806965 1.461971
v 0.300019 2.805436 1.469018
v 0.302627 2.803918 1.475668
v 0.308294 2.802818 1.480140
v 0.315504 2.802430 1.481234
v 0.322324 2.802859 1.478658
v 0.326926 2.803989 1.473102
v 0.328078 2.805518 1.466055
v 0.326338 2.901206 1.470707
v 0.320661 2.901419 1.466118
v 0.313448 2.901477 1.464981
v 0.306631 2.901365 1.467598
v 0.302038 2.901112 1.473270
v 0.300899 2.900788 1.480476
v 0.303519 2.900478 1.487285
v 0.309196 2.900265 1.491874
v 0.316410 2.900208 1.493011
v 0.323226 2.900320 1.490394
v 0.327819 2.900572 1.484722
v 0.328958 2.900897 1.477516
v 0.325599 3.001144 1.467767
v 0.319925 3.000714 1.463189
v 0.312714 3.000533 1.462055
v 0.305896 3.000649 1.464669
v 0.301299 3.001033 1.470331
v 0.300154 3.001580 1.477522
v 0.302769 3.002145 1.484317
v 0.308443 3.002576 1.488895
v 0.315655 3.002757 1.490029
v 0.322472 3.002640 1.487415
v 0.327069 3.002256 1.481754
v 0.328214 3.001709 1.474562
v 0.323645 3.107953 1.454154
v 0.317978 3.107136 1.449621
v 0.310768 3.106812 1.448504
v 0.303948 3.107066 1.451102
v 0.299345 3.107831 1.456719
v 0.298192 3.108902 1.463850
v 0.300798 3.109992 1.470584
v 0.306464 3.110809 1.475117
v 0.313674 3.111134 1.476234
v 0.320494 3.110879 1.473636
v 0.325097 3.110114 1.468019
v 0.326251 3.109043 1.460888
v 0.320875 3.222668 1.433495
v 0.315212 3.221684 1.428990
v 0.308004 3.221297 1.427884
v 0.301182 3.221611 1.430471
v 0.296575 3.222543 1.436060
v 0.295417 3.223842 1.443152
v 0.298017 3.225160 1.449848
v 0.303680 3.226144 1.454352
v 0.310888 3.226531 1.455459
v 0.317710 3.226217 1.452871
v 0.322317 3.225286 1.447282
v 0.323476 3.223987 1.440190
v 0.317693 3.346321 1.409464
v 0.312030 3.345344 1.404959
v 0.304822 3.344959 1.403852
v 0.298001 3.345271 1.406440
v 0.293393 3.346196 1.412030
v 0.292235 3.347485 1.419124
v 0.294836 3.348794 1.425821
v 0.300499 3.349772 1.430327
v 0.307707 3.350156 1.431434
v 0.314529 3.349844 1.428845
v 0.319136 3.348920 1.423255
v 0.320294 3.347630 1.416161
v 0.314507 3.479952 1.385766
v 0.308841 3.479121 1.381235
v 0.301632 3.478791 1.380119
v 0.294811 3.479051 1.382716
v 0.290208 3.479831 1.388331
v 0.289054 3.480921 1.395459
v 0.291659 3.482031 1.402190
v 0.297326 3.482862 1.406721
v 0.304535 3.483192 1.407837
v 0.311355 3.482933 1.405240
v 0.315959 3.482153 1.399625
v 0.317113 3.481062 1.392497
v 0.311726 3.624612 1.366113
v 0.306054 3.624039 1.361549
v 0.298843 3.623805 1.360420
v 0.292025 3.623973 1.363029
v 0.287426 3.624497 1.368677
v 0.286279 3.625238 1.375851
v 0.288891 3.625996 1.382628
v 0.294562 3.626569 1.387193
v 0.301773 3.626803 1.388322
v 0.308592 3.626635 1.385713
v 0.313191 3.626111 1.380064
v 0.314338 3.625370 1.372891
v 0.309757 3.781356 1.354225
v 0.304082 3.781128 1.349636
v 0.296869 3.781023 1.348497
v 0.290052 3.781067 1.351116
v 0.285457 3.781250 1.356789
v 0.284316 3.781522 1.363996
v 0.286933 3.781810 1.370808
v 0.292609 3.782038 1.375397
v 0.299822 3.782143 1.376535
v 0.306639 3.782099 1.373917
v 0.311234 3.781916 1.368244
v 0.312375 3.781644 1.361036
v 0.309010 3.951225 1.353817
v 0.303333 3.951396 1.349227
v 0.296120 3.951438 1.348089
v 0.289303 3.951341 1.350707
v 0.284710 3.951130 1.356380
v 0.283571 3.950862 1.363589
v 0.286191 3.950609 1.370400
v 0.291868 3.950438 1.374990
v 0.299082 3.950396 1.376129
v 0.305898 3.950493 1.373510
v 0.310491 3.950704 1.367837
v 0.311630 3.950972 1.360629
vn 0.8276 0.3292 -0.4546
vn 0.8265 0.2890 -0.4830
vn 0.9957 -0.0091 -0.0926
vn 0.9954 -0.0094 -0.0956
vn 0.4335 0.5789 -0.6906
vn 0.4306 0.5104 -0.7444
vn -0.0791 0.6704 -0.7378
vn -0.0858 0.5919 -0.8014
vn -0.5701 0.5786 -0.5833
vn -0.5785 0.5096 -0.6369
vn -0.9052 0.3286 -0.2694
vn -0.9102 0.2877 -0.2980
vn -0.9931 -0.0101 0.1170
vn -0.9928 -0.0107 0.1194
vn -0.8133 -0.3437 0.4694
vn -0.8100 -0.3038 0.5017
vn -0.4204 -0.5836 0.6947
vn -0.4154 -0.5152 0.7497
vn 0.0792 -0.6702 0.7380
vn 0.0860 -0.5917 0.8016
vn 0.5584 -0.5832 0.5900
vn 0.5650 -0.5144 0.6451
vn 0.8945 -0.3431 0.2867
vn 0.8980 -0.3024 0.3196
vn 0.8219 0.2015 -0.5328
vn 0.9960 -0.0055 -0.0892
vn 0.4219 0.3550 -0.8342
vn -0.0967 0.4111 -0.9064
vn -0.5885 0.3532 -0.7272
vn -0.9160 0.1984 -0.3487
vn -0.9925 -0.0091 0.1215
vn -0.8039 -0.2125 0.5555
vn -0.4055 -0.3587 0.8407
vn 0.0969 -0.4112 0.9064
vn 0.5742 -0.3569 0.7368
vn 0.9033 -0.2094 0.3745
vn 0.8179 0.1078 -0.5651
vn 0.9960 -0.0006 -0.0894
vn 0.4155 0.1875 -0.8901
vn -0.1031 0.2158 -0.9710
vn -0.5932 0.1845 -0.7836
vn -0.9185 0.1028 -0.3818
vn -0.9927 -0.0064 0.1207
vn -0.8015 -0.1131 0.5872
vn -0.4007 -0.1895 0.8964
vn 0.1033 -0.2162 0.9709
vn 0.5803 -0.1866 0.7927
vn 0.9072 -0.1081 0.4066
vn 0.8150 0.0254 -0.5788
vn 0.9957 0.0033 -0.0926
vn 0.4121 0.0406 -0.9103
vn -0.1049 0.0447 -0.9935
vn -0.5931 0.0367 -0.8043
vn -0.9180 0.0187 -0.3961
vn -0.9931 -0.0044 0.1172
vn -0.8024 -0.0263 0.5962
vn -0.4007 -0.0412 0.9153
vn 0.1050 -0.0452 0.9934
vn 0.5832 -0.0374 0.8114
vn 0.9094 -0.0197 0.4155
vn 0.8132 -0.0350 -0.5809
vn 0.9953 0.0052 -0.0969
vn 0.4107 -0.0659 -0.9094
vn -0.1042 -0.0790 -0.9914
vn -0.5907 -0.0705 -0.8038
vn -0.9162 -0.0429 -0.3985
vn -0.9936 -0.0039 0.1129
vn -0.8050 0.0359 0.5922
vn -0.4032 0.0660 0.9127
vn 0.1043 0.0787 0.9914
vn 0.5842 0.0706 0.8085
vn 0.9105 0.0438 0.4112
vn 0.8119 -0.0718 -0.5794
vn 0.9949 0.0056 -0.1008
vn 0.4100 -0.1301 -0.9028
vn -0.1029 -0.1532 -0.9828
vn -0.5881 -0.1350 -0.7975
vn -0.9142 -0.0804 -0.3972
vn -0.9940 -0.0043 0.1092
vn -0.8075 0.0728 0.5853
vn -0.4060 0.1303 0.9045
vn 0.1030 0.1531 0.9828
vn 0.5847 0.1352 0.7999
vn 0.9112 0.0813 0.4039
vn 0.8107 -0.0881 -0.5788
vn 0.9946 0.0054 -0.1039
vn 0.4092 -0.1580 -0.8987
vn -0.1022 -0.1855 -0.9773
vn -0.5862 -0.1632 -0.7936
vn -0.9127 -0.0971 -0.3969
vn -0.9943 -0.0049 0.1061
vn -0.8095 0.0885 0.5804
vn -0.4081 0.1581 0.8991
vn 0.1022 0.1855 0.9773
vn 0.5853 0.1633 0.7942
vn 0.9119 0.0974 0.3986
vn 0.8094 -0.0878 -0.5807
vn 0.9943 0.0049 -0.1063
vn 0.4080 -0.1570 -0.8994
vn -0.1023 -0.1842 -0.9776
vn -0.5852 -0.1621 -0.7945
vn -0.9119 -0.0967 -0.3989
vn -0.9946 -0.0054 0.1037
vn -0.8108 0.0875 0.5788
vn -0.4093 0.1569 0.8988
vn 0.1022 0.1842 0.9776
vn 0.5863 0.1620 0.7937
vn 0.9128 0.0964 0.3968
vn 0.8081 -0.0741 -0.5844
vn 0.9941 0.0045 -0.1083
vn 0.4066 -0.1327 -0.9039
vn -0.1029 -0.1560 -0.9824
vn -0.5850 -0.1377 -0.7993
vn -0.9115 -0.0827 -0.4029
vn -0.9948 -0.0055 0.1017
vn -0.8115 0.0733 0.5798
vn -0.4097 0.1325 0.9026
vn 0.1029 0.1560 0.9824
vn 0.5877 0.1375 0.7973
vn 0.9139 0.0819 0.3977
vn 0.8068 -0.0494 -0.5887
vn 0.9939 0.0042 -0.1098
vn 0.4051 -0.0898 -0.9099
vn -0.1039 -0.1062 -0.9889
vn -0.5852 -0.0945 -0.8054
vn -0.9114 -0.0576 -0.4074
vn -0.9950 -0.0052 0.1001
vn -0.8118 0.0487 0.5819
vn -0.4096 0.0895 0.9079
vn 0.1038 0.1063 0.9889
vn 0.5891 0.0943 0.8025
vn 0.9149 0.0568 0.3997
vn 0.8058 -0.0163 -0.5919
vn 0.9938 0.0041 -0.1109
vn 0.4038 -0.0323 -0.9143
vn -0.1047 -0.0397 -0.9937
vn -0.5855 -0.0366 -0.8099
vn -0.9114 -0.0238 -0.4108
vn -0.9951 -0.0046 0.0989
vn -0.8120 0.0159 0.5834
vn -0.4094 0.0322 0.9118
vn 0.1046 0.0397 0.9937
vn 0.5903 0.0365 0.8063
vn 0.9157 0.0234 0.4012
vn 0.8053 0.0021 -0.5929
vn 0.9938 0.0041 -0.1114
vn 0.4031 -0.0004 -0.9152
vn -0.1049 -0.0028 -0.9945
vn -0.5852 -0.0045 -0.8109
vn -0.9112 -0.0050 -0.4118
vn -0.9951 -0.0041 0.0984
vn -0.8120 -0.0022 0.5837
vn -0.4092 0.0004 0.9125
vn 0.1049 0.0029 0.9945
vn 0.5905 0.0045 0.8071
vn 0.9159 0.0050 0.4015
vt 0.000000 1.000000
vt 0.000000 0.000000
vt 0.000000 0.083333
vt 0.000000 0.166667
vt 0.000000 0.250000
vt 0.000000 0.333333
vt 0.000000 0.416667
vt 0.000000 0.500000
vt 0.000000 0.583333
vt 0.000000 0.666667
vt 0.000000 0.750000
vt 0.000000 0.833333
vt 0.000000 0.916667
vt 0.083333 1.000000
vt 0.083333 0.000000
vt 0.083333 0.083333
vt 0.083333 0.166667
vt 0.083333 0.250000
vt 0.083333 0.333333
vt 0.083333 0.416667
vt 0.083333 0.500000
vt 0.083333 0.583333
vt 0.083333 0.666667
vt 0.083333 0.750000
vt 0.083333 0.833333
vt 0.083333 0.916667
vt 0.166667 1.000000
vt 0.166667 0.000000
vt 0.166667 0.083333
vt 0.166667 0.166667
vt 0.166667 0.250000
vt 0.166667 0.333333
vt 0.166667 0.416667
vt 0.166667 0.500000
vt 0.166667 0.583333
vt 0.166667 0.666667
vt 0.166667 0.750000
vt 0.166667 0.833333
vt 0.166667 0.916667
vt 0.250000 1.000000
vt 0.250000 0.000000
vt 0.250000 0.083333
vt 0.250000 0.166667
vt 0.250000 0.250000
vt 0.250000 0.333333
vt 0.250000 0.416667
vt 0.250000 0.500000
vt 0.250000 0.583333
vt 0.250000 0.666667
vt 0.250000 0.750000
vt 0.250000 0.833333
vt 0.250000 0.916667
vt 0.333333 1.000000
vt 0.333333 0.000000
vt 0.333333 0.083333
vt 0.333333 0.166667
vt 0.333333 0.250000
vt 0.333333 0.333333
vt 0.333333 0.416667
vt 0.333333 0.500000
vt 0.333333 0.583333
vt 0.333333 0.666667
vt 0.333333 0.750000
vt 0.333333 0.833333
vt 0.333333 0.916667
vt 0.416667 1.000000
vt 0.416667 0.000000
vt 0.416667 0.083333
vt 0.416667 0.166667
vt 0.416667 0.250000
vt 0.416667 0.333333
vt 0.416667 0.416667
vt 0.416667 0.500000
vt 0.416667 0.583333
vt 0.416667 0.666667
vt 0.416667 0.750000
vt 0.416667 0.833333
vt 0.416667 0.916667
vt 0.500000 1.000000
vt 0.500000 0.000000
vt 0.500000 0.083333
vt 0.500000 0.166667
vt 0.500000 0.250000
vt 0.500000 0.333333
vt 0.500000 0.416667
vt 0.500000 0.500000
vt 0.500000 0.583333
vt 0.500000 0.666667
vt 0.500000 0.750000
vt 0.500000 0.833333
vt 0.500000 0.916667
vt 0.583333 1.000000
vt 0.583333 0.000000
vt 0.583333 0.083333
vt 0.583333 0.166667
vt 0.583333 0.250000
vt 0.583333 0.333333
vt 0.583333 0.416667
vt 0.583333 0.500000
vt 0.583333 0.583333
vt 0.583333 0.666667
vt 0.583333 0.750000
vt 0.583333 0.833333
vt 0.583333 0.916667
vt 0.666667 1.000000
vt 0.666667 0.000000
vt 0.666667 0.083333
vt 0.666667 0.166667
vt 0.666667 0.250000
vt 0.666667 0.333333
vt 0.666667 0.416667
vt 0.666667 0.500000
vt 0.666667 0.583333
vt 0.666667 0.666667
vt 0.666667 0.750000
vt 0.666667 0.833333
vt 0.666667 0.916667
vt 0.750000 1.000000
vt 0.750000 0.000000
vt 0.750000 0.083333
vt 0.750000 0.166667
vt 0.750000 0.250000
vt 0.750000 0.333333
vt 0.750000 0.416667
vt 0.750000 0.500000
vt 0.750000 0.583333
vt 0.750000 0.666667
vt 0.750000 0.750000
vt 0.750000 0.833333
vt 0.750000 0.916667
vt 0.833333 1.000000
vt 0.833333 0.000000
vt 0.833333 0.083333
vt 0.833333 0.166667
vt 0.833333 0.250000
vt 0.833333 0.333333
vt 0.833333 0.416667
vt 0.833333 0.500000
vt 0.833333 0.583333
vt 0.833333 0.666667
vt 0.833333 0.750000
vt 0.833333 0.833333
vt 0.833333 0.916667
vt 0.916667 1.000000
vt 0.916667 0.000000
vt 0.916667 0.083333
vt 0.916667 0.166667
vt 0.916667 0.250000
vt 0.916667 0.333333
vt 0.916667 0.416667
vt 0.916667 0.500000
vt 0.916667 0.583333
vt 0.916667 0.666667
vt 0.916667 0.750000
vt 0.916667 0.833333
vt 0.916667 0.916667
vt 1.000000 1.000000
vt 1.000000 0.000000
vt 1.000000 0.083333
vt 1.000000 0.166667
vt 1.000000 0.250000
vt 1.000000 0.333333
vt 1.000000 0.416667
vt 1.000000 0.500000
vt 1.000000 0.583333
vt 1.000000 0.666667
vt 1.000000 0.750000
vt 1.000000 0.833333
vt 1.000000 0.916667
s 1
f 2956/4055/2361 2968/4068/2362 2979/4080/2363 2967/4067/2364
f 2957/4057/2365 2969/4070/2366 2968/4069/2362 2956/4056/2361
f 2958/4058/2367 2970/4071/2368 2969/4070/2366 2957/4057/2365
f 2959/4059/2369 2971/4072/2370 2970/4071/2368 2958/4058/2367
f 2960/4060/2371 2972/4073/2372 2971/4072/2370 2959/4059/2369
f 2961/4061/2373 2973/4074/2374 2972/4073/2372 2960/4060/2371
f 2962/4062/2375 2974/4075/2376 2973/4074/2374 2961/4061/2373
f 2963/4063/2377 2975/4076/2378 2974/4075/2376 2962/4062/2375
f 2964/4064/2379 2976/4077/2380 2975/4076/2378 2963/4063/2377
f 2965/4065/2381 2977/4078/2382 2976/4077/2380 2964/4064/2379
f 2966/4066/2383 2978/4079/2384 2977/4078/2382 2965/4065/2381
f 2967/4067/2364 2979/4080/2363 2978/4079/2384 2966/4066/2383
f 2968/4068/2362 2980/4081/2385 2991/4093/2386 2979/4080/2363
f 2969/4070/2366 2981/4083/2387 2980/4082/2385 2968/4069/2362
f 2970/4071/2368 2982/4084/2388 2981/4083/2387 2969/4070/2366
f 2971/4072/2370 2983/4085/2389 2982/4084/2388 2970/4071/2368
f 2972/4073/2372 2984/4086/2390 2983/4085/2389 2971/4072/2370
f 2973/4074/2374 2985/4087/2391 2984/4086/2390 2972/4073/2372
f 2974/4075/2376 2986/4088/2392 2985/4087/2391 2973/4074/2374
f 2975/4076/2378 2987/4089/2393 2986/4088/2392 2974/4075/2376
f 2976/4077/2380 2988/4090/2394 2987/4089/2393 2975/4076/2378
f 2977/4078/2382 2989/4091/2395 2988/4090/2394 2976/4077/2380
f 2978/4079/2384 2990/4092/2396 2989/4091/2395 2977/4078/2382
f 2979/4080/2363 2991/4093/2386 2990/4092/2396 2978/4079/2384
f 2980/4081/2385 2992/4094/2397 3003/4106/2398 2991/4093/2386
f 2981/4083/2387 2993/4096/2399 2992/4095/2397 2980/4082/2385
f 2982/4084/2388 2994/4097/2400 2993/4096/2399 2981/4083/2387
f 2983/4085/2389 2995/4098/2401 2994/4097/2400 2982/4084/2388
f 2984/4086/2390 2996/4099/2402 2995/4098/2401 2983/4085/2389
f 2985/4087/2391 2997/4100/2403 2996/4099/2402 2984/4086/2390
f 2986/4088/2392 2998/4101/2404 2997/4100/2403 2985/4087/2391
f 2987/4089/2393 2999/4102/2405 2998/4101/2404 2986/4088/2392
f 2988/4090/2394 3000/4103/2406 2999/4102/2405 2987/4089/2393
f 2989/4091/2395 3001/4104/2407 3000/4103/2406 2988/4090/2394
f 2990/4092/2396 3002/4105/2408 3001/4104/2407 2989/4091/2395
f 2991/4093/2386 3003/4106/2398 3002/4105/2408 2990/4092/2396
f 2992/4094/2397 3004/4107/2409 3015/4119/2410 3003/4106/2398
f 2993/4096/2399 3005/4109/2411 3004/4108/2409 2992/4095/2397
f 2994/4097/2400 3006/4110/2412 3005/4109/2411 2993/4096/2399
f 2995/4098/2401 3007/4111/2413 3006/4110/2412 2994/4097/2400
f 2996/4099/2402 3008/4112/2414 3007/4111/2413 2995/4098/2401
f 2997/4100/2403 3009/4113/2415 3008/4112/2414 2996/4099/2402
f 2998/4101/2404 3010/4114/2416 3009/4113/2415 2997/4100/2403
f 2999/4102/2405 3011/4115/2417 3010/4114/2416 2998/4101/2404
f 3000/4103/2406 3012/4116/2418 3011/4115/2417 2999/4102/2405
f 3001/4104/2407 3013/4117/2419 3012/4116/2418 3000/4103/2406
f 3002/4105/2408 3014/4118/2420 3013/4117/2419 3001/4104/2407
f 3003/4106/2398 3015/4119/2410 3014/4118/2420 3002/4105/2408
f 3004/4107/2409 3016/4120/2421 3027/4132/2422 3015/4119/2410
f 3005/4109/2411 3017/4122/2423 3016/4121/2421 3004/4108/2409
f 3006/4110/2412 3018/4123/2424 3017/4122/2423 3005/4109/2411
f 3007/4111/2413 3019/4124/2425 3018/4123/2424 3006/4110/2412
f 3008/4112/2414 3020/4125/2426 3019/4124/2425 3007/4111/2413
f 3009/4113/2415 3021/4126/2427 3020/4125/2426 3008/4112/2414
f 3010/4114/2416 3022/4127/2428 3021/4126/2427 3009/4113/2415
f 3011/4115/2417 3023/4128/2429 3022/4127/2428 3010/4114/2416
f 3012/4116/2418 3024/4129/2430 3023/4128/2429 3011/4115/2417
f 3013/4117/2419 3025/4130/2431 3024/4129/2430 3012/4116/2418
f 3014/4118/2420 3026/4131/2432 3025/4130/2431 3013/4117/2419
f 3015/4119/2410 3027/4132/2422 3026/4131/2432 3014/4118/2420
f 3016/4120/2421 3028/4133/2433 3039/4145/2434 3027/4132/2422
f 3017/4122/2423 3029/4135/2435 3028/4134/2433 3016/4121/2421
f 3018/4123/2424 3030/4136/2436 3029/4135/2435 3017/4122/2423
f 3019/4124/2425 3031/4137/2437 3030/4136/2436 3018/4123/2424
f 3020/4125/2426 3032/4138/2438 3031/4137/2437 3019/4124/2425
f 3021/4126/2427 3033/4139/2439 3032/4138/2438 3020/4125/2426
f 3022/4127/2428 3034/4140/2440 3033/4139/2439 3021/4126/2427
f 3023/4128/2429 3035/4141/2441 3034/4140/2440 3022/4127/2428
f 3024/4129/2430 3036/4142/2442 3035/4141/2441 3023/4128/2429
f 3025/4130/2431 3037/4143/2443 3036/4142/2442 3024/4129/2430
f 3026/4131/2432 3038/4144/2444 3037/4143/2443 3025/4130/2431
f 3027/4132/2422 3039/4145/2434 3038/4144/2444 3026/4131/2432
f 3028/4133/2433 3040/4146/2445 3051/4158/2446 3039/4145/2434
f 3029/4135/2435 3041/4148/2447 3040/4147/2445 3028/4134/2433
f 3030/4136/2436 3042/4149/2448 3041/4148/2447 3029/4135/2435
f 3031/4137/2437 3043/4150/2449 3042/4149/2448 3030/4136/2436
f 3032/4138/2438 3044/4151/2450 3043/4150/2449 3031/4137/2437
f 3033/4139/2439 3045/4152/2451 3044/4151/2450 3032/4138/2438
f 3034/4140/2440 3046/4153/2452 3045/4152/2451 3033/4139/2439
f 3035/4141/2441 3047/4154/2453 3046/4153/2452 3034/4140/2440
f 3036/4142/2442 3048/4155/2454 3047/4154/2453 3035/4141/2441
f 3037/4143/2443 3049/4156/2455 3048/4155/2454 3036/4142/2442
f 3038/4144/2444 3050/4157/2456 3049/4156/2455 3037/4143/2443
f 3039/4145/2434 3051/4158/2446 3050/4157/2456 3038/4144/2444
f 3040/4146/2445 3052/4159/2457 3063/4171/2458 3051/4158/2446
f 3041/4148/2447 3053/4161/2459 3052/4160/2457 3040/4147/2445
f 3042/4149/2448 3054/4162/2460 3053/4161/2459 3041/4148/2447
f 3043/4150/2449 3055/4163/2461 3054/4162/2460 3042/4149/2448
f 3044/4151/2450 3056/4164/2462 3055/4163/2461 3043/4150/2449
f 3045/4152/2451 3057/4165/2463 3056/4164/2462 3044/4151/2450
f 3046/4153/2452 3058/4166/2464 3057/4165/2463 3045/4152/2451
f 3047/4154/2453 3059/4167/2465 3058/4166/2464 3046/4153/2452
f 3048/4155/2454 3060/4168/2466 3059/4167/2465 3047/4154/2453
f 3049/4156/2455 3061/4169/2467 3060/4168/2466 3048/4155/2454
f 3050/4157/2456 3062/4170/2468 3061/4169/2467 3049/4156/2455
f 3051/4158/2446 3063/4171/2458 3062/4170/2468 3050/4157/2456
f 3052/4159/2457 3064/4172/2469 3075/4184/2470 3063/4171/2458
f 3053/4161/2459 3065/4174/2471 3064/4173/2469 3052/4160/2457
f 3054/4162/2460 3066/4175/2472 3065/4174/2471 3053/4161/2459
f 3055/4163/2461 3067/4176/2473 3066/4175/2472 3054/4162/2460
f 3056/4164/2462 3068/4177/2474 3067/4176/2473 3055/4163/2461
f 3057/4165/2463 3069/4178/2475 3068/4177/2474 3056/4164/2462
f 3058/4166/2464 3070/4179/2476 3069/4178/2475 3057/4165/2463
f 3059/4167/2465 3071/4180/2477 3070/4179/2476 3058/4166/2464
f 3060/4168/2466 3072/4181/2478 3071/4180/2477 3059/4167/2465
f 3061/4169/2467 3073/4182/2479 3072/4181/2478 3060/4168/2466
f 3062/4170/2468 3074/4183/2480 3073/4182/2479 3061/4169/2467
f 3063/4171/2458 3075/4184/2470 3074/4183/2480 3062/4170/2468
f 3064/4172/2469 3076/4185/2481 3087/4197/2482 3075/4184/2470
f 3065/4174/2471 3077/4187/2483 3076/4186/2481 3064/4173/2469
f 3066/4175/2472 3078/4188/2484 3077/4187/2483 3065/4174/2471
f 3067/4176/2473 3079/4189/2485 3078/4188/2484 3066/4175/2472
f 3068/4177/2474 3080/4190/2486 3079/4189/2485 3067/4176/2473
f 3069/4178/2475 3081/4191/2487 3080/4190/2486 3068/4177/2474
f 3070/4179/2476 3082/4192/2488 3081/4191/2487 3069/4178/2475
f 3071/4180/2477 3083/4193/2489 3082/4192/2488 3070/4179/2476
f 3072/4181/2478 3084/4194/2490 3083/4193/2489 3071/4180/2477
f 3073/4182/2479 3085/4195/2491 3084/4194/2490 3072/4181/2478
f 3074/4183/2480 3086/4196/2492 3085/4195/2491 3073/4182/2479
f 3075/4184/2470 3087/4197/2482 3086/4196/2492 3074/4183/2480
f 3076/4185/2481 3088/4198/2493 3099/4210/2494 3087/4197/2482
f 3077/4187/2483 3089/4200/2495 3088/4199/2493 3076/4186/2481
f 3078/4188/2484 3090/4201/2496 3089/4200/2495 3077/4187/2483
f 3079/4189/2485 3091/4202/2497 3090/4201/2496 3078/4188/2484
f 3080/4190/2486 3092/4203/2498 3091/4202/2497 3079/4189/2485
f 3081/4191/2487 3093/4204/2499 3092/4203/2498 3080/4190/2486
f 3082/4192/2488 3094/4205/2500 3093/4204/2499 3081/4191/2487
f 3083/4193/2489 3095/4206/2501 3094/4205/2500 3082/4192/2488
f 3084/4194/2490 3096/4207/2502 3095/4206/2501 3083/4193/2489
f 3085/4195/2491 3097/4208/2503 3096/4207/2502 3084/4194/2490
f 3086/4196/2492 3098/4209/2504 3097/4208/2503 3085/4195/2491
f 3087/4197/2482 3099/4210/2494 3098/4209/2504 3086/4196/2492
f 3088/4198/2493 3100/4211/2505 3111/4223/2506 3099/4210/2494
f 3089/4200/2495 3101/4213/2507 3100/4212/2505 3088/4199/2493
f 3090/4201/2496 3102/4214/2508 3101/4213/2507 3089/4200/2495
f 3091/4202/2497 3103/4215/2509 3102/4214/2508 3090/4201/2496
f 3092/4203/2498 3104/4216/2510 3103/4215/2509 3091/4202/2497
f 3093/4204/2499 3105/4217/2511 3104/4216/2510 3092/4203/2498
f 3094/4205/2500 3106/4218/2512 3105/4217/2511 3093/4204/2499
f 3095/4206/2501 3107/4219/2513 3106/4218/2512 3094/4205/2500
f 3096/4207/2502 3108/4220/2514 3107/4219/2513 3095/4206/2501
f 3097/4208/2503 3109/4221/2515 3108/4220/2514 3096/4207/2502
f 3098/4209/2504 3110/4222/2516 3109/4221/2515 3097/4208/2503
f 3099/4210/2494 3111/4223/2506 3110/4222/2516 3098/4209/2504
o Walec.006
v 0.387221 3.811575 -1.834462
v 0.387221 5.201575 -1.834462
v 0.419360 3.811575 -1.822764
v 0.419360 5.201575 -1.822764
v 0.436461 3.811575 -1.793144
v 0.436461 5.201575 -1.793144
v 0.430522 3.811575 -1.759462
v 0.430522 5.201575 -1.759462
v 0.404322 3.811575 -1.737477
v 0.404322 5.201575 -1.737477
v 0.370120 3.811575 -1.737477
v 0.370120 5.201575 -1.737477
v 0.343920 3.811575 -1.759462
v 0.343920 5.201575 -1.759462
v 0.337980 3.811575 -1.793144
v 0.337980 5.201575 -1.793144
v 0.355081 3.811575 -1.822764
v 0.355081 5.201575 -1.822764
vn 0.3420 -0.0000 -0.9397
vn 0.8660 -0.0000 -0.5000
vn 0.9848 -0.0000 0.1736
vn 0.6428 -0.0000 0.7660
vn -0.0000 -0.0000 1.0000
vn -0.6428 -0.0000 0.7660
vn -0.9848 -0.0000 0.1736
vn -0.0000 1.0000 -0.0000
vn -0.8660 -0.0000 -0.5000
vn -0.3420 -0.0000 -0.9397
vn -0.0000 -1.0000 -0.0000
vt 0.977063 0.528988
vt 0.790983 0.932567
vt 0.824226 0.926429
vt 0.977063 0.408635
vt 0.979331 0.528988
vt 0.973679 0.348004
vt 0.790031 0.929952
vt 0.979331 0.408635
vt 0.973679 0.227652
vt 0.821486 0.925946
vt 0.976641 0.348004
vt 0.790983 0.927337
vt 0.976641 0.227652
vt 0.819076 0.927337
vt 0.978909 0.348004
vt 0.969022 0.894888
vt 0.793393 0.925946
vt 0.978909 0.227652
vt 0.969023 0.774535
vt 0.818124 0.929952
vt 0.971291 0.894888
vt 0.796134 0.926429
vt 0.971291 0.774535
vt 0.819076 0.932567
vt 0.974252 0.894888
vt 0.940268 0.350753
vt 0.797922 0.928561
vt 0.974252 0.774535
vt 0.940268 0.227652
vt 0.821486 0.933958
vt 0.942588 0.350753
vt 0.797922 0.931343
vt 0.942588 0.227652
vt 0.824226 0.933475
vt 0.945617 0.350753
vt 0.796134 0.933475
vt 0.826015 0.931343
vt 0.945617 0.227652
vt 0.947937 0.350753
vt 0.974101 0.528988
vt 0.793393 0.933958
vt 0.826015 0.928561
vt 0.947937 0.227652
vt 0.974101 0.408635
s 0
f 3112/4224/2517 3113/4227/2517 3115/4231/2517 3114/4228/2517
f 3114/4229/2518 3115/4232/2518 3117/4236/2518 3116/4234/2518
f 3116/4234/2519 3117/4236/2519 3119/4241/2519 3118/4238/2519
f 3118/4239/2520 3119/4242/2520 3121/4246/2520 3120/4244/2520
f 3120/4244/2521 3121/4246/2521 3123/4251/2521 3122/4248/2521
f 3122/4249/2522 3123/4252/2522 3125/4256/2522 3124/4254/2522
f 3124/4254/2523 3125/4256/2523 3127/4261/2523 3126/4258/2523
f 3115/4233/2524 3113/4226/2524 3129/4265/2524 3127/4260/2524 3125/4257/2524 3123/4253/2524 3121/4247/2524 3119/4243/2524 3117/4237/2524
f 3126/4258/2525 3127/4261/2525 3129/4266/2525 3128/4262/2525
f 3128/4263/2526 3129/4267/2526 3113/4227/2526 3112/4224/2526
f 3112/4225/2527 3114/4230/2527 3116/4235/2527 3118/4240/2527 3120/4245/2527 3122/4250/2527 3124/4255/2527 3126/4259/2527 3128/4264/2527
o Walec.008
v 0.387221 3.811575 -1.955055
v 0.387221 5.201575 -1.955055
v 0.419360 3.811575 -1.943357
v 0.419360 5.201575 -1.943357
v 0.436461 3.811575 -1.913737
v 0.436461 5.201575 -1.913737
v 0.430522 3.811575 -1.880055
v 0.430522 5.201575 -1.880055
v 0.404322 3.811575 -1.858070
v 0.404322 5.201575 -1.858070
v 0.370120 3.811575 -1.858070
v 0.370120 5.201575 -1.858070
v 0.343920 3.811575 -1.880055
v 0.343920 5.201575 -1.880055
v 0.337980 3.811575 -1.913737
v 0.337980 5.201575 -1.913737
v 0.355081 3.811575 -1.943357
v 0.355081 5.201575 -1.943357
vn 0.3420 -0.0000 -0.9397
vn 0.8660 -0.0000 -0.5000
vn 0.9848 -0.0000 0.1736
vn 0.6428 -0.0000 0.7660
vn -0.0000 -0.0000 1.0000
vn -0.6428 -0.0000 0.7660
vn -0.9848 -0.0000 0.1736
vn -0.0000 1.0000 -0.0000
vn -0.8660 -0.0000 -0.5000
vn -0.3420 -0.0000 -0.9397
vn -0.0000 -1.0000 -0.0000
vt 0.972171 0.079496
vt 0.805498 0.926429
vt 0.814862 0.933475
vt 0.972171 0.199848
vt 0.969903 0.079496
vt 0.976606 0.199848
vt 0.807287 0.928561
vt 0.969903 0.199848
vt 0.976606 0.079496
vt 0.816651 0.931343
vt 0.979567 0.199848
vt 0.807287 0.931343
vt 0.979567 0.079496
vt 0.816651 0.928561
vt 0.981836 0.199848
vt 0.865811 0.956112
vt 0.805498 0.933475
vt 0.981836 0.079496
vt 0.865811 0.835760
vt 0.814862 0.926429
vt 0.868079 0.956112
vt 0.802758 0.933958
vt 0.868079 0.835760
vt 0.812122 0.925946
vt 0.871041 0.956112
vt 0.451806 0.860097
vt 0.800348 0.932567
vt 0.871041 0.835760
vt 0.451806 0.736996
vt 0.809712 0.927337
vt 0.454127 0.860097
vt 0.799396 0.929952
vt 0.454127 0.736996
vt 0.808760 0.929952
vt 0.457156 0.860097
vt 0.800347 0.927337
vt 0.809712 0.932567
vt 0.457156 0.736996
vt 0.459476 0.860097
vt 0.975133 0.079496
vt 0.802758 0.925946
vt 0.812122 0.933958
vt 0.459476 0.736996
vt 0.975133 0.199848
s 0
f 3130/4268/2528 3131/4271/2528 3133/4275/2528 3132/4272/2528
f 3132/4273/2529 3133/4276/2529 3135/4280/2529 3134/4278/2529
f 3134/4278/2530 3135/4280/2530 3137/4285/2530 3136/4282/2530
f 3136/4283/2531 3137/4286/2531 3139/4290/2531 3138/4288/2531
f 3138/4288/2532 3139/4290/2532 3141/4295/2532 3140/4292/2532
f 3140/4293/2533 3141/4296/2533 3143/4300/2533 3142/4298/2533
f 3142/4298/2534 3143/4300/2534 3145/4305/2534 3144/4302/2534
f 3133/4277/2535 3131/4270/2535 3147/4309/2535 3145/4304/2535 3143/4301/2535 3141/4297/2535 3139/4291/2535 3137/4287/2535 3135/4281/2535
f 3144/4302/2536 3145/4305/2536 3147/4310/2536 3146/4306/2536
f 3146/4307/2537 3147/4311/2537 3131/4271/2537 3130/4268/2537
f 3130/4269/2538 3132/4274/2538 3134/4279/2538 3136/4284/2538 3138/4289/2538 3140/4294/2538 3142/4299/2538 3144/4303/2538 3146/4308/2538
o Walec.009
v 0.749881 3.984613 0.902406
v 0.819569 3.984613 0.902406
v 0.749881 3.951566 0.914434
v 0.819569 3.951566 0.914434
v 0.749881 3.933983 0.944890
v 0.819569 3.933983 0.944890
v 0.749881 3.940089 0.979524
v 0.819569 3.940089 0.979524
v 0.749881 3.967030 1.002129
v 0.819569 3.967030 1.002129
v 0.749881 4.002197 1.002129
v 0.819569 4.002197 1.002129
v 0.749881 4.029137 0.979524
v 0.819569 4.029137 0.979524
v 0.749881 4.035244 0.944890
v 0.819569 4.035244 0.944890
v 0.749881 4.017660 0.914434
v 0.819569 4.017660 0.914434
vn -0.0000 -0.3420 -0.9397
vn -0.0000 -0.8660 -0.5000
vn -0.0000 -0.9848 0.1736
vn -0.0000 -0.6428 0.7660
vn -0.0000 -0.0000 1.0000
vn -0.0000 0.6428 0.7660
vn -0.0000 0.9848 0.1736
vn 1.0000 -0.0000 -0.0000
vn -0.0000 0.8660 -0.5000
vn -0.0000 0.3420 -0.9397
vn -1.0000 -0.0000 -0.0000
vt 0.380876 0.928542
vt 0.713881 0.935290
vt 0.886642 0.403761
vt 0.387047 0.928542
vt 0.838707 0.403761
vt 0.720053 0.935290
vt 0.380876 0.930927
vt 0.885663 0.401073
vt 0.387047 0.930927
vt 0.841185 0.405192
vt 0.380876 0.934042
vt 0.886642 0.398384
vt 0.387047 0.934042
vt 0.844002 0.404695
vt 0.380876 0.936428
vt 0.735343 0.935290
vt 0.889120 0.396953
vt 0.387047 0.936428
vt 0.729171 0.935290
vt 0.845842 0.402503
vt 0.735343 0.932904
vt 0.891938 0.397450
vt 0.729171 0.932904
vt 0.845842 0.399642
vt 0.735343 0.929789
vt 0.893777 0.399642
vt 0.729171 0.929789
vt 0.844002 0.397450
vt 0.735343 0.927404
vt 0.713881 0.927404
vt 0.893777 0.402503
vt 0.729171 0.927404
vt 0.720053 0.927404
vt 0.841185 0.396953
vt 0.713881 0.929789
vt 0.891937 0.404695
vt 0.838707 0.398384
vt 0.720053 0.929789
vt 0.713881 0.932904
vt 0.889120 0.405192
vt 0.837728 0.401073
vt 0.720053 0.932904
s 0
f 3148/4312/2539 3149/4315/2539 3151/4320/2539 3150/4318/2539
f 3150/4318/2540 3151/4320/2540 3153/4324/2540 3152/4322/2540
f 3152/4322/2541 3153/4324/2541 3155/4329/2541 3154/4326/2541
f 3154/4327/2542 3155/4330/2542 3157/4334/2542 3156/4332/2542
f 3156/4332/2543 3157/4334/2543 3159/4338/2543 3158/4336/2543
f 3158/4336/2544 3159/4338/2544 3161/4343/2544 3160/4340/2544
f 3160/4341/2545 3161/4344/2545 3163/4349/2545 3162/4346/2545
f 3151/4321/2546 3149/4316/2546 3165/4352/2546 3163/4348/2546 3161/4345/2546 3159/4339/2546 3157/4335/2546 3155/4331/2546 3153/4325/2546
f 3162/4346/2547 3163/4349/2547 3165/4353/2547 3164/4350/2547
f 3164/4350/2548 3165/4353/2548 3149/4317/2548 3148/4313/2548
f 3148/4314/2549 3150/4319/2549 3152/4323/2549 3154/4328/2549 3156/4333/2549 3158/4337/2549 3160/4342/2549 3162/4347/2549 3164/4351/2549
o Walec.010
v 0.749881 3.984613 0.647231
v 0.819569 3.984613 0.647231
v 0.749881 3.951566 0.659259
v 0.819569 3.951566 0.659259
v 0.749881 3.933983 0.689715
v 0.819569 3.933983 0.689715
v 0.749881 3.940089 0.724349
v 0.819569 3.940089 0.724349
v 0.749881 3.967030 0.746954
v 0.819569 3.967030 0.746954
v 0.749881 4.002197 0.746954
v 0.819569 4.002197 0.746954
v 0.749881 4.029137 0.724349
v 0.819569 4.029137 0.724349
v 0.749881 4.035244 0.689715
v 0.819569 4.035244 0.689715
v 0.749881 4.017660 0.659259
v 0.819569 4.017660 0.659259
vn -0.0000 -0.3420 -0.9397
vn -0.0000 -0.8660 -0.5000
vn -0.0000 -0.9848 0.1736
vn -0.0000 -0.6428 0.7660
vn -0.0000 -0.0000 1.0000
vn -0.0000 0.6428 0.7660
vn -0.0000 0.9848 0.1736
vn 1.0000 -0.0000 -0.0000
vn -0.0000 0.8660 -0.5000
vn -0.0000 0.3420 -0.9397
vn -1.0000 -0.0000 -0.0000
vt 0.721526 0.927404
vt 0.736816 0.935290
vt 0.544271 0.925028
vt 0.727698 0.927404
vt 0.822010 0.405192
vt 0.742988 0.935290
vt 0.721526 0.929789
vt 0.542431 0.927220
vt 0.727698 0.929789
vt 0.824828 0.404695
vt 0.721526 0.932904
vt 0.539614 0.927717
vt 0.727698 0.932904
vt 0.826668 0.402503
vt 0.721526 0.935290
vt 0.704763 0.935290
vt 0.537136 0.926286
vt 0.727698 0.935290
vt 0.698591 0.935290
vt 0.826668 0.399642
vt 0.704763 0.932904
vt 0.536157 0.923597
vt 0.698591 0.932904
vt 0.824828 0.397450
vt 0.704763 0.929789
vt 0.537136 0.920908
vt 0.698591 0.929789
vt 0.822010 0.396953
vt 0.704763 0.927404
vt 0.736816 0.927404
vt 0.539614 0.919478
vt 0.698591 0.927404
vt 0.742988 0.927404
vt 0.819532 0.398384
vt 0.736816 0.929789
vt 0.542431 0.919975
vt 0.818554 0.401073
vt 0.742988 0.929789
vt 0.736816 0.932904
vt 0.544271 0.922166
vt 0.819533 0.403761
vt 0.742988 0.932904
s 0
f 3166/4354/2550 3167/4357/2550 3169/4362/2550 3168/4360/2550
f 3168/4360/2551 3169/4362/2551 3171/4366/2551 3170/4364/2551
f 3170/4364/2552 3171/4366/2552 3173/4371/2552 3172/4368/2552
f 3172/4369/2553 3173/4372/2553 3175/4376/2553 3174/4374/2553
f 3174/4374/2554 3175/4376/2554 3177/4380/2554 3176/4378/2554
f 3176/4378/2555 3177/4380/2555 3179/4385/2555 3178/4382/2555
f 3178/4383/2556 3179/4386/2556 3181/4391/2556 3180/4388/2556
f 3169/4363/2557 3167/4358/2557 3183/4394/2557 3181/4390/2557 3179/4387/2557 3177/4381/2557 3175/4377/2557 3173/4373/2557 3171/4367/2557
f 3180/4388/2558 3181/4391/2558 3183/4395/2558 3182/4392/2558
f 3182/4392/2559 3183/4395/2559 3167/4359/2559 3166/4355/2559
f 3166/4356/2560 3168/4361/2560 3170/4365/2560 3172/4370/2560 3174/4375/2560 3176/4379/2560 3178/4384/2560 3180/4389/2560 3182/4393/2560
o Walec.011
v 0.749881 3.984613 0.418363
v 0.819569 3.984613 0.418363
v 0.749881 3.951566 0.430391
v 0.819569 3.951566 0.430391
v 0.749881 3.933983 0.460847
v 0.819569 3.933983 0.460847
v 0.749881 3.940089 0.495480
v 0.819569 3.940089 0.495480
v 0.749881 3.967030 0.518086
v 0.819569 3.967030 0.518086
v 0.749881 4.002197 0.518086
v 0.819569 4.002197 0.518086
v 0.749881 4.029137 0.495480
v 0.819569 4.029137 0.495480
v 0.749881 4.035244 0.460847
v 0.819569 4.035244 0.460847
v 0.749881 4.017660 0.430391
v 0.819569 4.017660 0.430391
vn -0.0000 -0.3420 -0.9397
vn -0.0000 -0.8660 -0.5000
vn -0.0000 -0.9848 0.1736
vn -0.0000 -0.6428 0.7660
vn -0.0000 -0.0000 1.0000
vn -0.0000 0.6428 0.7660
vn -0.0000 0.9848 0.1736
vn 1.0000 -0.0000 -0.0000
vn -0.0000 0.8660 -0.5000
vn -0.0000 0.3420 -0.9397
vn -1.0000 -0.0000 -0.0000
vt 0.422042 0.926813
vt 0.683301 0.935290
vt 0.580365 0.925028
vt 0.428213 0.926813
vt 0.553858 0.925028
vt 0.689473 0.935290
vt 0.422042 0.929199
vt 0.578526 0.927220
vt 0.428213 0.929199
vt 0.553858 0.922166
vt 0.422042 0.932313
vt 0.575708 0.927717
vt 0.428213 0.932313
vt 0.552018 0.919974
vt 0.422042 0.934699
vt 0.468925 0.935383
vt 0.573230 0.926286
vt 0.428213 0.934699
vt 0.462753 0.935383
vt 0.549200 0.919478
vt 0.468925 0.932997
vt 0.572252 0.923597
vt 0.462753 0.932997
vt 0.546722 0.920908
vt 0.468925 0.929882
vt 0.573230 0.920908
vt 0.462753 0.929882
vt 0.545744 0.923597
vt 0.468925 0.927496
vt 0.683301 0.927404
vt 0.575708 0.919478
vt 0.462753 0.927496
vt 0.689473 0.927404
vt 0.546723 0.926286
vt 0.683301 0.929789
vt 0.578526 0.919975
vt 0.549201 0.927716
vt 0.689473 0.929789
vt 0.683301 0.932904
vt 0.580365 0.922166
vt 0.552019 0.927220
vt 0.689473 0.932904
s 0
f 3184/4396/2561 3185/4399/2561 3187/4404/2561 3186/4402/2561
f 3186/4402/2562 3187/4404/2562 3189/4408/2562 3188/4406/2562
f 3188/4406/2563 3189/4408/2563 3191/4413/2563 3190/4410/2563
f 3190/4411/2564 3191/4414/2564 3193/4418/2564 3192/4416/2564
f 3192/4416/2565 3193/4418/2565 3195/4422/2565 3194/4420/2565
f 3194/4420/2566 3195/4422/2566 3197/4427/2566 3196/4424/2566
f 3196/4425/2567 3197/4428/2567 3199/4433/2567 3198/4430/2567
f 3187/4405/2568 3185/4400/2568 3201/4436/2568 3199/4432/2568 3197/4429/2568 3195/4423/2568 3193/4419/2568 3191/4415/2568 3189/4409/2568
f 3198/4430/2569 3199/4433/2569 3201/4437/2569 3200/4434/2569
f 3200/4434/2570 3201/4437/2570 3185/4401/2570 3184/4397/2570
f 3184/4398/2571 3186/4403/2571 3188/4407/2571 3190/4412/2571 3192/4417/2571 3194/4421/2571 3196/4426/2571 3198/4431/2571 3200/4435/2571
o Walec.012
v 0.749881 3.984613 0.221062
v 0.819569 3.984613 0.221062
v 0.749881 3.951566 0.233091
v 0.819569 3.951566 0.233091
v 0.749881 3.933983 0.263547
v 0.819569 3.933983 0.263547
v 0.749881 3.940089 0.298180
v 0.819569 3.940089 0.298180
v 0.749881 3.967030 0.320786
v 0.819569 3.967030 0.320786
v 0.749881 4.002197 0.320786
v 0.819569 4.002197 0.320786
v 0.749881 4.029137 0.298180
v 0.819569 4.029137 0.298180
v 0.749881 4.035244 0.263547
v 0.819569 4.035244 0.263547
v 0.749881 4.017660 0.233091
v 0.819569 4.017660 0.233091
vn -0.0000 -0.3420 -0.9397
vn -0.0000 -0.8660 -0.5000
vn -0.0000 -0.9848 0.1736
vn -0.0000 -0.6428 0.7660
vn -0.0000 -0.0000 1.0000
vn -0.0000 0.6428 0.7660
vn -0.0000 0.9848 0.1736
vn 1.0000 -0.0000 -0.0000
vn -0.0000 0.8660 -0.5000
vn -0.0000 0.3420 -0.9397
vn -1.0000 -0.0000 -0.0000
vt 0.518925 0.927496
vt 0.503635 0.935383
vt 0.530027 0.927716
vt 0.525097 0.927496
vt 0.829119 0.403761
vt 0.509807 0.935383
vt 0.518925 0.929882
vt 0.527549 0.926286
vt 0.525097 0.929882
vt 0.831597 0.405192
vt 0.518925 0.932997
vt 0.526570 0.923597
vt 0.525097 0.932997
vt 0.834415 0.404695
vt 0.518925 0.935383
vt 0.750879 0.935290
vt 0.527549 0.920908
vt 0.525097 0.935383
vt 0.744707 0.935290
vt 0.836255 0.402503
vt 0.750879 0.932904
vt 0.530027 0.919478
vt 0.744707 0.932904
vt 0.836255 0.399642
vt 0.750879 0.929789
vt 0.532844 0.919974
vt 0.744707 0.929789
vt 0.834415 0.397450
vt 0.750879 0.927404
vt 0.503635 0.927496
vt 0.534684 0.922166
vt 0.744707 0.927404
vt 0.509807 0.927496
vt 0.831598 0.396953
vt 0.503635 0.929882
vt 0.534684 0.925028
vt 0.829120 0.398384
vt 0.509807 0.929882
vt 0.503635 0.932997
vt 0.532844 0.927220
vt 0.828141 0.401072
vt 0.509807 0.932997
s 0
f 3202/4438/2572 3203/4441/2572 3205/4446/2572 3204/4444/2572
f 3204/4444/2573 3205/4446/2573 3207/4450/2573 3206/4448/2573
f 3206/4448/2574 3207/4450/2574 3209/4455/2574 3208/4452/2574
f 3208/4453/2575 3209/4456/2575 3211/4460/2575 3210/4458/2575
f 3210/4458/2576 3211/4460/2576 3213/4464/2576 3212/4462/2576
f 3212/4462/2577 3213/4464/2577 3215/4469/2577 3214/4466/2577
f 3214/4467/2578 3215/4470/2578 3217/4475/2578 3216/4472/2578
f 3205/4447/2579 3203/4442/2579 3219/4478/2579 3217/4474/2579 3215/4471/2579 3213/4465/2579 3211/4461/2579 3209/4457/2579 3207/4451/2579
f 3216/4472/2580 3217/4475/2580 3219/4479/2580 3218/4476/2580
f 3218/4476/2581 3219/4479/2581 3203/4443/2581 3202/4439/2581
f 3202/4440/2582 3204/4445/2582 3206/4449/2582 3208/4454/2582 3210/4459/2582 3212/4463/2582 3214/4468/2582 3216/4473/2582 3218/4477/2582
o Walec.013
v 0.749881 4.212873 0.902406
v 0.819569 4.212873 0.902406
v 0.749881 4.179826 0.914434
v 0.819569 4.179826 0.914434
v 0.749881 4.162242 0.944890
v 0.819569 4.162242 0.944890
v 0.749881 4.168349 0.979524
v 0.819569 4.168349 0.979524
v 0.749881 4.195289 1.002129
v 0.819569 4.195289 1.002129
v 0.749881 4.230456 1.002129
v 0.819569 4.230456 1.002129
v 0.749881 4.257396 0.979524
v 0.819569 4.257396 0.979524
v 0.749881 4.263503 0.944890
v 0.819569 4.263503 0.944890
v 0.749881 4.245919 0.914434
v 0.819569 4.245919 0.914434
vn -0.0000 -0.3420 -0.9397
vn -0.0000 -0.8660 -0.5000
vn -0.0000 -0.9848 0.1736
vn -0.0000 -0.6428 0.7660
vn -0.0000 -0.0000 1.0000
vn -0.0000 0.6428 0.7660
vn -0.0000 0.9848 0.1736
vn 1.0000 -0.0000 -0.0000
vn -0.0000 0.8660 -0.5000
vn -0.0000 0.3420 -0.9397
vn -1.0000 -0.0000 -0.0000
vt 0.827488 0.925946
vt 0.396165 0.936428
vt 0.915402 0.403761
vt 0.833660 0.925946
vt 0.898707 0.405192
vt 0.402337 0.936428
vt 0.827488 0.928331
vt 0.914424 0.401073
vt 0.833660 0.928331
vt 0.901524 0.404695
vt 0.827488 0.931446
vt 0.915403 0.398384
vt 0.833660 0.931446
vt 0.903364 0.402503
vt 0.827488 0.933832
vt 0.484215 0.935383
vt 0.917881 0.396953
vt 0.833660 0.933832
vt 0.478043 0.935383
vt 0.903364 0.399642
vt 0.484215 0.932997
vt 0.920698 0.397450
vt 0.478043 0.932997
vt 0.901524 0.397450
vt 0.484215 0.929882
vt 0.922538 0.399642
vt 0.478043 0.929882
vt 0.898707 0.396953
vt 0.484215 0.927496
vt 0.396165 0.928542
vt 0.922538 0.402503
vt 0.478043 0.927496
vt 0.402337 0.928542
vt 0.896228 0.398384
vt 0.396165 0.930927
vt 0.920698 0.404695
vt 0.895250 0.401073
vt 0.402337 0.930927
vt 0.396165 0.934042
vt 0.917880 0.405192
vt 0.896229 0.403761
vt 0.402337 0.934042
s 0
f 3220/4480/2583 3221/4483/2583 3223/4488/2583 3222/4486/2583
f 3222/4486/2584 3223/4488/2584 3225/4492/2584 3224/4490/2584
f 3224/4490/2585 3225/4492/2585 3227/4497/2585 3226/4494/2585
f 3226/4495/2586 3227/4498/2586 3229/4502/2586 3228/4500/2586
f 3228/4500/2587 3229/4502/2587 3231/4506/2587 3230/4504/2587
f 3230/4504/2588 3231/4506/2588 3233/4511/2588 3232/4508/2588
f 3232/4509/2589 3233/4512/2589 3235/4517/2589 3234/4514/2589
f 3223/4489/2590 3221/4484/2590 3237/4520/2590 3235/4516/2590 3233/4513/2590 3231/4507/2590 3229/4503/2590 3227/4499/2590 3225/4493/2590
f 3234/4514/2591 3235/4517/2591 3237/4521/2591 3236/4518/2591
f 3236/4518/2592 3237/4521/2592 3221/4485/2592 3220/4481/2592
f 3220/4482/2593 3222/4487/2593 3224/4491/2593 3226/4496/2593 3228/4501/2593 3230/4505/2593 3232/4510/2593 3234/4515/2593 3236/4519/2593
o Walec.014
v 0.749881 4.212873 0.647231
v 0.819569 4.212873 0.647231
v 0.749881 4.179826 0.659259
v 0.819569 4.179826 0.659259
v 0.749881 4.162242 0.689715
v 0.819569 4.162242 0.689715
v 0.749881 4.168349 0.724349
v 0.819569 4.168349 0.724349
v 0.749881 4.195289 0.746954
v 0.819569 4.195289 0.746954
v 0.749881 4.230456 0.746954
v 0.819569 4.230456 0.746954
v 0.749881 4.257396 0.724349
v 0.819569 4.257396 0.724349
v 0.749881 4.263503 0.689715
v 0.819569 4.263503 0.689715
v 0.749881 4.245919 0.659259
v 0.819569 4.245919 0.659259
vn -0.0000 -0.3420 -0.9397
vn -0.0000 -0.8660 -0.5000
vn -0.0000 -0.9848 0.1736
vn -0.0000 -0.6428 0.7660
vn -0.0000 -0.0000 1.0000
vn -0.0000 0.6428 0.7660
vn -0.0000 0.9848 0.1736
vn 1.0000 -0.0000 -0.0000
vn -0.0000 0.8660 -0.5000
vn -0.0000 0.3420 -0.9397
vn -1.0000 -0.0000 -0.0000
vt 0.429687 0.926813
vt 0.675656 0.935290
vt 0.588113 0.927220
vt 0.435858 0.926813
vt 0.753331 0.927376
vt 0.681828 0.935290
vt 0.429687 0.929199
vt 0.585295 0.927717
vt 0.435858 0.929199
vt 0.752352 0.930065
vt 0.429687 0.932313
vt 0.582817 0.926286
vt 0.435858 0.932313
vt 0.753331 0.932754
vt 0.429687 0.934699
vt 0.420568 0.934699
vt 0.581839 0.923597
vt 0.435858 0.934699
vt 0.414397 0.934699
vt 0.755809 0.934184
vt 0.420568 0.932313
vt 0.582817 0.920908
vt 0.414397 0.932313
vt 0.758626 0.933688
vt 0.420568 0.929199
vt 0.585295 0.919478
vt 0.414397 0.929199
vt 0.760466 0.931496
vt 0.420568 0.926813
vt 0.675656 0.927404
vt 0.588113 0.919975
vt 0.414397 0.926813
vt 0.681828 0.927404
vt 0.760466 0.928634
vt 0.675656 0.929789
vt 0.589952 0.922166
vt 0.758626 0.926442
vt 0.681828 0.929789
vt 0.675656 0.932904
vt 0.589952 0.925028
vt 0.755808 0.925946
vt 0.681828 0.932904
s 0
f 3238/4522/2594 3239/4525/2594 3241/4530/2594 3240/4528/2594
f 3240/4528/2595 3241/4530/2595 3243/4534/2595 3242/4532/2595
f 3242/4532/2596 3243/4534/2596 3245/4539/2596 3244/4536/2596
f 3244/4537/2597 3245/4540/2597 3247/4544/2597 3246/4542/2597
f 3246/4542/2598 3247/4544/2598 3249/4548/2598 3248/4546/2598
f 3248/4546/2599 3249/4548/2599 3251/4553/2599 3250/4550/2599
f 3250/4551/2600 3251/4554/2600 3253/4559/2600 3252/4556/2600
f 3241/4531/2601 3239/4526/2601 3255/4562/2601 3253/4558/2601 3251/4555/2601 3249/4549/2601 3247/4545/2601 3245/4541/2601 3243/4535/2601
f 3252/4556/2602 3253/4559/2602 3255/4563/2602 3254/4560/2602
f 3254/4560/2603 3255/4563/2603 3239/4527/2603 3238/4523/2603
f 3238/4524/2604 3240/4529/2604 3242/4533/2604 3244/4538/2604 3246/4543/2604 3248/4547/2604 3250/4552/2604 3252/4557/2604 3254/4561/2604
o Walec.015
v 0.749881 4.212873 0.418363
v 0.819569 4.212873 0.418363
v 0.749881 4.179826 0.430391
v 0.819569 4.179826 0.430391
v 0.749881 4.162242 0.460847
v 0.819569 4.162242 0.460847
v 0.749881 4.168349 0.495480
v 0.819569 4.168349 0.495480
v 0.749881 4.195289 0.518086
v 0.819569 4.195289 0.518086
v 0.749881 4.230456 0.518086
v 0.819569 4.230456 0.518086
v 0.749881 4.257396 0.495480
v 0.819569 4.257396 0.495480
v 0.749881 4.263503 0.460847
v 0.819569 4.263503 0.460847
v 0.749881 4.245919 0.430391
v 0.819569 4.245919 0.430391
vn -0.0000 -0.3420 -0.9397
vn -0.0000 -0.8660 -0.5000
vn -0.0000 -0.9848 0.1736
vn -0.0000 -0.6428 0.7660
vn -0.0000 -0.0000 1.0000
vn -0.0000 0.6428 0.7660
vn -0.0000 0.9848 0.1736
vn 1.0000 -0.0000 -0.0000
vn -0.0000 0.8660 -0.5000
vn -0.0000 0.3420 -0.9397
vn -1.0000 -0.0000 -0.0000
vt 0.470398 0.927496
vt 0.668011 0.935290
vt 0.570779 0.922166
vt 0.476570 0.927496
vt 0.912951 0.402503
vt 0.674183 0.935290
vt 0.470398 0.929882
vt 0.570779 0.925028
vt 0.476570 0.929882
vt 0.912951 0.399642
vt 0.470398 0.932997
vt 0.568939 0.927220
vt 0.476570 0.932997
vt 0.911111 0.397450
vt 0.470398 0.935383
vt 0.394692 0.936428
vt 0.566122 0.927716
vt 0.476570 0.935383
vt 0.388521 0.936428
vt 0.908294 0.396953
vt 0.394692 0.934042
vt 0.563643 0.926286
vt 0.388521 0.934042
vt 0.905816 0.398384
vt 0.394692 0.930927
vt 0.562665 0.923597
vt 0.388521 0.930927
vt 0.904837 0.401073
vt 0.394692 0.928541
vt 0.668011 0.927404
vt 0.563643 0.920908
vt 0.388521 0.928541
vt 0.674183 0.927404
vt 0.905815 0.403761
vt 0.668011 0.929789
vt 0.566121 0.919478
vt 0.908293 0.405192
vt 0.674183 0.929789
vt 0.668011 0.932904
vt 0.568939 0.919974
vt 0.911111 0.404695
vt 0.674183 0.932904
s 0
f 3256/4564/2605 3257/4567/2605 3259/4572/2605 3258/4570/2605
f 3258/4570/2606 3259/4572/2606 3261/4576/2606 3260/4574/2606
f 3260/4574/2607 3261/4576/2607 3263/4581/2607 3262/4578/2607
f 3262/4579/2608 3263/4582/2608 3265/4586/2608 3264/4584/2608
f 3264/4584/2609 3265/4586/2609 3267/4590/2609 3266/4588/2609
f 3266/4588/2610 3267/4590/2610 3269/4595/2610 3268/4592/2610
f 3268/4593/2611 3269/4596/2611 3271/4601/2611 3270/4598/2611
f 3259/4573/2612 3257/4568/2612 3273/4604/2612 3271/4600/2612 3269/4597/2612 3267/4591/2612 3265/4587/2612 3263/4583/2612 3261/4577/2612
f 3270/4598/2613 3271/4601/2613 3273/4605/2613 3272/4602/2613
f 3272/4602/2614 3273/4605/2614 3257/4569/2614 3256/4565/2614
f 3256/4566/2615 3258/4571/2615 3260/4575/2615 3262/4580/2615 3264/4585/2615 3266/4589/2615 3268/4594/2615 3270/4599/2615 3272/4603/2615
o Walec.016
v 0.749881 3.434902 0.902406
v 0.819569 3.434902 0.902406
v 0.749881 3.401855 0.914434
v 0.819569 3.401855 0.914434
v 0.749881 3.384271 0.944890
v 0.819569 3.384271 0.944890
v 0.749881 3.390378 0.979524
v 0.819569 3.390378 0.979524
v 0.749881 3.417318 1.002129
v 0.819569 3.417318 1.002129
v 0.749881 3.452486 1.002129
v 0.819569 3.452486 1.002129
v 0.749881 3.479426 0.979524
v 0.819569 3.479426 0.979524
v 0.749881 3.485533 0.944890
v 0.819569 3.485533 0.944890
v 0.749881 3.467949 0.914434
v 0.819569 3.467949 0.914434
vn -0.0000 -0.3420 -0.9397
vn -0.0000 -0.8660 -0.5000
vn -0.0000 -0.9848 0.1736
vn -0.0000 -0.6428 0.7660
vn -0.0000 -0.0000 1.0000
vn -0.0000 0.6428 0.7660
vn -0.0000 0.9848 0.1736
vn 1.0000 -0.0000 -0.0000
vn -0.0000 0.8660 -0.5000
vn -0.0000 0.3420 -0.9397
vn -1.0000 -0.0000 -0.0000
vt 0.690946 0.929789
vt 0.855429 0.399642
vt 0.867468 0.403761
vt 0.697118 0.929789
vt 0.690946 0.932904
vt 0.855429 0.402503
vt 0.697118 0.932904
vt 0.869946 0.405192
vt 0.690946 0.935290
vt 0.011143 0.935256
vt 0.853589 0.404695
vt 0.697118 0.935290
vt 0.011143 0.929222
vt 0.872763 0.404695
vt 0.014188 0.935256
vt 0.850772 0.405192
vt 0.014188 0.929222
vt 0.874603 0.402503
vt 0.016520 0.935256
vt 0.029179 0.938954
vt 0.848294 0.403761
vt 0.016520 0.929222
vt 0.029179 0.933284
vt 0.874603 0.399642
vt 0.032040 0.938954
vt 0.491860 0.935383
vt 0.847315 0.401073
vt 0.032040 0.933284
vt 0.485688 0.935383
vt 0.872763 0.397450
vt 0.491860 0.932997
vt 0.848294 0.398384
vt 0.485688 0.932997
vt 0.869946 0.396953
vt 0.491860 0.929882
vt 0.850772 0.396953
vt 0.867468 0.398384
vt 0.485688 0.929882
vt 0.491860 0.927497
vt 0.690946 0.927404
vt 0.853589 0.397450
vt 0.866489 0.401073
vt 0.485688 0.927497
vt 0.697118 0.927404
s 0
f 3274/4606/2616 3275/4609/2616 3277/4612/2616 3276/4610/2616
f 3276/4610/2617 3277/4612/2617 3279/4617/2617 3278/4614/2617
f 3278/4615/2618 3279/4618/2618 3281/4622/2618 3280/4620/2618
f 3280/4620/2619 3281/4622/2619 3283/4627/2619 3282/4624/2619
f 3282/4625/2620 3283/4628/2620 3285/4633/2620 3284/4630/2620
f 3284/4631/2621 3285/4634/2621 3287/4638/2621 3286/4636/2621
f 3286/4636/2622 3287/4638/2622 3289/4643/2622 3288/4640/2622
f 3277/4613/2623 3275/4608/2623 3291/4647/2623 3289/4642/2623 3287/4639/2623 3285/4635/2623 3283/4629/2623 3281/4623/2623 3279/4619/2623
f 3288/4640/2624 3289/4643/2624 3291/4648/2624 3290/4644/2624
f 3290/4645/2625 3291/4649/2625 3275/4609/2625 3274/4606/2625
f 3274/4607/2626 3276/4611/2626 3278/4616/2626 3280/4621/2626 3282/4626/2626 3284/4632/2626 3286/4637/2626 3288/4641/2626 3290/4646/2626
o Walec.017
v 0.749881 3.434902 0.647231
v 0.819569 3.434902 0.647231
v 0.749881 3.401855 0.659259
v 0.819569 3.401855 0.659259
v 0.749881 3.384271 0.689715
v 0.819569 3.384271 0.689715
v 0.749881 3.390378 0.724349
v 0.819569 3.390378 0.724349
v 0.749881 3.417318 0.746954
v 0.819569 3.417318 0.746954
v 0.749881 3.452486 0.746954
v 0.819569 3.452486 0.746954
v 0.749881 3.479426 0.724349
v 0.819569 3.479426 0.724349
v 0.749881 3.485533 0.689715
v 0.819569 3.485533 0.689715
v 0.749881 3.467949 0.659259
v 0.819569 3.467949 0.659259
vn -0.0000 -0.3420 -0.9397
vn -0.0000 -0.8660 -0.5000
vn -0.0000 -0.9848 0.1736
vn -0.0000 -0.6428 0.7660
vn -0.0000 -0.0000 1.0000
vn -0.0000 0.6428 0.7660
vn -0.0000 0.9848 0.1736
vn 1.0000 -0.0000 -0.0000
vn -0.0000 0.8660 -0.5000
vn -0.0000 0.3420 -0.9397
vn -1.0000 -0.0000 -0.0000
vt 0.511280 0.929882
vt 0.930285 0.397450
vt 0.856902 0.401072
vt 0.517452 0.929882
vt 0.511280 0.932997
vt 0.932125 0.399642
vt 0.517452 0.932997
vt 0.857881 0.403761
vt 0.511280 0.935383
vt 0.017994 0.935256
vt 0.932125 0.402503
vt 0.517452 0.935383
vt 0.017994 0.929222
vt 0.860359 0.405192
vt 0.021039 0.935256
vt 0.930285 0.404695
vt 0.021039 0.929222
vt 0.863176 0.404695
vt 0.023371 0.935256
vt 0.024845 0.938954
vt 0.927467 0.405192
vt 0.023371 0.929222
vt 0.024845 0.933284
vt 0.865016 0.402503
vt 0.027706 0.938954
vt 0.712408 0.935290
vt 0.924989 0.403761
vt 0.027706 0.933284
vt 0.706236 0.935290
vt 0.865016 0.399642
vt 0.712408 0.932904
vt 0.924011 0.401072
vt 0.706236 0.932904
vt 0.863176 0.397450
vt 0.712408 0.929789
vt 0.924990 0.398384
vt 0.860359 0.396953
vt 0.706236 0.929789
vt 0.712408 0.927404
vt 0.511280 0.927496
vt 0.927468 0.396953
vt 0.857881 0.398384
vt 0.706236 0.927404
vt 0.517452 0.927496
s 0
f 3292/4650/2627 3293/4653/2627 3295/4656/2627 3294/4654/2627
f 3294/4654/2628 3295/4656/2628 3297/4661/2628 3296/4658/2628
f 3296/4659/2629 3297/4662/2629 3299/4666/2629 3298/4664/2629
f 3298/4664/2630 3299/4666/2630 3301/4671/2630 3300/4668/2630
f 3300/4669/2631 3301/4672/2631 3303/4677/2631 3302/4674/2631
f 3302/4675/2632 3303/4678/2632 3305/4682/2632 3304/4680/2632
f 3304/4680/2633 3305/4682/2633 3307/4687/2633 3306/4684/2633
f 3295/4657/2634 3293/4652/2634 3309/4691/2634 3307/4686/2634 3305/4683/2634 3303/4679/2634 3301/4673/2634 3299/4667/2634 3297/4663/2634
f 3306/4684/2635 3307/4687/2635 3309/4692/2635 3308/4688/2635
f 3308/4689/2636 3309/4693/2636 3293/4653/2636 3292/4650/2636
f 3292/4651/2637 3294/4655/2637 3296/4660/2637 3298/4665/2637 3300/4670/2637 3302/4676/2637 3304/4681/2637 3306/4685/2637 3308/4690/2637
o Walec.018
v 0.749881 3.434902 0.418363
v 0.819569 3.434902 0.418363
v 0.749881 3.401855 0.430391
v 0.819569 3.401855 0.430391
v 0.749881 3.384271 0.460847
v 0.819569 3.384271 0.460847
v 0.749881 3.390378 0.495480
v 0.819569 3.390378 0.495480
v 0.749881 3.417318 0.518086
v 0.819569 3.417318 0.518086
v 0.749881 3.452486 0.518086
v 0.819569 3.452486 0.518086
v 0.749881 3.479426 0.495480
v 0.819569 3.479426 0.495480
v 0.749881 3.485533 0.460847
v 0.819569 3.485533 0.460847
v 0.749881 3.467949 0.430391
v 0.819569 3.467949 0.430391
vn -0.0000 -0.3420 -0.9397
vn -0.0000 -0.8660 -0.5000
vn -0.0000 -0.9848 0.1736
vn -0.0000 -0.6428 0.7660
vn -0.0000 -0.0000 1.0000
vn -0.0000 0.6428 0.7660
vn -0.0000 0.9848 0.1736
vn 1.0000 -0.0000 -0.0000
vn -0.0000 0.8660 -0.5000
vn -0.0000 0.3420 -0.9397
vn -1.0000 -0.0000 -0.0000
vt 0.558147 0.933019
vt 0.815241 0.404695
vt 0.876076 0.401073
vt 0.558147 0.926985
vt 0.561192 0.933019
vt 0.562665 0.935224
vt 0.812423 0.405192
vt 0.561192 0.926985
vt 0.562665 0.929190
vt 0.877055 0.403761
vt 0.564997 0.935224
vt 0.809945 0.403761
vt 0.564997 0.929190
vt 0.879533 0.405192
vt 0.568042 0.935224
vt 0.499505 0.935383
vt 0.808967 0.401072
vt 0.568042 0.929190
vt 0.493333 0.935383
vt 0.882350 0.404695
vt 0.499505 0.932997
vt 0.809945 0.398384
vt 0.493333 0.932997
vt 0.884190 0.402503
vt 0.499505 0.929882
vt 0.812423 0.396953
vt 0.493333 0.929882
vt 0.884190 0.399642
vt 0.499505 0.927496
vt 0.561192 0.919478
vt 0.815241 0.397450
vt 0.493333 0.927496
vt 0.561192 0.925512
vt 0.882350 0.397450
vt 0.558147 0.919478
vt 0.817080 0.399642
vt 0.879532 0.396953
vt 0.558147 0.925512
vt 0.555814 0.919478
vt 0.555814 0.933019
vt 0.817080 0.402503
vt 0.877055 0.398384
vt 0.555814 0.925512
vt 0.555814 0.926985
s 0
f 3310/4694/2638 3311/4697/2638 3313/4701/2638 3312/4698/2638
f 3312/4699/2639 3313/4702/2639 3315/4706/2639 3314/4704/2639
f 3314/4704/2640 3315/4706/2640 3317/4711/2640 3316/4708/2640
f 3316/4709/2641 3317/4712/2641 3319/4716/2641 3318/4714/2641
f 3318/4714/2642 3319/4716/2642 3321/4720/2642 3320/4718/2642
f 3320/4718/2643 3321/4720/2643 3323/4725/2643 3322/4722/2643
f 3322/4723/2644 3323/4726/2644 3325/4731/2644 3324/4728/2644
f 3313/4703/2645 3311/4696/2645 3327/4735/2645 3325/4730/2645 3323/4727/2645 3321/4721/2645 3319/4717/2645 3317/4713/2645 3315/4707/2645
f 3324/4728/2646 3325/4731/2646 3327/4736/2646 3326/4732/2646
f 3326/4733/2647 3327/4737/2647 3311/4697/2647 3310/4694/2647
f 3310/4695/2648 3312/4700/2648 3314/4705/2648 3316/4710/2648 3318/4715/2648 3320/4719/2648 3322/4724/2648 3324/4729/2648 3326/4734/2648
o stożek
v 0.769928 4.749327 2.093562
v 0.786658 4.355249 1.866186
v 0.769928 4.749327 1.638811
v 0.786658 4.749327 1.638811
v 0.786658 4.749327 2.093562
v 0.769928 4.355249 1.866186
vn -0.0000 -0.4998 0.8662
vn -0.0000 -0.4998 -0.8662
vn -0.0000 1.0000 -0.0000
vn 1.0000 -0.0000 -0.0000
vn -1.0000 -0.0000 -0.0000
vt 0.353156 0.829487
vt 0.106345 0.892514
vt 0.179471 0.906466
vt 0.351795 0.866505
vt 0.353156 0.828014
vt 0.412923 0.890051
vt 0.351795 0.790997
vt 0.106345 0.929514
vt 0.211519 0.887975
vt 0.353156 0.790997
vt 0.107706 0.929514
vt 0.412923 0.927068
vt 0.351795 0.829487
vt 0.107706 0.892514
vt 0.380876 0.908577
vt 0.353156 0.866505
vt 0.351795 0.828014
vt 0.211519 0.924993
s 0
f 3328/4738/2649 3333/4753/2649 3329/4741/2649 3332/4750/2649
f 3333/4754/2650 3330/4744/2650 3331/4747/2650 3329/4742/2650
f 3330/4745/2651 3328/4739/2651 3332/4751/2651 3331/4748/2651
f 3329/4743/2652 3331/4749/2652 3332/4752/2652
f 3333/4755/2653 3328/4740/2653 3330/4746/2653
o Kostka.005
v 1.561009 1.900232 1.610367
v 1.240939 2.039559 1.610367
v 1.561009 1.900232 0.178109
v 1.240939 2.039559 0.178109
v 1.591028 1.969193 1.610367
v 1.270958 2.108521 1.610367
v 1.591028 1.969193 0.178109
v 1.270958 2.108521 0.178109
v 1.561009 1.900232 0.894238
v 1.240939 2.039559 0.894238
v 1.591028 1.969193 0.894238
v 1.270958 2.108521 0.894238
v 1.561009 1.900232 1.252302
v 1.270958 2.108521 1.252302
v 1.240939 2.039559 1.252302
v 1.591028 1.969193 1.252302
v 1.240939 2.039559 0.536174
v 1.591028 1.969193 0.536174
v 1.561009 1.900232 0.536174
v 1.270958 2.108521 0.536174
vn -0.3991 -0.9169 -0.0000
vn -0.0000 -0.0000 -1.0000
vn 0.3991 0.9169 -0.0000
vn -0.0000 -0.0000 1.0000
vn 0.9169 -0.3991 -0.0000
vn -0.9169 0.3991 -0.0000
vt 0.607235 0.919460
vt 0.971695 0.637992
vt 0.955121 0.773062
vt 0.607235 0.947862
vt 0.972206 0.344185
vt 0.926719 0.773062
vt 0.955121 0.656530
vt 0.654822 0.919460
vt 0.971695 0.754524
vt 0.926719 0.656530
vt 0.654822 0.947862
vt 0.972206 0.227652
vt 0.864337 0.835760
vt 0.613355 0.919460
vt 0.965575 0.637992
vt 0.835935 0.835760
vt 0.613355 0.947862
vt 0.966087 0.344185
vt 0.648702 0.919460
vt 0.864337 0.952292
vt 0.965575 0.754524
vt 0.648702 0.947862
vt 0.835935 0.952292
vt 0.966087 0.227652
vt 0.971695 0.696258
vt 0.955121 0.714796
vt 0.972206 0.285918
vt 0.926719 0.714796
vt 0.965575 0.696258
vt 0.864337 0.894026
vt 0.966087 0.285918
vt 0.835935 0.894026
vt 0.955121 0.743929
vt 0.971695 0.667125
vt 0.966087 0.315051
vt 0.835935 0.864893
vt 0.926719 0.743929
vt 0.972206 0.315051
vt 0.965575 0.667125
vt 0.864337 0.864893
vt 0.972206 0.256785
vt 0.926719 0.685663
vt 0.864337 0.923159
vt 0.965575 0.725391
vt 0.971695 0.725391
vt 0.955121 0.685663
vt 0.835935 0.923159
vt 0.966087 0.256785
s 0
f 3352/4801/2654 3350/4797/2654 3337/4765/2654 3336/4762/2654
f 3336/4763/2655 3337/4766/2655 3341/4777/2655 3340/4774/2655
f 3349/4795/2656 3347/4791/2656 3339/4771/2656 3338/4768/2656
f 3338/4769/2657 3339/4772/2657 3335/4759/2657 3334/4756/2657
f 3346/4789/2658 3349/4794/2658 3338/4770/2658 3334/4757/2658
f 3347/4790/2659 3348/4793/2659 3335/4760/2659 3339/4773/2659
f 3353/4803/2659 3350/4796/2659 3343/4782/2659 3345/4786/2659
f 3352/4800/2658 3351/4799/2658 3344/4784/2658 3342/4780/2658
f 3351/4798/2656 3353/4802/2656 3345/4787/2656 3344/4785/2656
f 3346/4788/2654 3348/4792/2654 3343/4783/2654 3342/4781/2654
f 3334/4758/2654 3335/4761/2654 3348/4792/2654 3346/4788/2654
f 3345/4786/2659 3343/4782/2659 3348/4793/2659 3347/4790/2659
f 3342/4780/2658 3344/4784/2658 3349/4794/2658 3346/4789/2658
f 3344/4785/2656 3345/4787/2656 3347/4791/2656 3349/4795/2656
f 3340/4775/2656 3341/4778/2656 3353/4802/2656 3351/4798/2656
f 3336/4764/2658 3340/4776/2658 3351/4799/2658 3352/4800/2658
f 3341/4779/2659 3337/4767/2659 3350/4796/2659 3353/4803/2659
f 3342/4781/2654 3343/4783/2654 3350/4797/2654 3352/4801/2654
o Walec.019
v 1.135162 2.114872 1.315408
v 1.153249 2.150247 1.315408
v 1.151937 2.106296 1.322266
v 1.170023 2.141670 1.322266
v 1.160863 2.101732 1.339629
v 1.178949 2.137106 1.339629
v 1.157763 2.103317 1.359374
v 1.175849 2.138691 1.359374
v 1.144088 2.110309 1.372261
v 1.162174 2.145683 1.372261
v 1.126237 2.119436 1.372261
v 1.144323 2.154810 1.372261
v 1.112562 2.126428 1.359374
v 1.130648 2.161802 1.359374
v 1.109462 2.128013 1.339629
v 1.127548 2.163387 1.339629
v 1.118387 2.123449 1.322266
v 1.136474 2.158823 1.322266
vn 0.3045 -0.1557 -0.9397
vn 0.7711 -0.3942 -0.5000
vn 0.8768 -0.4483 0.1737
vn 0.5723 -0.2926 0.7660
vn -0.0000 -0.0000 1.0000
vn -0.5723 0.2926 0.7660
vn -0.8768 0.4483 0.1737
vn 0.4552 0.8904 -0.0000
vn -0.7711 0.3942 -0.5000
vn -0.3045 0.1557 -0.9397
vn -0.4552 -0.8904 -0.0000
vt 0.826015 0.938567
vt 0.931963 0.219184
vt 0.910805 0.225363
vt 0.822497 0.938567
vt 0.826015 0.936792
vt 0.932521 0.217651
vt 0.822497 0.936792
vt 0.912218 0.226179
vt 0.826015 0.935432
vt 0.044118 0.937780
vt 0.933934 0.216836
vt 0.822497 0.935432
vt 0.040599 0.937780
vt 0.913824 0.225896
vt 0.044118 0.936420
vt 0.935541 0.217119
vt 0.040599 0.936420
vt 0.914873 0.224646
vt 0.044118 0.934645
vt 0.936589 0.218369
vt 0.040599 0.934645
vt 0.914873 0.223015
vt 0.044118 0.933284
vt 0.195458 0.939804
vt 0.936589 0.220000
vt 0.040599 0.933284
vt 0.191939 0.939804
vt 0.913824 0.221765
vt 0.195458 0.938443
vt 0.935540 0.221249
vt 0.191939 0.938443
vt 0.912218 0.221482
vt 0.195458 0.936668
vt 0.933934 0.221533
vt 0.910805 0.222298
vt 0.191939 0.936668
vt 0.195458 0.935308
vt 0.826015 0.939928
vt 0.932521 0.220717
vt 0.910247 0.223831
vt 0.191939 0.935308
vt 0.822497 0.939928
s 0
f 3354/4804/2660 3355/4807/2660 3357/4810/2660 3356/4808/2660
f 3356/4808/2661 3357/4810/2661 3359/4815/2661 3358/4812/2661
f 3358/4813/2662 3359/4816/2662 3361/4820/2662 3360/4818/2662
f 3360/4818/2663 3361/4820/2663 3363/4824/2663 3362/4822/2663
f 3362/4822/2664 3363/4824/2664 3365/4829/2664 3364/4826/2664
f 3364/4827/2665 3365/4830/2665 3367/4834/2665 3366/4832/2665
f 3366/4832/2666 3367/4834/2666 3369/4839/2666 3368/4836/2666
f 3357/4811/2667 3355/4806/2667 3371/4843/2667 3369/4838/2667 3367/4835/2667 3365/4831/2667 3363/4825/2667 3361/4821/2667 3359/4817/2667
f 3368/4836/2668 3369/4839/2668 3371/4844/2668 3370/4840/2668
f 3370/4841/2669 3371/4845/2669 3355/4807/2669 3354/4804/2669
f 3354/4805/2670 3356/4809/2670 3358/4814/2670 3360/4819/2670 3362/4823/2670 3364/4828/2670 3366/4833/2670 3368/4837/2670 3370/4842/2670
o Walec.020
v 1.135162 2.114872 1.169931
v 1.153249 2.150247 1.169931
v 1.151937 2.106296 1.176788
v 1.170023 2.141670 1.176788
v 1.160863 2.101732 1.194152
v 1.178949 2.137106 1.194152
v 1.157763 2.103317 1.213896
v 1.175849 2.138691 1.213896
v 1.144088 2.110309 1.226784
v 1.162174 2.145683 1.226784
v 1.126237 2.119436 1.226784
v 1.144323 2.154810 1.226784
v 1.112562 2.126428 1.213896
v 1.130648 2.161802 1.213896
v 1.109462 2.128013 1.194152
v 1.127548 2.163387 1.194152
v 1.118387 2.123449 1.176788
v 1.136474 2.158823 1.176788
vn 0.3045 -0.1557 -0.9397
vn 0.7711 -0.3942 -0.5000
vn 0.8768 -0.4483 0.1737
vn 0.5723 -0.2926 0.7660
vn -0.0000 -0.0000 1.0000
vn -0.5723 0.2926 0.7660
vn -0.8768 0.4483 0.1737
vn 0.4552 0.8904 -0.0000
vn -0.7711 0.3942 -0.5000
vn -0.3045 0.1557 -0.9397
vn -0.4552 -0.8904 -0.0000
vt 0.035607 0.936420
vt 0.920972 0.223015
vt 0.891950 0.223831
vt 0.039126 0.936420
vt 0.035607 0.937780
vt 0.186948 0.935308
vt 0.920972 0.224646
vt 0.039126 0.937780
vt 0.190466 0.935308
vt 0.892508 0.225363
vt 0.186948 0.936668
vt 0.919923 0.225896
vt 0.190466 0.936668
vt 0.893921 0.226179
vt 0.186948 0.938443
vt 0.918317 0.226179
vt 0.190466 0.938443
vt 0.895528 0.225896
vt 0.186948 0.939803
vt 0.821023 0.939928
vt 0.916904 0.225363
vt 0.190466 0.939803
vt 0.817505 0.939928
vt 0.896576 0.224646
vt 0.821023 0.938567
vt 0.916346 0.223831
vt 0.817505 0.938567
vt 0.896576 0.223015
vt 0.821023 0.936792
vt 0.916904 0.222298
vt 0.817505 0.936792
vt 0.895528 0.221765
vt 0.821023 0.935432
vt 0.035607 0.933284
vt 0.918317 0.221482
vt 0.817505 0.935432
vt 0.893921 0.221482
vt 0.039126 0.933284
vt 0.035607 0.934645
vt 0.919923 0.221765
vt 0.892508 0.222298
vt 0.039126 0.934645
s 0
f 3372/4846/2671 3373/4849/2671 3375/4853/2671 3374/4850/2671
f 3374/4851/2672 3375/4854/2672 3377/4858/2672 3376/4856/2672
f 3376/4856/2673 3377/4858/2673 3379/4862/2673 3378/4860/2673
f 3378/4860/2674 3379/4862/2674 3381/4867/2674 3380/4864/2674
f 3380/4865/2675 3381/4868/2675 3383/4872/2675 3382/4870/2675
f 3382/4870/2676 3383/4872/2676 3385/4876/2676 3384/4874/2676
f 3384/4874/2677 3385/4876/2677 3387/4881/2677 3386/4878/2677
f 3375/4855/2678 3373/4848/2678 3389/4886/2678 3387/4882/2678 3385/4877/2678 3383/4873/2678 3381/4869/2678 3379/4863/2678 3377/4859/2678
f 3386/4879/2679 3387/4883/2679 3389/4887/2679 3388/4884/2679
f 3388/4884/2680 3389/4887/2680 3373/4849/2680 3372/4846/2680
f 3372/4847/2681 3374/4852/2681 3376/4857/2681 3378/4861/2681 3380/4866/2681 3382/4871/2681 3384/4875/2681 3386/4880/2681 3388/4885/2681
o Walec.021
v 1.135162 2.114872 1.039451
v 1.153249 2.150247 1.039451
v 1.151937 2.106296 1.046309
v 1.170023 2.141670 1.046309
v 1.160863 2.101732 1.063672
v 1.178949 2.137106 1.063672
v 1.157763 2.103317 1.083417
v 1.175849 2.138691 1.083417
v 1.144088 2.110309 1.096304
v 1.162174 2.145683 1.096304
v 1.126237 2.119436 1.096304
v 1.144323 2.154810 1.096304
v 1.112562 2.126428 1.083417
v 1.130648 2.161802 1.083417
v 1.109462 2.128013 1.063672
v 1.127548 2.163387 1.063672
v 1.118387 2.123449 1.046309
v 1.136474 2.158823 1.046309
vn 0.3045 -0.1557 -0.9397
vn 0.7711 -0.3942 -0.5000
vn 0.8768 -0.4483 0.1737
vn 0.5723 -0.2926 0.7660
vn -0.0000 -0.0000 1.0000
vn -0.5723 0.2926 0.7660
vn -0.8768 0.4483 0.1737
vn 0.4552 0.8904 -0.0000
vn -0.7711 0.3942 -0.5000
vn -0.3045 0.1557 -0.9397
vn -0.4552 -0.8904 -0.0000
vt 0.185474 0.936668
vt 0.902675 0.224646
vt 0.890477 0.223015
vt 0.181956 0.936668
vt 0.185474 0.935308
vt 0.833660 0.939801
vt 0.901626 0.225896
vt 0.181956 0.935308
vt 0.830142 0.939801
vt 0.889429 0.221765
vt 0.833660 0.938441
vt 0.900020 0.226179
vt 0.830142 0.938441
vt 0.887822 0.221482
vt 0.833660 0.936665
vt 0.898607 0.225363
vt 0.830142 0.936665
vt 0.886409 0.222298
vt 0.833660 0.935305
vt 0.812513 0.935432
vt 0.898049 0.223831
vt 0.830142 0.935305
vt 0.816031 0.935432
vt 0.885852 0.223830
vt 0.812513 0.936792
vt 0.898607 0.222298
vt 0.816031 0.936792
vt 0.886409 0.225363
vt 0.812513 0.938567
vt 0.900020 0.221482
vt 0.816031 0.938567
vt 0.887822 0.226179
vt 0.812513 0.939928
vt 0.185474 0.939804
vt 0.901627 0.221765
vt 0.816031 0.939928
vt 0.889429 0.225896
vt 0.181956 0.939804
vt 0.185474 0.938443
vt 0.902675 0.223015
vt 0.890477 0.224646
vt 0.181956 0.938443
s 0
f 3390/4888/2682 3391/4891/2682 3393/4895/2682 3392/4892/2682
f 3392/4893/2683 3393/4896/2683 3395/4900/2683 3394/4898/2683
f 3394/4898/2684 3395/4900/2684 3397/4904/2684 3396/4902/2684
f 3396/4902/2685 3397/4904/2685 3399/4909/2685 3398/4906/2685
f 3398/4907/2686 3399/4910/2686 3401/4914/2686 3400/4912/2686
f 3400/4912/2687 3401/4914/2687 3403/4918/2687 3402/4916/2687
f 3402/4916/2688 3403/4918/2688 3405/4923/2688 3404/4920/2688
f 3393/4897/2689 3391/4890/2689 3407/4928/2689 3405/4924/2689 3403/4919/2689 3401/4915/2689 3399/4911/2689 3397/4905/2689 3395/4901/2689
f 3404/4921/2690 3405/4925/2690 3407/4929/2690 3406/4926/2690
f 3406/4926/2691 3407/4929/2691 3391/4891/2691 3390/4888/2691
f 3390/4889/2692 3392/4894/2692 3394/4899/2692 3396/4903/2692 3398/4908/2692 3400/4913/2692 3402/4917/2692 3404/4922/2692 3406/4927/2692
o Walec.022
v 1.135162 2.114872 0.926969
v 1.153249 2.150247 0.926969
v 1.151937 2.106296 0.933826
v 1.170023 2.141670 0.933826
v 1.160863 2.101732 0.951190
v 1.178949 2.137106 0.951190
v 1.157763 2.103317 0.970934
v 1.175849 2.138691 0.970934
v 1.144088 2.110309 0.983822
v 1.162174 2.145683 0.983822
v 1.126237 2.119436 0.983822
v 1.144323 2.154810 0.983822
v 1.112562 2.126428 0.970934
v 1.130648 2.161802 0.970934
v 1.109462 2.128013 0.951190
v 1.127548 2.163387 0.951190
v 1.118387 2.123449 0.933826
v 1.136474 2.158823 0.933826
vn 0.3045 -0.1557 -0.9397
vn 0.7711 -0.3942 -0.5000
vn 0.8768 -0.4483 0.1737
vn 0.5723 -0.2926 0.7660
vn -0.0000 -0.0000 1.0000
vn -0.5723 0.2926 0.7660
vn -0.8768 0.4483 0.1737
vn 0.4552 0.8904 -0.0000
vn -0.7711 0.3942 -0.5000
vn -0.3045 0.1557 -0.9397
vn -0.4552 -0.8904 -0.0000
vt 0.925964 0.224618
vt 0.881723 0.221482
vt 0.904706 0.222298
vt 0.922445 0.224618
vt 0.925964 0.222842
vt 0.883330 0.221765
vt 0.922445 0.222842
vt 0.904148 0.223831
vt 0.925964 0.221482
vt 0.882818 0.392040
vt 0.884378 0.223015
vt 0.922445 0.221482
vt 0.882818 0.395480
vt 0.904706 0.225364
vt 0.881488 0.392040
vt 0.884378 0.224646
vt 0.881488 0.395480
vt 0.906119 0.226179
vt 0.879752 0.392040
vt 0.561192 0.938988
vt 0.883330 0.225896
vt 0.879752 0.395480
vt 0.557673 0.938988
vt 0.907726 0.225896
vt 0.561192 0.937628
vt 0.881723 0.226179
vt 0.557673 0.937628
vt 0.908774 0.224646
vt 0.561192 0.935852
vt 0.880310 0.225363
vt 0.557673 0.935852
vt 0.908774 0.223015
vt 0.561192 0.934492
vt 0.894168 0.395341
vt 0.879752 0.223830
vt 0.557673 0.934492
vt 0.907725 0.221765
vt 0.894168 0.392108
vt 0.895799 0.395341
vt 0.925964 0.225978
vt 0.880310 0.222298
vt 0.906119 0.221482
vt 0.895799 0.392108
vt 0.922445 0.225978
s 0
f 3408/4930/2693 3409/4933/2693 3411/4936/2693 3410/4934/2693
f 3410/4934/2694 3411/4936/2694 3413/4941/2694 3412/4938/2694
f 3412/4939/2695 3413/4942/2695 3415/4946/2695 3414/4944/2695
f 3414/4944/2696 3415/4946/2696 3417/4951/2696 3416/4948/2696
f 3416/4949/2697 3417/4952/2697 3419/4956/2697 3418/4954/2697
f 3418/4954/2698 3419/4956/2698 3421/4960/2698 3420/4958/2698
f 3420/4958/2699 3421/4960/2699 3423/4965/2699 3422/4962/2699
f 3411/4937/2700 3409/4932/2700 3425/4971/2700 3423/4966/2700 3421/4961/2700 3419/4957/2700 3417/4953/2700 3415/4947/2700 3413/4943/2700
f 3422/4963/2701 3423/4967/2701 3425/4972/2701 3424/4968/2701
f 3424/4969/2702 3425/4973/2702 3409/4933/2702 3408/4930/2702
f 3408/4931/2703 3410/4935/2703 3412/4940/2703 3414/4945/2703 3416/4950/2703 3418/4955/2703 3420/4959/2703 3422/4964/2703 3424/4970/2703
o Kostka.006
v 1.662556 1.362094 2.248965
v 1.673769 1.399994 2.288488
v 1.635870 1.411207 2.248965
v 1.717530 1.687212 2.248965
v 1.755429 1.675999 2.288488
v 1.766642 1.713898 2.248965
v 1.635870 1.411207 0.822726
v 1.673769 1.399994 0.783203
v 1.662556 1.362094 0.822726
v 1.766642 1.713898 0.822726
v 1.755429 1.675999 0.783203
v 1.717530 1.687212 0.822726
v 1.711669 1.388781 2.248965
v 1.673769 1.399994 2.288488
v 1.662556 1.362094 2.248965
v 1.766642 1.713898 2.248965
v 1.755429 1.675999 2.288488
v 1.793329 1.664786 2.248965
v 1.662556 1.362094 0.822726
v 1.673769 1.399994 0.783203
v 1.711669 1.388781 0.822726
v 1.766642 1.713898 0.822726
v 1.793329 1.664786 0.822726
v 1.755429 1.675999 0.783203
v 1.662556 1.362094 1.535845
v 1.635870 1.411207 1.535845
v 1.766642 1.713898 1.535845
v 1.717530 1.687212 1.535845
v 1.662556 1.362094 1.535845
v 1.711669 1.388781 1.535845
v 1.766642 1.713898 1.535845
v 1.793329 1.664786 1.535845
v 1.635870 1.411207 1.912167
v 1.662556 1.362094 1.912167
v 1.793329 1.664786 1.912167
v 1.766642 1.713898 1.912167
v 1.717530 1.687212 1.912167
v 1.766642 1.713898 1.912167
v 1.711669 1.388781 1.912167
v 1.662556 1.362094 1.912167
v 1.717530 1.687212 1.159524
v 1.766642 1.713898 1.159524
v 1.711669 1.388781 1.159524
v 1.662556 1.362094 1.159524
v 1.635870 1.411207 1.159524
v 1.662556 1.362094 1.159524
v 1.793329 1.664786 1.159524
v 1.766642 1.713898 1.159524
vn 1.0000 -0.0000 -0.0000
vn -1.0000 -0.0000 -0.0000
vn 0.9589 -0.2837 -0.0000
vn -0.0000 1.0000 -0.0000
vn -0.9589 0.2837 -0.0000
vn -0.7174 -0.3898 0.5773
vn -0.3898 0.7174 0.5774
vn -0.7174 -0.3898 -0.5773
vn -0.3898 0.7174 -0.5774
vn 0.3898 -0.7174 0.5774
vn 0.7174 0.3898 0.5774
vn 0.3898 -0.7174 -0.5774
vn 0.7174 0.3898 -0.5773
vn -0.8787 -0.4774 -0.0000
vn -0.6781 0.2006 0.7071
vn -0.4774 0.8787 -0.0000
vn -0.6781 0.2006 -0.7071
vn -0.0000 -0.3251 0.9457
vn 0.6781 -0.2006 -0.7071
vn 0.4774 -0.8787 -0.0000
vn 0.8787 0.4774 -0.0000
vn 0.6781 -0.2006 0.7071
vn -0.0000 -0.3435 -0.9391
vt 0.964333 0.777751
vt 0.594641 0.946095
vt 0.964333 0.774535
vt 0.967549 0.777751
vt 0.597857 0.946095
vt 0.929934 0.535798
vt 0.597857 0.922676
vt 0.968430 0.198754
vt 0.953353 0.535798
vt 0.594642 0.922676
vt 0.965214 0.201970
vt 0.965214 0.198754
vt 0.929934 0.651841
vt 0.599330 0.946095
vt 0.967549 0.893794
vt 0.602546 0.946095
vt 0.964333 0.897009
vt 0.964333 0.893794
vt 0.965214 0.082712
vt 0.602546 0.922676
vt 0.965214 0.079496
vt 0.953353 0.651841
vt 0.968430 0.082712
vt 0.599330 0.922676
vt 0.929934 0.527894
vt 0.961118 0.777751
vt 0.594641 0.946095
vt 0.929934 0.531109
vt 0.964333 0.774535
vt 0.964333 0.777751
vt 0.965214 0.198754
vt 0.594641 0.922676
vt 0.953353 0.531109
vt 0.965214 0.201970
vt 0.961998 0.198754
vt 0.953353 0.527894
vt 0.964333 0.893794
vt 0.602546 0.946095
vt 0.964333 0.897009
vt 0.929934 0.408635
vt 0.929934 0.411851
vt 0.961118 0.893794
vt 0.965214 0.082712
vt 0.953353 0.411851
vt 0.961998 0.082712
vt 0.602546 0.922676
vt 0.965214 0.079496
vt 0.953353 0.408635
vt 0.964333 0.835772
vt 0.929934 0.593819
vt 0.967549 0.835772
vt 0.965214 0.140733
vt 0.953353 0.593819
vt 0.968430 0.140733
vt 0.964333 0.835772
vt 0.929934 0.469872
vt 0.961118 0.835772
vt 0.965214 0.140733
vt 0.953353 0.469872
vt 0.961998 0.140733
vt 0.967549 0.805154
vt 0.929934 0.563201
vt 0.964333 0.805154
vt 0.953353 0.500491
vt 0.961998 0.171351
vt 0.965214 0.171351
vt 0.968430 0.171351
vt 0.953353 0.563201
vt 0.965214 0.171351
vt 0.929934 0.500491
vt 0.961118 0.805154
vt 0.964333 0.805154
vt 0.953353 0.624438
vt 0.968430 0.110115
vt 0.965214 0.110115
vt 0.929934 0.439254
vt 0.961118 0.866391
vt 0.964333 0.866391
vt 0.929934 0.624438
vt 0.967549 0.866391
vt 0.964333 0.866391
vt 0.953353 0.439254
vt 0.961998 0.110115
vt 0.965214 0.110115
s 0
f 3447/5016/2704 3435/4992/2704 3467/5048/2704 3473/5057/2704
f 3434/4991/2705 3444/5010/2705 3469/5051/2705 3471/5054/2705
f 3446/5014/2706 3448/5017/2706 3472/5055/2706 3468/5049/2706
f 3459/5036/2705 3465/5045/2705 3440/5003/2705 3426/4974/2705
f 3461/5039/2704 3463/5042/2704 3431/4985/2704 3441/5004/2704
f 3433/4989/2707 3436/4993/2707 3449/5019/2707 3445/5011/2707
f 3455/5029/2706 3457/5032/2706 3460/5037/2706 3464/5043/2706
f 3450/5022/2705 3454/5028/2705 3465/5045/2705 3459/5036/2705
f 3471/5054/2705 3469/5051/2705 3454/5028/2705 3450/5022/2705
f 3439/5000/2707 3442/5005/2707 3430/4983/2707 3427/4975/2707
f 3473/5057/2704 3467/5048/2704 3452/5025/2704 3456/5031/2704
f 3456/5031/2704 3452/5025/2704 3463/5042/2704 3461/5039/2704
f 3468/5049/2706 3472/5055/2706 3457/5032/2706 3455/5029/2706
f 3451/5023/2708 3453/5026/2708 3466/5046/2708 3470/5052/2708
f 3470/5052/2708 3466/5046/2708 3437/4995/2708 3432/4986/2708
f 3464/5043/2706 3460/5037/2706 3443/5009/2706 3438/4998/2706
f 3458/5035/2708 3462/5041/2708 3453/5026/2708 3451/5023/2708
f 3426/4974/2709 3427/4976/2709 3428/4977/2709
f 3429/4981/2710 3430/4984/2710 3431/4985/2710
f 3432/4988/2711 3433/4990/2711 3434/4991/2711
f 3435/4992/2712 3436/4994/2712 3437/4996/2712
f 3438/4999/2713 3439/5002/2713 3440/5003/2713
f 3441/5004/2714 3442/5007/2714 3443/5008/2714
f 3444/5010/2715 3445/5012/2715 3446/5015/2715
f 3447/5016/2716 3448/5018/2716 3449/5020/2716
f 3459/5036/2717 3426/4974/2717 3428/4977/2717 3458/5034/2717
f 3427/4975/2718 3430/4983/2718 3429/4980/2718 3428/4978/2718
f 3467/5048/2719 3435/4992/2719 3437/4996/2719 3466/5047/2719
f 3436/4993/2720 3433/4989/2720 3432/4987/2720 3437/4997/2720
f 3444/5010/2707 3434/4991/2707 3433/4990/2707 3445/5012/2707
f 3435/4992/2721 3447/5016/2721 3449/5020/2721 3436/4994/2721
f 3448/5017/2722 3446/5014/2722 3445/5013/2722 3449/5021/2722
f 3469/5051/2723 3444/5010/2723 3446/5015/2723 3468/5050/2723
f 3461/5039/2724 3441/5004/2724 3443/5008/2724 3460/5038/2724
f 3442/5006/2725 3439/5001/2725 3438/4998/2725 3443/5009/2725
f 3426/4974/2707 3440/5003/2707 3439/5002/2707 3427/4976/2707
f 3441/5004/2726 3431/4985/2726 3430/4984/2726 3442/5007/2726
f 3471/5054/2717 3450/5022/2717 3451/5024/2717 3470/5053/2717
f 3463/5042/2719 3452/5025/2719 3453/5027/2719 3462/5040/2719
f 3465/5045/2723 3454/5028/2723 3455/5030/2723 3464/5044/2723
f 3473/5057/2724 3456/5031/2724 3457/5033/2724 3472/5056/2724
f 3450/5022/2717 3459/5036/2717 3458/5034/2717 3451/5024/2717
f 3456/5031/2724 3461/5039/2724 3460/5038/2724 3457/5033/2724
f 3431/4985/2719 3463/5042/2719 3462/5040/2719 3429/4981/2719
f 3440/5003/2723 3465/5045/2723 3464/5044/2723 3438/4999/2723
f 3452/5025/2719 3467/5048/2719 3466/5047/2719 3453/5027/2719
f 3454/5028/2723 3469/5051/2723 3468/5050/2723 3455/5030/2723
f 3434/4991/2717 3471/5054/2717 3470/5053/2717 3432/4988/2717
f 3447/5016/2724 3473/5057/2724 3472/5056/2724 3448/5018/2724
f 3428/4979/2708 3429/4982/2708 3462/5041/2708 3458/5035/2708
o Walec.023
v 0.650607 3.754668 -0.262654
v 0.694219 3.754668 -0.262654
v 0.650607 3.733987 -0.255126
v 0.694219 3.733987 -0.255126
v 0.650607 3.722982 -0.236066
v 0.694219 3.722982 -0.236066
v 0.650607 3.726804 -0.214392
v 0.694219 3.726804 -0.214392
v 0.650607 3.743664 -0.200244
v 0.694219 3.743664 -0.200244
v 0.650607 3.765673 -0.200244
v 0.694219 3.765673 -0.200244
v 0.650607 3.782533 -0.214392
v 0.694219 3.782533 -0.214392
v 0.650607 3.786355 -0.236066
v 0.694219 3.786355 -0.236066
v 0.650607 3.775350 -0.255126
v 0.694219 3.775350 -0.255126
vn -0.0000 -0.3420 -0.9397
vn -0.0000 -0.8660 -0.5000
vn -0.0000 -0.9848 0.1736
vn -0.0000 -0.6428 0.7660
vn -0.0000 -0.0000 1.0000
vn -0.0000 0.6428 0.7660
vn -0.0000 0.9848 0.1736
vn 1.0000 -0.0000 -0.0000
vn -0.0000 0.8660 -0.5000
vn -0.0000 0.3420 -0.9397
vn -1.0000 -0.0000 -0.0000
vt 0.198147 0.936537
vt 0.202009 0.928149
vt 0.008519 0.929533
vt 0.202009 0.936537
vt 0.198147 0.938031
vt 0.937139 0.108743
vt 0.202009 0.929939
vt 0.202009 0.938031
vt 0.933276 0.108743
vt 0.006755 0.929222
vt 0.937139 0.107250
vt 0.200858 0.931311
vt 0.933276 0.107250
vt 0.005204 0.930117
vt 0.937139 0.105301
vt 0.199094 0.931622
vt 0.933276 0.105301
vt 0.004592 0.931800
vt 0.937139 0.103808
vt 0.631885 0.936483
vt 0.197544 0.930727
vt 0.933276 0.103808
vt 0.628023 0.936483
vt 0.005204 0.933483
vt 0.631885 0.934990
vt 0.196931 0.929044
vt 0.628023 0.934990
vt 0.006755 0.934378
vt 0.631885 0.933040
vt 0.197544 0.927361
vt 0.628023 0.933040
vt 0.008519 0.934067
vt 0.631885 0.931547
vt 0.198147 0.933095
vt 0.199095 0.926466
vt 0.628023 0.931547
vt 0.009670 0.932695
vt 0.202009 0.933095
vt 0.198147 0.934588
vt 0.200858 0.926777
vt 0.009670 0.930905
vt 0.202009 0.934588
s 0
f 3474/5058/2727 3475/5061/2727 3477/5065/2727 3476/5062/2727
f 3476/5063/2728 3477/5066/2728 3479/5070/2728 3478/5068/2728
f 3478/5068/2729 3479/5070/2729 3481/5074/2729 3480/5072/2729
f 3480/5072/2730 3481/5074/2730 3483/5079/2730 3482/5076/2730
f 3482/5077/2731 3483/5080/2731 3485/5084/2731 3484/5082/2731
f 3484/5082/2732 3485/5084/2732 3487/5088/2732 3486/5086/2732
f 3486/5086/2733 3487/5088/2733 3489/5093/2733 3488/5090/2733
f 3477/5067/2734 3475/5060/2734 3491/5098/2734 3489/5094/2734 3487/5089/2734 3485/5085/2734 3483/5081/2734 3481/5075/2734 3479/5071/2734
f 3488/5091/2735 3489/5095/2735 3491/5099/2735 3490/5096/2735
f 3490/5096/2736 3491/5099/2736 3475/5061/2736 3474/5058/2736
f 3474/5059/2737 3476/5064/2737 3478/5069/2737 3480/5073/2737 3482/5078/2737 3484/5083/2737 3486/5087/2737 3488/5092/2737 3490/5097/2737
